{"v":"5.6.6","fr":10,"ip":0,"op":"115","w":1080,"h":2340,"nm":"03","ddd":0,"assets":[{"id":"image_0","w":534,"h":300,"u":"images/","p":"img_0.jpg","e":0},{"id":"image_1","w":534,"h":300,"u":"images/","p":"img_1.jpg","e":0},{"id":"image_2","w":534,"h":300,"u":"images/","p":"img_2.jpg","e":0},{"id":"image_3","w":534,"h":300,"u":"images/","p":"img_3.jpg","e":0},{"id":"image_4","w":534,"h":300,"u":"images/","p":"img_4.jpg","e":0},{"id":"image_5","w":534,"h":300,"u":"images/","p":"img_5.jpg","e":0},{"id":"image_6","w":534,"h":300,"u":"images/","p":"img_6.jpg","e":0},{"id":"image_7","w":534,"h":300,"u":"images/","p":"img_7.jpg","e":0},{"id":"image_8","w":534,"h":300,"u":"images/","p":"img_8.jpg","e":0},{"id":"image_9","w":534,"h":300,"u":"images/","p":"img_9.jpg","e":0},{"id":"image_10","w":534,"h":300,"u":"images/","p":"img_10.jpg","e":0},{"id":"image_11","w":534,"h":300,"u":"images/","p":"img_11.jpg","e":0},{"id":"image_12","w":534,"h":300,"u":"images/","p":"img_12.jpg","e":0},{"id":"image_13","w":534,"h":300,"u":"images/","p":"img_13.jpg","e":0},{"id":"image_14","w":534,"h":300,"u":"images/","p":"img_14.jpg","e":0},{"id":"image_15","w":534,"h":300,"u":"images/","p":"img_15.jpg","e":0},{"id":"image_16","w":534,"h":300,"u":"images/","p":"img_16.jpg","e":0},{"id":"image_17","w":534,"h":300,"u":"images/","p":"img_17.jpg","e":0},{"id":"image_18","w":534,"h":300,"u":"images/","p":"img_18.jpg","e":0},{"id":"image_19","w":534,"h":300,"u":"images/","p":"img_19.jpg","e":0},{"id":"image_20","w":534,"h":300,"u":"images/","p":"img_20.jpg","e":0},{"id":"image_21","w":534,"h":300,"u":"images/","p":"img_21.jpg","e":0},{"id":"image_22","w":534,"h":300,"u":"images/","p":"img_22.jpg","e":0},{"id":"image_23","w":534,"h":300,"u":"images/","p":"img_23.jpg","e":0},{"id":"image_24","w":534,"h":300,"u":"images/","p":"img_24.jpg","e":0},{"id":"image_25","w":534,"h":300,"u":"images/","p":"img_25.jpg","e":0},{"id":"image_26","w":534,"h":300,"u":"images/","p":"img_26.jpg","e":0},{"id":"image_27","w":534,"h":300,"u":"images/","p":"img_27.jpg","e":0},{"id":"image_28","w":534,"h":300,"u":"images/","p":"img_28.jpg","e":0},{"id":"image_29","w":534,"h":300,"u":"images/","p":"img_29.jpg","e":0},{"id":"image_30","w":534,"h":300,"u":"images/","p":"img_30.jpg","e":0},{"id":"image_31","w":534,"h":300,"u":"images/","p":"img_31.jpg","e":0},{"id":"image_32","w":534,"h":300,"u":"images/","p":"img_32.jpg","e":0},{"id":"image_33","w":534,"h":300,"u":"images/","p":"img_33.jpg","e":0},{"id":"image_34","w":534,"h":300,"u":"images/","p":"img_34.jpg","e":0},{"id":"image_35","w":534,"h":300,"u":"images/","p":"img_35.jpg","e":0},{"id":"image_36","w":534,"h":300,"u":"images/","p":"img_36.jpg","e":0},{"id":"image_37","w":534,"h":300,"u":"images/","p":"img_37.jpg","e":0},{"id":"image_38","w":534,"h":300,"u":"images/","p":"img_38.jpg","e":0},{"id":"image_39","w":534,"h":300,"u":"images/","p":"img_39.jpg","e":0},{"id":"image_40","w":534,"h":300,"u":"images/","p":"img_40.jpg","e":0},{"id":"image_41","w":534,"h":300,"u":"images/","p":"img_41.jpg","e":0},{"id":"image_42","w":534,"h":300,"u":"images/","p":"img_42.jpg","e":0},{"id":"image_43","w":534,"h":300,"u":"images/","p":"img_43.jpg","e":0},{"id":"image_44","w":534,"h":300,"u":"images/","p":"img_44.jpg","e":0},{"id":"image_45","w":534,"h":300,"u":"images/","p":"img_45.jpg","e":0},{"id":"image_46","w":534,"h":300,"u":"images/","p":"img_46.jpg","e":0},{"id":"image_47","w":534,"h":300,"u":"images/","p":"img_47.jpg","e":0},{"id":"image_48","w":534,"h":300,"u":"images/","p":"img_48.jpg","e":0},{"id":"image_49","w":534,"h":300,"u":"images/","p":"img_49.jpg","e":0},{"id":"image_50","w":534,"h":300,"u":"images/","p":"img_50.jpg","e":0},{"id":"image_51","w":534,"h":300,"u":"images/","p":"img_51.jpg","e":0},{"id":"image_52","w":534,"h":300,"u":"images/","p":"img_52.jpg","e":0},{"id":"image_53","w":534,"h":300,"u":"images/","p":"img_53.jpg","e":0},{"id":"image_54","w":534,"h":300,"u":"images/","p":"img_54.jpg","e":0},{"id":"image_55","w":534,"h":300,"u":"images/","p":"img_55.jpg","e":0},{"id":"image_56","w":534,"h":300,"u":"images/","p":"img_56.jpg","e":0},{"id":"image_57","w":534,"h":300,"u":"images/","p":"img_57.jpg","e":0},{"id":"image_58","w":534,"h":300,"u":"images/","p":"img_58.jpg","e":0},{"id":"image_59","w":534,"h":300,"u":"images/","p":"img_59.jpg","e":0},{"id":"image_60","w":534,"h":300,"u":"images/","p":"img_60.jpg","e":0},{"id":"image_61","w":534,"h":300,"u":"images/","p":"img_61.jpg","e":0},{"id":"image_62","w":534,"h":300,"u":"images/","p":"img_62.jpg","e":0},{"id":"image_63","w":534,"h":300,"u":"images/","p":"img_63.jpg","e":0},{"id":"image_64","w":534,"h":300,"u":"images/","p":"img_64.jpg","e":0},{"id":"image_65","w":534,"h":300,"u":"images/","p":"img_65.jpg","e":0},{"id":"image_66","w":534,"h":300,"u":"images/","p":"img_66.jpg","e":0},{"id":"image_67","w":534,"h":300,"u":"images/","p":"img_67.jpg","e":0},{"id":"image_68","w":534,"h":300,"u":"images/","p":"img_68.jpg","e":0},{"id":"image_69","w":534,"h":300,"u":"images/","p":"img_69.jpg","e":0},{"id":"image_70","w":534,"h":300,"u":"images/","p":"img_70.jpg","e":0},{"id":"image_71","w":534,"h":300,"u":"images/","p":"img_71.jpg","e":0},{"id":"image_72","w":534,"h":300,"u":"images/","p":"img_72.jpg","e":0},{"id":"image_73","w":534,"h":300,"u":"images/","p":"img_73.jpg","e":0},{"id":"image_74","w":534,"h":300,"u":"images/","p":"img_74.jpg","e":0},{"id":"image_75","w":534,"h":300,"u":"images/","p":"img_75.jpg","e":0},{"id":"image_76","w":534,"h":300,"u":"images/","p":"img_76.jpg","e":0},{"id":"image_77","w":534,"h":300,"u":"images/","p":"img_77.jpg","e":0},{"id":"image_78","w":534,"h":300,"u":"images/","p":"img_78.jpg","e":0},{"id":"image_79","w":534,"h":300,"u":"images/","p":"img_79.jpg","e":0},{"id":"image_80","w":534,"h":300,"u":"images/","p":"img_80.jpg","e":0},{"id":"image_81","w":534,"h":300,"u":"images/","p":"img_81.jpg","e":0},{"id":"image_82","w":534,"h":300,"u":"images/","p":"img_82.jpg","e":0},{"id":"image_83","w":534,"h":300,"u":"images/","p":"img_83.jpg","e":0},{"id":"image_84","w":534,"h":300,"u":"images/","p":"img_84.jpg","e":0},{"id":"image_85","w":534,"h":300,"u":"images/","p":"img_85.jpg","e":0},{"id":"image_86","w":534,"h":300,"u":"images/","p":"img_86.jpg","e":0},{"id":"image_87","w":534,"h":300,"u":"images/","p":"img_87.jpg","e":0},{"id":"image_88","w":534,"h":300,"u":"images/","p":"img_88.jpg","e":0},{"id":"image_89","w":534,"h":300,"u":"images/","p":"img_89.jpg","e":0},{"id":"image_90","w":534,"h":300,"u":"images/","p":"img_90.jpg","e":0},{"id":"image_91","w":534,"h":300,"u":"images/","p":"img_91.jpg","e":0},{"id":"image_92","w":534,"h":300,"u":"images/","p":"img_92.jpg","e":0},{"id":"image_93","w":534,"h":300,"u":"images/","p":"img_93.jpg","e":0},{"id":"image_94","w":534,"h":300,"u":"images/","p":"img_94.jpg","e":0},{"id":"image_95","w":534,"h":300,"u":"images/","p":"img_95.jpg","e":0},{"id":"image_96","w":534,"h":300,"u":"images/","p":"img_96.jpg","e":0},{"id":"image_97","w":534,"h":300,"u":"images/","p":"img_97.jpg","e":0},{"id":"image_98","w":534,"h":300,"u":"images/","p":"img_98.jpg","e":0},{"id":"image_99","w":534,"h":300,"u":"images/","p":"img_99.jpg","e":0},{"id":"image_100","w":534,"h":300,"u":"images/","p":"img_100.jpg","e":0},{"id":"image_101","w":534,"h":300,"u":"images/","p":"img_101.jpg","e":0},{"id":"image_102","w":534,"h":300,"u":"images/","p":"img_102.jpg","e":0},{"id":"image_103","w":534,"h":300,"u":"images/","p":"img_103.jpg","e":0},{"id":"image_104","w":534,"h":300,"u":"images/","p":"img_104.jpg","e":0},{"id":"image_105","w":534,"h":300,"u":"images/","p":"img_105.jpg","e":0},{"id":"image_106","w":534,"h":300,"u":"images/","p":"img_106.jpg","e":0},{"id":"image_107","w":534,"h":300,"u":"images/","p":"img_107.jpg","e":0},{"id":"image_108","w":534,"h":300,"u":"images/","p":"img_108.jpg","e":0},{"id":"image_109","w":534,"h":300,"u":"images/","p":"img_109.jpg","e":0},{"id":"image_110","w":534,"h":300,"u":"images/","p":"img_110.jpg","e":0},{"id":"image_111","w":534,"h":300,"u":"images/","p":"img_111.jpg","e":0},{"id":"image_112","w":534,"h":300,"u":"images/","p":"img_112.jpg","e":0},{"id":"image_113","w":534,"h":300,"u":"images/","p":"img_113.jpg","e":0},{"id":"image_114","w":534,"h":300,"u":"images/","p":"img_114.jpg","e":0},{"id":"image_115","w":1080,"h":2340,"u":"images/","p":"02.png","e":0},{"id":"comp_0","layers":[{"ddd":0,"ind":1,"ty":2,"nm":"img_0.jpg","cl":"jpg","refId":"image_0","sr":1,"ks":{"o":{"a":0,"k":100,"ix":11},"r":{"a":0,"k":0,"ix":10},"p":{"a":0,"k":[267,150,0],"ix":2},"a":{"a":0,"k":[267,150,0],"ix":1},"s":{"a":0,"k":[100,100,100],"ix":6}},"ao":0,"ip":0,"op":1,"st":0,"bm":0},{"ddd":0,"ind":2,"ty":2,"nm":"img_1.jpg","cl":"jpg","refId":"image_1","sr":1,"ks":{"o":{"a":0,"k":100,"ix":11},"r":{"a":0,"k":0,"ix":10},"p":{"a":0,"k":[267,150,0],"ix":2},"a":{"a":0,"k":[267,150,0],"ix":1},"s":{"a":0,"k":[100,100,100],"ix":6}},"ao":0,"ip":1,"op":2,"st":1,"bm":0},{"ddd":0,"ind":3,"ty":2,"nm":"img_2.jpg","cl":"jpg","refId":"image_2","sr":1,"ks":{"o":{"a":0,"k":100,"ix":11},"r":{"a":0,"k":0,"ix":10},"p":{"a":0,"k":[267,150,0],"ix":2},"a":{"a":0,"k":[267,150,0],"ix":1},"s":{"a":0,"k":[100,100,100],"ix":6}},"ao":0,"ip":2,"op":3,"st":2,"bm":0},{"ddd":0,"ind":4,"ty":2,"nm":"img_3.jpg","cl":"jpg","refId":"image_3","sr":1,"ks":{"o":{"a":0,"k":100,"ix":11},"r":{"a":0,"k":0,"ix":10},"p":{"a":0,"k":[267,150,0],"ix":2},"a":{"a":0,"k":[267,150,0],"ix":1},"s":{"a":0,"k":[100,100,100],"ix":6}},"ao":0,"ip":3,"op":4,"st":3,"bm":0},{"ddd":0,"ind":5,"ty":2,"nm":"img_4.jpg","cl":"jpg","refId":"image_4","sr":1,"ks":{"o":{"a":0,"k":100,"ix":11},"r":{"a":0,"k":0,"ix":10},"p":{"a":0,"k":[267,150,0],"ix":2},"a":{"a":0,"k":[267,150,0],"ix":1},"s":{"a":0,"k":[100,100,100],"ix":6}},"ao":0,"ip":4,"op":5,"st":4,"bm":0},{"ddd":0,"ind":6,"ty":2,"nm":"img_5.jpg","cl":"jpg","refId":"image_5","sr":1,"ks":{"o":{"a":0,"k":100,"ix":11},"r":{"a":0,"k":0,"ix":10},"p":{"a":0,"k":[267,150,0],"ix":2},"a":{"a":0,"k":[267,150,0],"ix":1},"s":{"a":0,"k":[100,100,100],"ix":6}},"ao":0,"ip":5,"op":6,"st":5,"bm":0},{"ddd":0,"ind":7,"ty":2,"nm":"img_6.jpg","cl":"jpg","refId":"image_6","sr":1,"ks":{"o":{"a":0,"k":100,"ix":11},"r":{"a":0,"k":0,"ix":10},"p":{"a":0,"k":[267,150,0],"ix":2},"a":{"a":0,"k":[267,150,0],"ix":1},"s":{"a":0,"k":[100,100,100],"ix":6}},"ao":0,"ip":6,"op":7,"st":6,"bm":0},{"ddd":0,"ind":8,"ty":2,"nm":"img_7.jpg","cl":"jpg","refId":"image_7","sr":1,"ks":{"o":{"a":0,"k":100,"ix":11},"r":{"a":0,"k":0,"ix":10},"p":{"a":0,"k":[267,150,0],"ix":2},"a":{"a":0,"k":[267,150,0],"ix":1},"s":{"a":0,"k":[100,100,100],"ix":6}},"ao":0,"ip":7,"op":8,"st":7,"bm":0},{"ddd":0,"ind":9,"ty":2,"nm":"img_8.jpg","cl":"jpg","refId":"image_8","sr":1,"ks":{"o":{"a":0,"k":100,"ix":11},"r":{"a":0,"k":0,"ix":10},"p":{"a":0,"k":[267,150,0],"ix":2},"a":{"a":0,"k":[267,150,0],"ix":1},"s":{"a":0,"k":[100,100,100],"ix":6}},"ao":0,"ip":8,"op":9,"st":8,"bm":0},{"ddd":0,"ind":10,"ty":2,"nm":"img_9.jpg","cl":"jpg","refId":"image_9","sr":1,"ks":{"o":{"a":0,"k":100,"ix":11},"r":{"a":0,"k":0,"ix":10},"p":{"a":0,"k":[267,150,0],"ix":2},"a":{"a":0,"k":[267,150,0],"ix":1},"s":{"a":0,"k":[100,100,100],"ix":6}},"ao":0,"ip":9,"op":10,"st":9,"bm":0},{"ddd":0,"ind":11,"ty":2,"nm":"img_10.jpg","cl":"jpg","refId":"image_10","sr":1,"ks":{"o":{"a":0,"k":100,"ix":11},"r":{"a":0,"k":0,"ix":10},"p":{"a":0,"k":[267,150,0],"ix":2},"a":{"a":0,"k":[267,150,0],"ix":1},"s":{"a":0,"k":[100,100,100],"ix":6}},"ao":0,"ip":10,"op":11,"st":10,"bm":0},{"ddd":0,"ind":12,"ty":2,"nm":"img_11.jpg","cl":"jpg","refId":"image_11","sr":1,"ks":{"o":{"a":0,"k":100,"ix":11},"r":{"a":0,"k":0,"ix":10},"p":{"a":0,"k":[267,150,0],"ix":2},"a":{"a":0,"k":[267,150,0],"ix":1},"s":{"a":0,"k":[100,100,100],"ix":6}},"ao":0,"ip":11,"op":12,"st":11,"bm":0},{"ddd":0,"ind":13,"ty":2,"nm":"img_12.jpg","cl":"jpg","refId":"image_12","sr":1,"ks":{"o":{"a":0,"k":100,"ix":11},"r":{"a":0,"k":0,"ix":10},"p":{"a":0,"k":[267,150,0],"ix":2},"a":{"a":0,"k":[267,150,0],"ix":1},"s":{"a":0,"k":[100,100,100],"ix":6}},"ao":0,"ip":12,"op":13,"st":12,"bm":0},{"ddd":0,"ind":14,"ty":2,"nm":"img_13.jpg","cl":"jpg","refId":"image_13","sr":1,"ks":{"o":{"a":0,"k":100,"ix":11},"r":{"a":0,"k":0,"ix":10},"p":{"a":0,"k":[267,150,0],"ix":2},"a":{"a":0,"k":[267,150,0],"ix":1},"s":{"a":0,"k":[100,100,100],"ix":6}},"ao":0,"ip":13,"op":14,"st":13,"bm":0},{"ddd":0,"ind":15,"ty":2,"nm":"img_14.jpg","cl":"jpg","refId":"image_14","sr":1,"ks":{"o":{"a":0,"k":100,"ix":11},"r":{"a":0,"k":0,"ix":10},"p":{"a":0,"k":[267,150,0],"ix":2},"a":{"a":0,"k":[267,150,0],"ix":1},"s":{"a":0,"k":[100,100,100],"ix":6}},"ao":0,"ip":14,"op":15,"st":14,"bm":0},{"ddd":0,"ind":16,"ty":2,"nm":"img_15.jpg","cl":"jpg","refId":"image_15","sr":1,"ks":{"o":{"a":0,"k":100,"ix":11},"r":{"a":0,"k":0,"ix":10},"p":{"a":0,"k":[267,150,0],"ix":2},"a":{"a":0,"k":[267,150,0],"ix":1},"s":{"a":0,"k":[100,100,100],"ix":6}},"ao":0,"ip":15,"op":16,"st":15,"bm":0},{"ddd":0,"ind":17,"ty":2,"nm":"img_16.jpg","cl":"jpg","refId":"image_16","sr":1,"ks":{"o":{"a":0,"k":100,"ix":11},"r":{"a":0,"k":0,"ix":10},"p":{"a":0,"k":[267,150,0],"ix":2},"a":{"a":0,"k":[267,150,0],"ix":1},"s":{"a":0,"k":[100,100,100],"ix":6}},"ao":0,"ip":16,"op":17,"st":16,"bm":0},{"ddd":0,"ind":18,"ty":2,"nm":"img_17.jpg","cl":"jpg","refId":"image_17","sr":1,"ks":{"o":{"a":0,"k":100,"ix":11},"r":{"a":0,"k":0,"ix":10},"p":{"a":0,"k":[267,150,0],"ix":2},"a":{"a":0,"k":[267,150,0],"ix":1},"s":{"a":0,"k":[100,100,100],"ix":6}},"ao":0,"ip":17,"op":18,"st":17,"bm":0},{"ddd":0,"ind":19,"ty":2,"nm":"img_18.jpg","cl":"jpg","refId":"image_18","sr":1,"ks":{"o":{"a":0,"k":100,"ix":11},"r":{"a":0,"k":0,"ix":10},"p":{"a":0,"k":[267,150,0],"ix":2},"a":{"a":0,"k":[267,150,0],"ix":1},"s":{"a":0,"k":[100,100,100],"ix":6}},"ao":0,"ip":18,"op":19,"st":18,"bm":0},{"ddd":0,"ind":20,"ty":2,"nm":"img_19.jpg","cl":"jpg","refId":"image_19","sr":1,"ks":{"o":{"a":0,"k":100,"ix":11},"r":{"a":0,"k":0,"ix":10},"p":{"a":0,"k":[267,150,0],"ix":2},"a":{"a":0,"k":[267,150,0],"ix":1},"s":{"a":0,"k":[100,100,100],"ix":6}},"ao":0,"ip":19,"op":20,"st":19,"bm":0},{"ddd":0,"ind":21,"ty":2,"nm":"img_20.jpg","cl":"jpg","refId":"image_20","sr":1,"ks":{"o":{"a":0,"k":100,"ix":11},"r":{"a":0,"k":0,"ix":10},"p":{"a":0,"k":[267,150,0],"ix":2},"a":{"a":0,"k":[267,150,0],"ix":1},"s":{"a":0,"k":[100,100,100],"ix":6}},"ao":0,"ip":20,"op":21,"st":20,"bm":0},{"ddd":0,"ind":22,"ty":2,"nm":"img_21.jpg","cl":"jpg","refId":"image_21","sr":1,"ks":{"o":{"a":0,"k":100,"ix":11},"r":{"a":0,"k":0,"ix":10},"p":{"a":0,"k":[267,150,0],"ix":2},"a":{"a":0,"k":[267,150,0],"ix":1},"s":{"a":0,"k":[100,100,100],"ix":6}},"ao":0,"ip":21,"op":22,"st":21,"bm":0},{"ddd":0,"ind":23,"ty":2,"nm":"img_22.jpg","cl":"jpg","refId":"image_22","sr":1,"ks":{"o":{"a":0,"k":100,"ix":11},"r":{"a":0,"k":0,"ix":10},"p":{"a":0,"k":[267,150,0],"ix":2},"a":{"a":0,"k":[267,150,0],"ix":1},"s":{"a":0,"k":[100,100,100],"ix":6}},"ao":0,"ip":22,"op":23,"st":22,"bm":0},{"ddd":0,"ind":24,"ty":2,"nm":"img_23.jpg","cl":"jpg","refId":"image_23","sr":1,"ks":{"o":{"a":0,"k":100,"ix":11},"r":{"a":0,"k":0,"ix":10},"p":{"a":0,"k":[267,150,0],"ix":2},"a":{"a":0,"k":[267,150,0],"ix":1},"s":{"a":0,"k":[100,100,100],"ix":6}},"ao":0,"ip":23,"op":24,"st":23,"bm":0},{"ddd":0,"ind":25,"ty":2,"nm":"img_24.jpg","cl":"jpg","refId":"image_24","sr":1,"ks":{"o":{"a":0,"k":100,"ix":11},"r":{"a":0,"k":0,"ix":10},"p":{"a":0,"k":[267,150,0],"ix":2},"a":{"a":0,"k":[267,150,0],"ix":1},"s":{"a":0,"k":[100,100,100],"ix":6}},"ao":0,"ip":24,"op":25,"st":24,"bm":0},{"ddd":0,"ind":26,"ty":2,"nm":"img_25.jpg","cl":"jpg","refId":"image_25","sr":1,"ks":{"o":{"a":0,"k":100,"ix":11},"r":{"a":0,"k":0,"ix":10},"p":{"a":0,"k":[267,150,0],"ix":2},"a":{"a":0,"k":[267,150,0],"ix":1},"s":{"a":0,"k":[100,100,100],"ix":6}},"ao":0,"ip":25,"op":26,"st":25,"bm":0},{"ddd":0,"ind":27,"ty":2,"nm":"img_26.jpg","cl":"jpg","refId":"image_26","sr":1,"ks":{"o":{"a":0,"k":100,"ix":11},"r":{"a":0,"k":0,"ix":10},"p":{"a":0,"k":[267,150,0],"ix":2},"a":{"a":0,"k":[267,150,0],"ix":1},"s":{"a":0,"k":[100,100,100],"ix":6}},"ao":0,"ip":26,"op":27,"st":26,"bm":0},{"ddd":0,"ind":28,"ty":2,"nm":"img_27.jpg","cl":"jpg","refId":"image_27","sr":1,"ks":{"o":{"a":0,"k":100,"ix":11},"r":{"a":0,"k":0,"ix":10},"p":{"a":0,"k":[267,150,0],"ix":2},"a":{"a":0,"k":[267,150,0],"ix":1},"s":{"a":0,"k":[100,100,100],"ix":6}},"ao":0,"ip":27,"op":28,"st":27,"bm":0},{"ddd":0,"ind":29,"ty":2,"nm":"img_28.jpg","cl":"jpg","refId":"image_28","sr":1,"ks":{"o":{"a":0,"k":100,"ix":11},"r":{"a":0,"k":0,"ix":10},"p":{"a":0,"k":[267,150,0],"ix":2},"a":{"a":0,"k":[267,150,0],"ix":1},"s":{"a":0,"k":[100,100,100],"ix":6}},"ao":0,"ip":28,"op":29,"st":28,"bm":0},{"ddd":0,"ind":30,"ty":2,"nm":"img_29.jpg","cl":"jpg","refId":"image_29","sr":1,"ks":{"o":{"a":0,"k":100,"ix":11},"r":{"a":0,"k":0,"ix":10},"p":{"a":0,"k":[267,150,0],"ix":2},"a":{"a":0,"k":[267,150,0],"ix":1},"s":{"a":0,"k":[100,100,100],"ix":6}},"ao":0,"ip":29,"op":30,"st":29,"bm":0},{"ddd":0,"ind":31,"ty":2,"nm":"img_30.jpg","cl":"jpg","refId":"image_30","sr":1,"ks":{"o":{"a":0,"k":100,"ix":11},"r":{"a":0,"k":0,"ix":10},"p":{"a":0,"k":[267,150,0],"ix":2},"a":{"a":0,"k":[267,150,0],"ix":1},"s":{"a":0,"k":[100,100,100],"ix":6}},"ao":0,"ip":30,"op":31,"st":30,"bm":0},{"ddd":0,"ind":32,"ty":2,"nm":"img_31.jpg","cl":"jpg","refId":"image_31","sr":1,"ks":{"o":{"a":0,"k":100,"ix":11},"r":{"a":0,"k":0,"ix":10},"p":{"a":0,"k":[267,150,0],"ix":2},"a":{"a":0,"k":[267,150,0],"ix":1},"s":{"a":0,"k":[100,100,100],"ix":6}},"ao":0,"ip":31,"op":32,"st":31,"bm":0},{"ddd":0,"ind":33,"ty":2,"nm":"img_32.jpg","cl":"jpg","refId":"image_32","sr":1,"ks":{"o":{"a":0,"k":100,"ix":11},"r":{"a":0,"k":0,"ix":10},"p":{"a":0,"k":[267,150,0],"ix":2},"a":{"a":0,"k":[267,150,0],"ix":1},"s":{"a":0,"k":[100,100,100],"ix":6}},"ao":0,"ip":32,"op":33,"st":32,"bm":0},{"ddd":0,"ind":34,"ty":2,"nm":"img_33.jpg","cl":"jpg","refId":"image_33","sr":1,"ks":{"o":{"a":0,"k":100,"ix":11},"r":{"a":0,"k":0,"ix":10},"p":{"a":0,"k":[267,150,0],"ix":2},"a":{"a":0,"k":[267,150,0],"ix":1},"s":{"a":0,"k":[100,100,100],"ix":6}},"ao":0,"ip":33,"op":34,"st":33,"bm":0},{"ddd":0,"ind":35,"ty":2,"nm":"img_34.jpg","cl":"jpg","refId":"image_34","sr":1,"ks":{"o":{"a":0,"k":100,"ix":11},"r":{"a":0,"k":0,"ix":10},"p":{"a":0,"k":[267,150,0],"ix":2},"a":{"a":0,"k":[267,150,0],"ix":1},"s":{"a":0,"k":[100,100,100],"ix":6}},"ao":0,"ip":34,"op":35,"st":34,"bm":0},{"ddd":0,"ind":36,"ty":2,"nm":"img_35.jpg","cl":"jpg","refId":"image_35","sr":1,"ks":{"o":{"a":0,"k":100,"ix":11},"r":{"a":0,"k":0,"ix":10},"p":{"a":0,"k":[267,150,0],"ix":2},"a":{"a":0,"k":[267,150,0],"ix":1},"s":{"a":0,"k":[100,100,100],"ix":6}},"ao":0,"ip":35,"op":36,"st":35,"bm":0},{"ddd":0,"ind":37,"ty":2,"nm":"img_36.jpg","cl":"jpg","refId":"image_36","sr":1,"ks":{"o":{"a":0,"k":100,"ix":11},"r":{"a":0,"k":0,"ix":10},"p":{"a":0,"k":[267,150,0],"ix":2},"a":{"a":0,"k":[267,150,0],"ix":1},"s":{"a":0,"k":[100,100,100],"ix":6}},"ao":0,"ip":36,"op":37,"st":36,"bm":0},{"ddd":0,"ind":38,"ty":2,"nm":"img_37.jpg","cl":"jpg","refId":"image_37","sr":1,"ks":{"o":{"a":0,"k":100,"ix":11},"r":{"a":0,"k":0,"ix":10},"p":{"a":0,"k":[267,150,0],"ix":2},"a":{"a":0,"k":[267,150,0],"ix":1},"s":{"a":0,"k":[100,100,100],"ix":6}},"ao":0,"ip":37,"op":38,"st":37,"bm":0},{"ddd":0,"ind":39,"ty":2,"nm":"img_38.jpg","cl":"jpg","refId":"image_38","sr":1,"ks":{"o":{"a":0,"k":100,"ix":11},"r":{"a":0,"k":0,"ix":10},"p":{"a":0,"k":[267,150,0],"ix":2},"a":{"a":0,"k":[267,150,0],"ix":1},"s":{"a":0,"k":[100,100,100],"ix":6}},"ao":0,"ip":38,"op":39,"st":38,"bm":0},{"ddd":0,"ind":40,"ty":2,"nm":"img_39.jpg","cl":"jpg","refId":"image_39","sr":1,"ks":{"o":{"a":0,"k":100,"ix":11},"r":{"a":0,"k":0,"ix":10},"p":{"a":0,"k":[267,150,0],"ix":2},"a":{"a":0,"k":[267,150,0],"ix":1},"s":{"a":0,"k":[100,100,100],"ix":6}},"ao":0,"ip":39,"op":40,"st":39,"bm":0},{"ddd":0,"ind":41,"ty":2,"nm":"img_40.jpg","cl":"jpg","refId":"image_40","sr":1,"ks":{"o":{"a":0,"k":100,"ix":11},"r":{"a":0,"k":0,"ix":10},"p":{"a":0,"k":[267,150,0],"ix":2},"a":{"a":0,"k":[267,150,0],"ix":1},"s":{"a":0,"k":[100,100,100],"ix":6}},"ao":0,"ip":40,"op":41,"st":40,"bm":0},{"ddd":0,"ind":42,"ty":2,"nm":"img_41.jpg","cl":"jpg","refId":"image_41","sr":1,"ks":{"o":{"a":0,"k":100,"ix":11},"r":{"a":0,"k":0,"ix":10},"p":{"a":0,"k":[267,150,0],"ix":2},"a":{"a":0,"k":[267,150,0],"ix":1},"s":{"a":0,"k":[100,100,100],"ix":6}},"ao":0,"ip":41,"op":42,"st":41,"bm":0},{"ddd":0,"ind":43,"ty":2,"nm":"img_42.jpg","cl":"jpg","refId":"image_42","sr":1,"ks":{"o":{"a":0,"k":100,"ix":11},"r":{"a":0,"k":0,"ix":10},"p":{"a":0,"k":[267,150,0],"ix":2},"a":{"a":0,"k":[267,150,0],"ix":1},"s":{"a":0,"k":[100,100,100],"ix":6}},"ao":0,"ip":42,"op":43,"st":42,"bm":0},{"ddd":0,"ind":44,"ty":2,"nm":"img_43.jpg","cl":"jpg","refId":"image_43","sr":1,"ks":{"o":{"a":0,"k":100,"ix":11},"r":{"a":0,"k":0,"ix":10},"p":{"a":0,"k":[267,150,0],"ix":2},"a":{"a":0,"k":[267,150,0],"ix":1},"s":{"a":0,"k":[100,100,100],"ix":6}},"ao":0,"ip":43,"op":44,"st":43,"bm":0},{"ddd":0,"ind":45,"ty":2,"nm":"img_44.jpg","cl":"jpg","refId":"image_44","sr":1,"ks":{"o":{"a":0,"k":100,"ix":11},"r":{"a":0,"k":0,"ix":10},"p":{"a":0,"k":[267,150,0],"ix":2},"a":{"a":0,"k":[267,150,0],"ix":1},"s":{"a":0,"k":[100,100,100],"ix":6}},"ao":0,"ip":44,"op":45,"st":44,"bm":0},{"ddd":0,"ind":46,"ty":2,"nm":"img_45.jpg","cl":"jpg","refId":"image_45","sr":1,"ks":{"o":{"a":0,"k":100,"ix":11},"r":{"a":0,"k":0,"ix":10},"p":{"a":0,"k":[267,150,0],"ix":2},"a":{"a":0,"k":[267,150,0],"ix":1},"s":{"a":0,"k":[100,100,100],"ix":6}},"ao":0,"ip":45,"op":46,"st":45,"bm":0},{"ddd":0,"ind":47,"ty":2,"nm":"img_46.jpg","cl":"jpg","refId":"image_46","sr":1,"ks":{"o":{"a":0,"k":100,"ix":11},"r":{"a":0,"k":0,"ix":10},"p":{"a":0,"k":[267,150,0],"ix":2},"a":{"a":0,"k":[267,150,0],"ix":1},"s":{"a":0,"k":[100,100,100],"ix":6}},"ao":0,"ip":46,"op":47,"st":46,"bm":0},{"ddd":0,"ind":48,"ty":2,"nm":"img_47.jpg","cl":"jpg","refId":"image_47","sr":1,"ks":{"o":{"a":0,"k":100,"ix":11},"r":{"a":0,"k":0,"ix":10},"p":{"a":0,"k":[267,150,0],"ix":2},"a":{"a":0,"k":[267,150,0],"ix":1},"s":{"a":0,"k":[100,100,100],"ix":6}},"ao":0,"ip":47,"op":48,"st":47,"bm":0},{"ddd":0,"ind":49,"ty":2,"nm":"img_48.jpg","cl":"jpg","refId":"image_48","sr":1,"ks":{"o":{"a":0,"k":100,"ix":11},"r":{"a":0,"k":0,"ix":10},"p":{"a":0,"k":[267,150,0],"ix":2},"a":{"a":0,"k":[267,150,0],"ix":1},"s":{"a":0,"k":[100,100,100],"ix":6}},"ao":0,"ip":48,"op":49,"st":48,"bm":0},{"ddd":0,"ind":50,"ty":2,"nm":"img_49.jpg","cl":"jpg","refId":"image_49","sr":1,"ks":{"o":{"a":0,"k":100,"ix":11},"r":{"a":0,"k":0,"ix":10},"p":{"a":0,"k":[267,150,0],"ix":2},"a":{"a":0,"k":[267,150,0],"ix":1},"s":{"a":0,"k":[100,100,100],"ix":6}},"ao":0,"ip":49,"op":50,"st":49,"bm":0},{"ddd":0,"ind":51,"ty":2,"nm":"img_50.jpg","cl":"jpg","refId":"image_50","sr":1,"ks":{"o":{"a":0,"k":100,"ix":11},"r":{"a":0,"k":0,"ix":10},"p":{"a":0,"k":[267,150,0],"ix":2},"a":{"a":0,"k":[267,150,0],"ix":1},"s":{"a":0,"k":[100,100,100],"ix":6}},"ao":0,"ip":50,"op":51,"st":50,"bm":0},{"ddd":0,"ind":52,"ty":2,"nm":"img_51.jpg","cl":"jpg","refId":"image_51","sr":1,"ks":{"o":{"a":0,"k":100,"ix":11},"r":{"a":0,"k":0,"ix":10},"p":{"a":0,"k":[267,150,0],"ix":2},"a":{"a":0,"k":[267,150,0],"ix":1},"s":{"a":0,"k":[100,100,100],"ix":6}},"ao":0,"ip":51,"op":52,"st":51,"bm":0},{"ddd":0,"ind":53,"ty":2,"nm":"img_52.jpg","cl":"jpg","refId":"image_52","sr":1,"ks":{"o":{"a":0,"k":100,"ix":11},"r":{"a":0,"k":0,"ix":10},"p":{"a":0,"k":[267,150,0],"ix":2},"a":{"a":0,"k":[267,150,0],"ix":1},"s":{"a":0,"k":[100,100,100],"ix":6}},"ao":0,"ip":52,"op":53,"st":52,"bm":0},{"ddd":0,"ind":54,"ty":2,"nm":"img_53.jpg","cl":"jpg","refId":"image_53","sr":1,"ks":{"o":{"a":0,"k":100,"ix":11},"r":{"a":0,"k":0,"ix":10},"p":{"a":0,"k":[267,150,0],"ix":2},"a":{"a":0,"k":[267,150,0],"ix":1},"s":{"a":0,"k":[100,100,100],"ix":6}},"ao":0,"ip":53,"op":54,"st":53,"bm":0},{"ddd":0,"ind":55,"ty":2,"nm":"img_54.jpg","cl":"jpg","refId":"image_54","sr":1,"ks":{"o":{"a":0,"k":100,"ix":11},"r":{"a":0,"k":0,"ix":10},"p":{"a":0,"k":[267,150,0],"ix":2},"a":{"a":0,"k":[267,150,0],"ix":1},"s":{"a":0,"k":[100,100,100],"ix":6}},"ao":0,"ip":54,"op":55,"st":54,"bm":0},{"ddd":0,"ind":56,"ty":2,"nm":"img_55.jpg","cl":"jpg","refId":"image_55","sr":1,"ks":{"o":{"a":0,"k":100,"ix":11},"r":{"a":0,"k":0,"ix":10},"p":{"a":0,"k":[267,150,0],"ix":2},"a":{"a":0,"k":[267,150,0],"ix":1},"s":{"a":0,"k":[100,100,100],"ix":6}},"ao":0,"ip":55,"op":56,"st":55,"bm":0},{"ddd":0,"ind":57,"ty":2,"nm":"img_56.jpg","cl":"jpg","refId":"image_56","sr":1,"ks":{"o":{"a":0,"k":100,"ix":11},"r":{"a":0,"k":0,"ix":10},"p":{"a":0,"k":[267,150,0],"ix":2},"a":{"a":0,"k":[267,150,0],"ix":1},"s":{"a":0,"k":[100,100,100],"ix":6}},"ao":0,"ip":56,"op":57,"st":56,"bm":0},{"ddd":0,"ind":58,"ty":2,"nm":"img_57.jpg","cl":"jpg","refId":"image_57","sr":1,"ks":{"o":{"a":0,"k":100,"ix":11},"r":{"a":0,"k":0,"ix":10},"p":{"a":0,"k":[267,150,0],"ix":2},"a":{"a":0,"k":[267,150,0],"ix":1},"s":{"a":0,"k":[100,100,100],"ix":6}},"ao":0,"ip":57,"op":58,"st":57,"bm":0},{"ddd":0,"ind":59,"ty":2,"nm":"img_58.jpg","cl":"jpg","refId":"image_58","sr":1,"ks":{"o":{"a":0,"k":100,"ix":11},"r":{"a":0,"k":0,"ix":10},"p":{"a":0,"k":[267,150,0],"ix":2},"a":{"a":0,"k":[267,150,0],"ix":1},"s":{"a":0,"k":[100,100,100],"ix":6}},"ao":0,"ip":58,"op":59,"st":58,"bm":0},{"ddd":0,"ind":60,"ty":2,"nm":"img_59.jpg","cl":"jpg","refId":"image_59","sr":1,"ks":{"o":{"a":0,"k":100,"ix":11},"r":{"a":0,"k":0,"ix":10},"p":{"a":0,"k":[267,150,0],"ix":2},"a":{"a":0,"k":[267,150,0],"ix":1},"s":{"a":0,"k":[100,100,100],"ix":6}},"ao":0,"ip":59,"op":60,"st":59,"bm":0},{"ddd":0,"ind":61,"ty":2,"nm":"img_60.jpg","cl":"jpg","refId":"image_60","sr":1,"ks":{"o":{"a":0,"k":100,"ix":11},"r":{"a":0,"k":0,"ix":10},"p":{"a":0,"k":[267,150,0],"ix":2},"a":{"a":0,"k":[267,150,0],"ix":1},"s":{"a":0,"k":[100,100,100],"ix":6}},"ao":0,"ip":60,"op":61,"st":60,"bm":0},{"ddd":0,"ind":62,"ty":2,"nm":"img_61.jpg","cl":"jpg","refId":"image_61","sr":1,"ks":{"o":{"a":0,"k":100,"ix":11},"r":{"a":0,"k":0,"ix":10},"p":{"a":0,"k":[267,150,0],"ix":2},"a":{"a":0,"k":[267,150,0],"ix":1},"s":{"a":0,"k":[100,100,100],"ix":6}},"ao":0,"ip":61,"op":62,"st":61,"bm":0},{"ddd":0,"ind":63,"ty":2,"nm":"img_62.jpg","cl":"jpg","refId":"image_62","sr":1,"ks":{"o":{"a":0,"k":100,"ix":11},"r":{"a":0,"k":0,"ix":10},"p":{"a":0,"k":[267,150,0],"ix":2},"a":{"a":0,"k":[267,150,0],"ix":1},"s":{"a":0,"k":[100,100,100],"ix":6}},"ao":0,"ip":62,"op":63,"st":62,"bm":0},{"ddd":0,"ind":64,"ty":2,"nm":"img_63.jpg","cl":"jpg","refId":"image_63","sr":1,"ks":{"o":{"a":0,"k":100,"ix":11},"r":{"a":0,"k":0,"ix":10},"p":{"a":0,"k":[267,150,0],"ix":2},"a":{"a":0,"k":[267,150,0],"ix":1},"s":{"a":0,"k":[100,100,100],"ix":6}},"ao":0,"ip":63,"op":64,"st":63,"bm":0},{"ddd":0,"ind":65,"ty":2,"nm":"img_64.jpg","cl":"jpg","refId":"image_64","sr":1,"ks":{"o":{"a":0,"k":100,"ix":11},"r":{"a":0,"k":0,"ix":10},"p":{"a":0,"k":[267,150,0],"ix":2},"a":{"a":0,"k":[267,150,0],"ix":1},"s":{"a":0,"k":[100,100,100],"ix":6}},"ao":0,"ip":64,"op":65,"st":64,"bm":0},{"ddd":0,"ind":66,"ty":2,"nm":"img_65.jpg","cl":"jpg","refId":"image_65","sr":1,"ks":{"o":{"a":0,"k":100,"ix":11},"r":{"a":0,"k":0,"ix":10},"p":{"a":0,"k":[267,150,0],"ix":2},"a":{"a":0,"k":[267,150,0],"ix":1},"s":{"a":0,"k":[100,100,100],"ix":6}},"ao":0,"ip":65,"op":66,"st":65,"bm":0},{"ddd":0,"ind":67,"ty":2,"nm":"img_66.jpg","cl":"jpg","refId":"image_66","sr":1,"ks":{"o":{"a":0,"k":100,"ix":11},"r":{"a":0,"k":0,"ix":10},"p":{"a":0,"k":[267,150,0],"ix":2},"a":{"a":0,"k":[267,150,0],"ix":1},"s":{"a":0,"k":[100,100,100],"ix":6}},"ao":0,"ip":66,"op":67,"st":66,"bm":0},{"ddd":0,"ind":68,"ty":2,"nm":"img_67.jpg","cl":"jpg","refId":"image_67","sr":1,"ks":{"o":{"a":0,"k":100,"ix":11},"r":{"a":0,"k":0,"ix":10},"p":{"a":0,"k":[267,150,0],"ix":2},"a":{"a":0,"k":[267,150,0],"ix":1},"s":{"a":0,"k":[100,100,100],"ix":6}},"ao":0,"ip":67,"op":68,"st":67,"bm":0},{"ddd":0,"ind":69,"ty":2,"nm":"img_68.jpg","cl":"jpg","refId":"image_68","sr":1,"ks":{"o":{"a":0,"k":100,"ix":11},"r":{"a":0,"k":0,"ix":10},"p":{"a":0,"k":[267,150,0],"ix":2},"a":{"a":0,"k":[267,150,0],"ix":1},"s":{"a":0,"k":[100,100,100],"ix":6}},"ao":0,"ip":68,"op":69,"st":68,"bm":0},{"ddd":0,"ind":70,"ty":2,"nm":"img_69.jpg","cl":"jpg","refId":"image_69","sr":1,"ks":{"o":{"a":0,"k":100,"ix":11},"r":{"a":0,"k":0,"ix":10},"p":{"a":0,"k":[267,150,0],"ix":2},"a":{"a":0,"k":[267,150,0],"ix":1},"s":{"a":0,"k":[100,100,100],"ix":6}},"ao":0,"ip":69,"op":70,"st":69,"bm":0},{"ddd":0,"ind":71,"ty":2,"nm":"img_70.jpg","cl":"jpg","refId":"image_70","sr":1,"ks":{"o":{"a":0,"k":100,"ix":11},"r":{"a":0,"k":0,"ix":10},"p":{"a":0,"k":[267,150,0],"ix":2},"a":{"a":0,"k":[267,150,0],"ix":1},"s":{"a":0,"k":[100,100,100],"ix":6}},"ao":0,"ip":70,"op":71,"st":70,"bm":0},{"ddd":0,"ind":72,"ty":2,"nm":"img_71.jpg","cl":"jpg","refId":"image_71","sr":1,"ks":{"o":{"a":0,"k":100,"ix":11},"r":{"a":0,"k":0,"ix":10},"p":{"a":0,"k":[267,150,0],"ix":2},"a":{"a":0,"k":[267,150,0],"ix":1},"s":{"a":0,"k":[100,100,100],"ix":6}},"ao":0,"ip":71,"op":72,"st":71,"bm":0},{"ddd":0,"ind":73,"ty":2,"nm":"img_72.jpg","cl":"jpg","refId":"image_72","sr":1,"ks":{"o":{"a":0,"k":100,"ix":11},"r":{"a":0,"k":0,"ix":10},"p":{"a":0,"k":[267,150,0],"ix":2},"a":{"a":0,"k":[267,150,0],"ix":1},"s":{"a":0,"k":[100,100,100],"ix":6}},"ao":0,"ip":72,"op":73,"st":72,"bm":0},{"ddd":0,"ind":74,"ty":2,"nm":"img_73.jpg","cl":"jpg","refId":"image_73","sr":1,"ks":{"o":{"a":0,"k":100,"ix":11},"r":{"a":0,"k":0,"ix":10},"p":{"a":0,"k":[267,150,0],"ix":2},"a":{"a":0,"k":[267,150,0],"ix":1},"s":{"a":0,"k":[100,100,100],"ix":6}},"ao":0,"ip":73,"op":74,"st":73,"bm":0},{"ddd":0,"ind":75,"ty":2,"nm":"img_74.jpg","cl":"jpg","refId":"image_74","sr":1,"ks":{"o":{"a":0,"k":100,"ix":11},"r":{"a":0,"k":0,"ix":10},"p":{"a":0,"k":[267,150,0],"ix":2},"a":{"a":0,"k":[267,150,0],"ix":1},"s":{"a":0,"k":[100,100,100],"ix":6}},"ao":0,"ip":74,"op":75,"st":74,"bm":0},{"ddd":0,"ind":76,"ty":2,"nm":"img_75.jpg","cl":"jpg","refId":"image_75","sr":1,"ks":{"o":{"a":0,"k":100,"ix":11},"r":{"a":0,"k":0,"ix":10},"p":{"a":0,"k":[267,150,0],"ix":2},"a":{"a":0,"k":[267,150,0],"ix":1},"s":{"a":0,"k":[100,100,100],"ix":6}},"ao":0,"ip":75,"op":76,"st":75,"bm":0},{"ddd":0,"ind":77,"ty":2,"nm":"img_76.jpg","cl":"jpg","refId":"image_76","sr":1,"ks":{"o":{"a":0,"k":100,"ix":11},"r":{"a":0,"k":0,"ix":10},"p":{"a":0,"k":[267,150,0],"ix":2},"a":{"a":0,"k":[267,150,0],"ix":1},"s":{"a":0,"k":[100,100,100],"ix":6}},"ao":0,"ip":76,"op":77,"st":76,"bm":0},{"ddd":0,"ind":78,"ty":2,"nm":"img_77.jpg","cl":"jpg","refId":"image_77","sr":1,"ks":{"o":{"a":0,"k":100,"ix":11},"r":{"a":0,"k":0,"ix":10},"p":{"a":0,"k":[267,150,0],"ix":2},"a":{"a":0,"k":[267,150,0],"ix":1},"s":{"a":0,"k":[100,100,100],"ix":6}},"ao":0,"ip":77,"op":78,"st":77,"bm":0},{"ddd":0,"ind":79,"ty":2,"nm":"img_78.jpg","cl":"jpg","refId":"image_78","sr":1,"ks":{"o":{"a":0,"k":100,"ix":11},"r":{"a":0,"k":0,"ix":10},"p":{"a":0,"k":[267,150,0],"ix":2},"a":{"a":0,"k":[267,150,0],"ix":1},"s":{"a":0,"k":[100,100,100],"ix":6}},"ao":0,"ip":78,"op":79,"st":78,"bm":0},{"ddd":0,"ind":80,"ty":2,"nm":"img_79.jpg","cl":"jpg","refId":"image_79","sr":1,"ks":{"o":{"a":0,"k":100,"ix":11},"r":{"a":0,"k":0,"ix":10},"p":{"a":0,"k":[267,150,0],"ix":2},"a":{"a":0,"k":[267,150,0],"ix":1},"s":{"a":0,"k":[100,100,100],"ix":6}},"ao":0,"ip":79,"op":80,"st":79,"bm":0},{"ddd":0,"ind":81,"ty":2,"nm":"img_80.jpg","cl":"jpg","refId":"image_80","sr":1,"ks":{"o":{"a":0,"k":100,"ix":11},"r":{"a":0,"k":0,"ix":10},"p":{"a":0,"k":[267,150,0],"ix":2},"a":{"a":0,"k":[267,150,0],"ix":1},"s":{"a":0,"k":[100,100,100],"ix":6}},"ao":0,"ip":80,"op":81,"st":80,"bm":0},{"ddd":0,"ind":82,"ty":2,"nm":"img_81.jpg","cl":"jpg","refId":"image_81","sr":1,"ks":{"o":{"a":0,"k":100,"ix":11},"r":{"a":0,"k":0,"ix":10},"p":{"a":0,"k":[267,150,0],"ix":2},"a":{"a":0,"k":[267,150,0],"ix":1},"s":{"a":0,"k":[100,100,100],"ix":6}},"ao":0,"ip":81,"op":82,"st":81,"bm":0},{"ddd":0,"ind":83,"ty":2,"nm":"img_82.jpg","cl":"jpg","refId":"image_82","sr":1,"ks":{"o":{"a":0,"k":100,"ix":11},"r":{"a":0,"k":0,"ix":10},"p":{"a":0,"k":[267,150,0],"ix":2},"a":{"a":0,"k":[267,150,0],"ix":1},"s":{"a":0,"k":[100,100,100],"ix":6}},"ao":0,"ip":82,"op":83,"st":82,"bm":0},{"ddd":0,"ind":84,"ty":2,"nm":"img_83.jpg","cl":"jpg","refId":"image_83","sr":1,"ks":{"o":{"a":0,"k":100,"ix":11},"r":{"a":0,"k":0,"ix":10},"p":{"a":0,"k":[267,150,0],"ix":2},"a":{"a":0,"k":[267,150,0],"ix":1},"s":{"a":0,"k":[100,100,100],"ix":6}},"ao":0,"ip":83,"op":84,"st":83,"bm":0},{"ddd":0,"ind":85,"ty":2,"nm":"img_84.jpg","cl":"jpg","refId":"image_84","sr":1,"ks":{"o":{"a":0,"k":100,"ix":11},"r":{"a":0,"k":0,"ix":10},"p":{"a":0,"k":[267,150,0],"ix":2},"a":{"a":0,"k":[267,150,0],"ix":1},"s":{"a":0,"k":[100,100,100],"ix":6}},"ao":0,"ip":84,"op":85,"st":84,"bm":0},{"ddd":0,"ind":86,"ty":2,"nm":"img_85.jpg","cl":"jpg","refId":"image_85","sr":1,"ks":{"o":{"a":0,"k":100,"ix":11},"r":{"a":0,"k":0,"ix":10},"p":{"a":0,"k":[267,150,0],"ix":2},"a":{"a":0,"k":[267,150,0],"ix":1},"s":{"a":0,"k":[100,100,100],"ix":6}},"ao":0,"ip":85,"op":86,"st":85,"bm":0},{"ddd":0,"ind":87,"ty":2,"nm":"img_86.jpg","cl":"jpg","refId":"image_86","sr":1,"ks":{"o":{"a":0,"k":100,"ix":11},"r":{"a":0,"k":0,"ix":10},"p":{"a":0,"k":[267,150,0],"ix":2},"a":{"a":0,"k":[267,150,0],"ix":1},"s":{"a":0,"k":[100,100,100],"ix":6}},"ao":0,"ip":86,"op":87,"st":86,"bm":0},{"ddd":0,"ind":88,"ty":2,"nm":"img_87.jpg","cl":"jpg","refId":"image_87","sr":1,"ks":{"o":{"a":0,"k":100,"ix":11},"r":{"a":0,"k":0,"ix":10},"p":{"a":0,"k":[267,150,0],"ix":2},"a":{"a":0,"k":[267,150,0],"ix":1},"s":{"a":0,"k":[100,100,100],"ix":6}},"ao":0,"ip":87,"op":88,"st":87,"bm":0},{"ddd":0,"ind":89,"ty":2,"nm":"img_88.jpg","cl":"jpg","refId":"image_88","sr":1,"ks":{"o":{"a":0,"k":100,"ix":11},"r":{"a":0,"k":0,"ix":10},"p":{"a":0,"k":[267,150,0],"ix":2},"a":{"a":0,"k":[267,150,0],"ix":1},"s":{"a":0,"k":[100,100,100],"ix":6}},"ao":0,"ip":88,"op":89,"st":88,"bm":0},{"ddd":0,"ind":90,"ty":2,"nm":"img_89.jpg","cl":"jpg","refId":"image_89","sr":1,"ks":{"o":{"a":0,"k":100,"ix":11},"r":{"a":0,"k":0,"ix":10},"p":{"a":0,"k":[267,150,0],"ix":2},"a":{"a":0,"k":[267,150,0],"ix":1},"s":{"a":0,"k":[100,100,100],"ix":6}},"ao":0,"ip":89,"op":90,"st":89,"bm":0},{"ddd":0,"ind":91,"ty":2,"nm":"img_90.jpg","cl":"jpg","refId":"image_90","sr":1,"ks":{"o":{"a":0,"k":100,"ix":11},"r":{"a":0,"k":0,"ix":10},"p":{"a":0,"k":[267,150,0],"ix":2},"a":{"a":0,"k":[267,150,0],"ix":1},"s":{"a":0,"k":[100,100,100],"ix":6}},"ao":0,"ip":90,"op":91,"st":90,"bm":0},{"ddd":0,"ind":92,"ty":2,"nm":"img_91.jpg","cl":"jpg","refId":"image_91","sr":1,"ks":{"o":{"a":0,"k":100,"ix":11},"r":{"a":0,"k":0,"ix":10},"p":{"a":0,"k":[267,150,0],"ix":2},"a":{"a":0,"k":[267,150,0],"ix":1},"s":{"a":0,"k":[100,100,100],"ix":6}},"ao":0,"ip":91,"op":92,"st":91,"bm":0},{"ddd":0,"ind":93,"ty":2,"nm":"img_92.jpg","cl":"jpg","refId":"image_92","sr":1,"ks":{"o":{"a":0,"k":100,"ix":11},"r":{"a":0,"k":0,"ix":10},"p":{"a":0,"k":[267,150,0],"ix":2},"a":{"a":0,"k":[267,150,0],"ix":1},"s":{"a":0,"k":[100,100,100],"ix":6}},"ao":0,"ip":92,"op":93,"st":92,"bm":0},{"ddd":0,"ind":94,"ty":2,"nm":"img_93.jpg","cl":"jpg","refId":"image_93","sr":1,"ks":{"o":{"a":0,"k":100,"ix":11},"r":{"a":0,"k":0,"ix":10},"p":{"a":0,"k":[267,150,0],"ix":2},"a":{"a":0,"k":[267,150,0],"ix":1},"s":{"a":0,"k":[100,100,100],"ix":6}},"ao":0,"ip":93,"op":94,"st":93,"bm":0},{"ddd":0,"ind":95,"ty":2,"nm":"img_94.jpg","cl":"jpg","refId":"image_94","sr":1,"ks":{"o":{"a":0,"k":100,"ix":11},"r":{"a":0,"k":0,"ix":10},"p":{"a":0,"k":[267,150,0],"ix":2},"a":{"a":0,"k":[267,150,0],"ix":1},"s":{"a":0,"k":[100,100,100],"ix":6}},"ao":0,"ip":94,"op":95,"st":94,"bm":0},{"ddd":0,"ind":96,"ty":2,"nm":"img_95.jpg","cl":"jpg","refId":"image_95","sr":1,"ks":{"o":{"a":0,"k":100,"ix":11},"r":{"a":0,"k":0,"ix":10},"p":{"a":0,"k":[267,150,0],"ix":2},"a":{"a":0,"k":[267,150,0],"ix":1},"s":{"a":0,"k":[100,100,100],"ix":6}},"ao":0,"ip":95,"op":96,"st":95,"bm":0},{"ddd":0,"ind":97,"ty":2,"nm":"img_96.jpg","cl":"jpg","refId":"image_96","sr":1,"ks":{"o":{"a":0,"k":100,"ix":11},"r":{"a":0,"k":0,"ix":10},"p":{"a":0,"k":[267,150,0],"ix":2},"a":{"a":0,"k":[267,150,0],"ix":1},"s":{"a":0,"k":[100,100,100],"ix":6}},"ao":0,"ip":96,"op":97,"st":96,"bm":0},{"ddd":0,"ind":98,"ty":2,"nm":"img_97.jpg","cl":"jpg","refId":"image_97","sr":1,"ks":{"o":{"a":0,"k":100,"ix":11},"r":{"a":0,"k":0,"ix":10},"p":{"a":0,"k":[267,150,0],"ix":2},"a":{"a":0,"k":[267,150,0],"ix":1},"s":{"a":0,"k":[100,100,100],"ix":6}},"ao":0,"ip":97,"op":98,"st":97,"bm":0},{"ddd":0,"ind":99,"ty":2,"nm":"img_98.jpg","cl":"jpg","refId":"image_98","sr":1,"ks":{"o":{"a":0,"k":100,"ix":11},"r":{"a":0,"k":0,"ix":10},"p":{"a":0,"k":[267,150,0],"ix":2},"a":{"a":0,"k":[267,150,0],"ix":1},"s":{"a":0,"k":[100,100,100],"ix":6}},"ao":0,"ip":98,"op":99,"st":98,"bm":0},{"ddd":0,"ind":100,"ty":2,"nm":"img_99.jpg","cl":"jpg","refId":"image_99","sr":1,"ks":{"o":{"a":0,"k":100,"ix":11},"r":{"a":0,"k":0,"ix":10},"p":{"a":0,"k":[267,150,0],"ix":2},"a":{"a":0,"k":[267,150,0],"ix":1},"s":{"a":0,"k":[100,100,100],"ix":6}},"ao":0,"ip":99,"op":100,"st":99,"bm":0},{"ddd":0,"ind":101,"ty":2,"nm":"img_100.jpg","cl":"jpg","refId":"image_100","sr":1,"ks":{"o":{"a":0,"k":100,"ix":11},"r":{"a":0,"k":0,"ix":10},"p":{"a":0,"k":[267,150,0],"ix":2},"a":{"a":0,"k":[267,150,0],"ix":1},"s":{"a":0,"k":[100,100,100],"ix":6}},"ao":0,"ip":100,"op":101,"st":100,"bm":0},{"ddd":0,"ind":102,"ty":2,"nm":"img_101.jpg","cl":"jpg","refId":"image_101","sr":1,"ks":{"o":{"a":0,"k":100,"ix":11},"r":{"a":0,"k":0,"ix":10},"p":{"a":0,"k":[267,150,0],"ix":2},"a":{"a":0,"k":[267,150,0],"ix":1},"s":{"a":0,"k":[100,100,100],"ix":6}},"ao":0,"ip":101,"op":102,"st":101,"bm":0},{"ddd":0,"ind":103,"ty":2,"nm":"img_102.jpg","cl":"jpg","refId":"image_102","sr":1,"ks":{"o":{"a":0,"k":100,"ix":11},"r":{"a":0,"k":0,"ix":10},"p":{"a":0,"k":[267,150,0],"ix":2},"a":{"a":0,"k":[267,150,0],"ix":1},"s":{"a":0,"k":[100,100,100],"ix":6}},"ao":0,"ip":102,"op":103,"st":102,"bm":0},{"ddd":0,"ind":104,"ty":2,"nm":"img_103.jpg","cl":"jpg","refId":"image_103","sr":1,"ks":{"o":{"a":0,"k":100,"ix":11},"r":{"a":0,"k":0,"ix":10},"p":{"a":0,"k":[267,150,0],"ix":2},"a":{"a":0,"k":[267,150,0],"ix":1},"s":{"a":0,"k":[100,100,100],"ix":6}},"ao":0,"ip":103,"op":104,"st":103,"bm":0},{"ddd":0,"ind":105,"ty":2,"nm":"img_104.jpg","cl":"jpg","refId":"image_104","sr":1,"ks":{"o":{"a":0,"k":100,"ix":11},"r":{"a":0,"k":0,"ix":10},"p":{"a":0,"k":[267,150,0],"ix":2},"a":{"a":0,"k":[267,150,0],"ix":1},"s":{"a":0,"k":[100,100,100],"ix":6}},"ao":0,"ip":104,"op":105,"st":104,"bm":0},{"ddd":0,"ind":106,"ty":2,"nm":"img_105.jpg","cl":"jpg","refId":"image_105","sr":1,"ks":{"o":{"a":0,"k":100,"ix":11},"r":{"a":0,"k":0,"ix":10},"p":{"a":0,"k":[267,150,0],"ix":2},"a":{"a":0,"k":[267,150,0],"ix":1},"s":{"a":0,"k":[100,100,100],"ix":6}},"ao":0,"ip":105,"op":106,"st":105,"bm":0},{"ddd":0,"ind":107,"ty":2,"nm":"img_106.jpg","cl":"jpg","refId":"image_106","sr":1,"ks":{"o":{"a":0,"k":100,"ix":11},"r":{"a":0,"k":0,"ix":10},"p":{"a":0,"k":[267,150,0],"ix":2},"a":{"a":0,"k":[267,150,0],"ix":1},"s":{"a":0,"k":[100,100,100],"ix":6}},"ao":0,"ip":106,"op":107,"st":106,"bm":0},{"ddd":0,"ind":108,"ty":2,"nm":"img_107.jpg","cl":"jpg","refId":"image_107","sr":1,"ks":{"o":{"a":0,"k":100,"ix":11},"r":{"a":0,"k":0,"ix":10},"p":{"a":0,"k":[267,150,0],"ix":2},"a":{"a":0,"k":[267,150,0],"ix":1},"s":{"a":0,"k":[100,100,100],"ix":6}},"ao":0,"ip":107,"op":108,"st":107,"bm":0},{"ddd":0,"ind":109,"ty":2,"nm":"img_108.jpg","cl":"jpg","refId":"image_108","sr":1,"ks":{"o":{"a":0,"k":100,"ix":11},"r":{"a":0,"k":0,"ix":10},"p":{"a":0,"k":[267,150,0],"ix":2},"a":{"a":0,"k":[267,150,0],"ix":1},"s":{"a":0,"k":[100,100,100],"ix":6}},"ao":0,"ip":108,"op":109,"st":108,"bm":0},{"ddd":0,"ind":110,"ty":2,"nm":"img_109.jpg","cl":"jpg","refId":"image_109","sr":1,"ks":{"o":{"a":0,"k":100,"ix":11},"r":{"a":0,"k":0,"ix":10},"p":{"a":0,"k":[267,150,0],"ix":2},"a":{"a":0,"k":[267,150,0],"ix":1},"s":{"a":0,"k":[100,100,100],"ix":6}},"ao":0,"ip":109,"op":110,"st":109,"bm":0},{"ddd":0,"ind":111,"ty":2,"nm":"img_110.jpg","cl":"jpg","refId":"image_110","sr":1,"ks":{"o":{"a":0,"k":100,"ix":11},"r":{"a":0,"k":0,"ix":10},"p":{"a":0,"k":[267,150,0],"ix":2},"a":{"a":0,"k":[267,150,0],"ix":1},"s":{"a":0,"k":[100,100,100],"ix":6}},"ao":0,"ip":110,"op":111,"st":110,"bm":0},{"ddd":0,"ind":112,"ty":2,"nm":"img_111.jpg","cl":"jpg","refId":"image_111","sr":1,"ks":{"o":{"a":0,"k":100,"ix":11},"r":{"a":0,"k":0,"ix":10},"p":{"a":0,"k":[267,150,0],"ix":2},"a":{"a":0,"k":[267,150,0],"ix":1},"s":{"a":0,"k":[100,100,100],"ix":6}},"ao":0,"ip":111,"op":112,"st":111,"bm":0},{"ddd":0,"ind":113,"ty":2,"nm":"img_112.jpg","cl":"jpg","refId":"image_112","sr":1,"ks":{"o":{"a":0,"k":100,"ix":11},"r":{"a":0,"k":0,"ix":10},"p":{"a":0,"k":[267,150,0],"ix":2},"a":{"a":0,"k":[267,150,0],"ix":1},"s":{"a":0,"k":[100,100,100],"ix":6}},"ao":0,"ip":112,"op":113,"st":112,"bm":0},{"ddd":0,"ind":114,"ty":2,"nm":"img_113.jpg","cl":"jpg","refId":"image_113","sr":1,"ks":{"o":{"a":0,"k":100,"ix":11},"r":{"a":0,"k":0,"ix":10},"p":{"a":0,"k":[267,150,0],"ix":2},"a":{"a":0,"k":[267,150,0],"ix":1},"s":{"a":0,"k":[100,100,100],"ix":6}},"ao":0,"ip":113,"op":114,"st":113,"bm":0},{"ddd":0,"ind":115,"ty":2,"nm":"img_114.jpg","cl":"jpg","refId":"image_114","sr":1,"ks":{"o":{"a":0,"k":100,"ix":11},"r":{"a":0,"k":0,"ix":10},"p":{"a":0,"k":[267,150,0],"ix":2},"a":{"a":0,"k":[267,150,0],"ix":1},"s":{"a":0,"k":[100,100,100],"ix":6}},"ao":0,"ip":114,"op":115,"st":114,"bm":0}]},{"id":"comp_1","layers":[{"ddd":0,"ind":1,"ty":4,"nm":"R contornos","sr":1,"ks":{"o":{"a":1,"k":[{"i":{"x":[0.667],"y":[1]},"o":{"x":[0.333],"y":[0]},"t":30.5,"s":[0]},{"i":{"x":[0.667],"y":[1]},"o":{"x":[0.167],"y":[0]},"t":69,"s":[100]},{"i":{"x":[0.833],"y":[1]},"o":{"x":[0.167],"y":[0]},"t":120.5,"s":[100]},{"t":155,"s":[0]}],"ix":11},"r":{"a":0,"k":0,"ix":10},"p":{"a":0,"k":[408.227,505.816,0],"ix":2},"a":{"a":0,"k":[43.828,52.638,0],"ix":1},"s":{"a":0,"k":[100,100,100],"ix":6}},"ao":0,"shapes":[{"ty":"gr","it":[{"ind":0,"ty":"sh","ix":1,"ks":{"a":0,"k":{"i":[[-4.777,3.917],[0,7.262],[4.777,3.865],[9.066,0],[0,0],[0,0],[0,0]],"o":[[4.777,-3.913],[0,-7.253],[-4.777,-3.869],[0,0],[0,0],[0,0],[9.066,0]],"v":[[18.122,1.574],[25.284,-15.185],[18.122,-31.872],[-2.647,-37.674],[-27.005,-37.674],[-27.005,7.448],[-2.647,7.448]],"c":true},"ix":2},"nm":"\u8def\u5f84 1","mn":"ADBE Vector Shape - Group","hd":false},{"ind":1,"ty":"sh","ix":2,"ks":{"a":0,"k":{"i":[[5.624,8.012],[0,0],[4.048,-0.002],[0,0],[0,0],[0,0],[7.91,0],[0,0],[0,0],[-7.449,-6.205],[0,-10.886],[3.825,-5.441],[7.074,-2.481],[0,0]],"o":[[0,0],[-2.326,-3.314],[0,0],[0,0],[0,0],[0,7.911],[0,0],[0,0],[12.986,0],[7.451,6.21],[0,7.738],[-3.817,5.445],[0,0],[-9.789,0]],"v":[[16.739,37.357],[7.998,24.909],[-2.172,19.626],[-2.218,19.626],[-27.005,19.626],[-27.005,35.815],[-41.328,50.138],[-41.328,-50.138],[-2.218,-50.138],[28.436,-40.828],[39.607,-15.185],[33.878,4.583],[17.546,16.474],[41.328,50.138]],"c":true},"ix":2},"nm":"\u8def\u5f84 2","mn":"ADBE Vector Shape - Group","hd":false},{"ty":"st","c":{"a":0,"k":[0.00526107708,0.006264721975,0.011091979221,1],"ix":3},"o":{"a":0,"k":100,"ix":4},"w":{"a":0,"k":2,"ix":5},"lc":1,"lj":1,"ml":10,"bm":0,"nm":"Trazo 1","mn":"ADBE Vector Graphic - Stroke","hd":false},{"ty":"fl","c":{"a":0,"k":[0.00526107708,0.006264721975,0.011091979221,1],"ix":4},"o":{"a":0,"k":100,"ix":5},"r":1,"bm":0,"nm":"Relleno 1","mn":"ADBE Vector Graphic - Fill","hd":false},{"ty":"tr","p":{"a":0,"k":[43.828,52.638],"ix":2},"a":{"a":0,"k":[0,0],"ix":1},"s":{"a":0,"k":[100,100],"ix":3},"r":{"a":0,"k":0,"ix":6},"o":{"a":0,"k":100,"ix":7},"sk":{"a":0,"k":0,"ix":4},"sa":{"a":0,"k":0,"ix":5},"nm":"\u53d8\u6362"}],"nm":"Grupo 1","np":4,"cix":2,"bm":0,"ix":1,"mn":"ADBE Vector Group","hd":false}],"ip":13.5,"op":110,"st":13.5,"bm":0},{"ddd":0,"ind":2,"ty":4,"nm":"E contornos","sr":1,"ks":{"o":{"a":1,"k":[{"i":{"x":[0.667],"y":[1]},"o":{"x":[0.333],"y":[0]},"t":54.5,"s":[0]},{"i":{"x":[0.667],"y":[1]},"o":{"x":[0.167],"y":[0]},"t":93,"s":[100]},{"i":{"x":[0.833],"y":[1]},"o":{"x":[0.167],"y":[0]},"t":141,"s":[100]},{"t":176,"s":[0]}],"ix":11},"r":{"a":0,"k":0,"ix":10},"p":{"a":0,"k":[574.752,505.816,0],"ix":2},"a":{"a":0,"k":[38.884,52.638,0],"ix":1},"s":{"a":0,"k":[100,100,100],"ix":6}},"ao":0,"shapes":[{"ty":"gr","it":[{"ind":0,"ty":"sh","ix":1,"ks":{"a":0,"k":{"i":[[0,-6.883],[0,0],[0,0],[0,0],[0,0],[6.883,0],[0,0],[0,0],[0,0],[0,0],[0,0],[0,0],[0,0]],"o":[[0,0],[0,0],[0,0],[0,0],[0,6.883],[0,0],[0,0],[0,0],[0,0],[0,0],[0,0],[0,0],[6.883,0]],"v":[[36.385,50.138],[36.385,50.138],[-36.385,50.138],[-36.385,-50.138],[34.385,-50.138],[21.922,-37.675],[-22.062,-37.675],[-22.062,-6.875],[28.227,-6.875],[28.227,5.299],[-22.062,5.299],[-22.062,37.675],[23.922,37.675]],"c":true},"ix":2},"nm":"\u8def\u5f84 1","mn":"ADBE Vector Shape - Group","hd":false},{"ty":"st","c":{"a":0,"k":[0.00526107708,0.006264721975,0.011091979221,1],"ix":3},"o":{"a":0,"k":100,"ix":4},"w":{"a":0,"k":2,"ix":5},"lc":1,"lj":1,"ml":10,"bm":0,"nm":"Trazo 1","mn":"ADBE Vector Graphic - Stroke","hd":false},{"ty":"fl","c":{"a":0,"k":[0.00526107708,0.006264721975,0.011091979221,1],"ix":4},"o":{"a":0,"k":100,"ix":5},"r":1,"bm":0,"nm":"Relleno 1","mn":"ADBE Vector Graphic - Fill","hd":false},{"ty":"tr","p":{"a":0,"k":[38.884,52.638],"ix":2},"a":{"a":0,"k":[0,0],"ix":1},"s":{"a":0,"k":[100,100],"ix":3},"r":{"a":0,"k":0,"ix":6},"o":{"a":0,"k":100,"ix":7},"sk":{"a":0,"k":0,"ix":4},"sa":{"a":0,"k":0,"ix":5},"nm":"\u53d8\u6362"}],"nm":"Grupo 1","np":3,"cix":2,"bm":0,"ix":1,"mn":"ADBE Vector Group","hd":false}],"ip":39,"op":110,"st":39,"bm":0},{"ddd":0,"ind":3,"ty":4,"nm":"L contornos","sr":1,"ks":{"o":{"a":1,"k":[{"i":{"x":[0.667],"y":[1]},"o":{"x":[0.333],"y":[0]},"t":36,"s":[0]},{"i":{"x":[0.667],"y":[1]},"o":{"x":[0.167],"y":[0]},"t":74.5,"s":[100]},{"i":{"x":[0.833],"y":[1]},"o":{"x":[0.167],"y":[0]},"t":124,"s":[100]},{"t":160,"s":[0]}],"ix":11},"r":{"a":0,"k":0,"ix":10},"p":{"a":0,"k":[735.98,505.816,0],"ix":2},"a":{"a":0,"k":[36.811,52.638,0],"ix":1},"s":{"a":0,"k":[100,100,100],"ix":6}},"ao":0,"shapes":[{"ty":"gr","it":[{"ind":0,"ty":"sh","ix":1,"ks":{"a":0,"k":{"i":[[0,0],[0,0],[0,-7.91],[0,0],[0,0],[0,-6.883],[0,0]],"o":[[0,0],[7.911,0],[0,0],[0,0],[6.883,0],[0,0],[0,0]],"v":[[-34.31,-50.138],[-34.31,-50.138],[-19.987,-35.815],[-19.987,37.675],[21.847,37.675],[34.31,50.138],[-34.31,50.138]],"c":true},"ix":2},"nm":"\u8def\u5f84 1","mn":"ADBE Vector Shape - Group","hd":false},{"ty":"st","c":{"a":0,"k":[0.00526107708,0.006264721975,0.011091979221,1],"ix":3},"o":{"a":0,"k":100,"ix":4},"w":{"a":0,"k":2,"ix":5},"lc":1,"lj":1,"ml":10,"bm":0,"nm":"Trazo 1","mn":"ADBE Vector Graphic - Stroke","hd":false},{"ty":"fl","c":{"a":0,"k":[0.00526107708,0.006264721975,0.011091979221,1],"ix":4},"o":{"a":0,"k":100,"ix":5},"r":1,"bm":0,"nm":"Relleno 1","mn":"ADBE Vector Graphic - Fill","hd":false},{"ty":"tr","p":{"a":0,"k":[36.81,52.638],"ix":2},"a":{"a":0,"k":[0,0],"ix":1},"s":{"a":0,"k":[100,100],"ix":3},"r":{"a":0,"k":0,"ix":6},"o":{"a":0,"k":100,"ix":7},"sk":{"a":0,"k":0,"ix":4},"sa":{"a":0,"k":0,"ix":5},"nm":"\u53d8\u6362"}],"nm":"Grupo 1","np":3,"cix":2,"bm":0,"ix":1,"mn":"ADBE Vector Group","hd":false}],"ip":22.5,"op":110,"st":22.5,"bm":0},{"ddd":0,"ind":4,"ty":4,"nm":"I contornos","sr":1,"ks":{"o":{"a":1,"k":[{"i":{"x":[0.667],"y":[1]},"o":{"x":[0.333],"y":[0]},"t":60,"s":[0]},{"i":{"x":[0.667],"y":[1]},"o":{"x":[0.167],"y":[0]},"t":98.5,"s":[100]},{"i":{"x":[0.833],"y":[1]},"o":{"x":[0.167],"y":[0]},"t":146.5,"s":[100]},{"t":179.5,"s":[0]}],"ix":11},"r":{"a":0,"k":0,"ix":10},"p":{"a":0,"k":[861.251,505.816,0],"ix":2},"a":{"a":0,"k":[9.661,52.638,0],"ix":1},"s":{"a":0,"k":[100,100,100],"ix":6}},"ao":0,"shapes":[{"ty":"gr","it":[{"ind":0,"ty":"sh","ix":1,"ks":{"a":0,"k":{"i":[[0,0],[0,0],[0,-7.91],[0,0],[0,7.911]],"o":[[0,0],[7.911,0],[0,0],[-7.91,0],[0,0]],"v":[[-7.161,-50.138],[-7.161,-50.138],[7.161,-35.815],[7.161,50.138],[-7.161,35.814]],"c":true},"ix":2},"nm":"\u8def\u5f84 1","mn":"ADBE Vector Shape - Group","hd":false},{"ty":"st","c":{"a":0,"k":[0.00526107708,0.006264721975,0.011091979221,1],"ix":3},"o":{"a":0,"k":100,"ix":4},"w":{"a":0,"k":2,"ix":5},"lc":1,"lj":1,"ml":10,"bm":0,"nm":"Trazo 1","mn":"ADBE Vector Graphic - Stroke","hd":false},{"ty":"fl","c":{"a":0,"k":[0.00526107708,0.006264721975,0.011091979221,1],"ix":4},"o":{"a":0,"k":100,"ix":5},"r":1,"bm":0,"nm":"Relleno 1","mn":"ADBE Vector Graphic - Fill","hd":false},{"ty":"tr","p":{"a":0,"k":[9.661,52.638],"ix":2},"a":{"a":0,"k":[0,0],"ix":1},"s":{"a":0,"k":[100,100],"ix":3},"r":{"a":0,"k":0,"ix":6},"o":{"a":0,"k":100,"ix":7},"sk":{"a":0,"k":0,"ix":4},"sa":{"a":0,"k":0,"ix":5},"nm":"\u53d8\u6362"}],"nm":"Grupo 1","np":3,"cix":2,"bm":0,"ix":1,"mn":"ADBE Vector Group","hd":false}],"ip":48.5,"op":110,"st":48.5,"bm":0},{"ddd":0,"ind":5,"ty":0,"nm":"Q","refId":"comp_2","sr":1,"ks":{"o":{"a":0,"k":100,"ix":11},"r":{"a":0,"k":0,"ix":10},"p":{"a":0,"k":[960,540,0],"ix":2},"a":{"a":0,"k":[960,540,0],"ix":1},"s":{"a":0,"k":[100,100,100],"ix":6}},"ao":0,"w":1920,"h":1080,"ip":1,"op":241,"st":1,"bm":0},{"ddd":0,"ind":6,"ty":4,"nm":"I contornos","sr":1,"ks":{"o":{"a":1,"k":[{"i":{"x":[0.667],"y":[1]},"o":{"x":[0.333],"y":[0]},"t":42.5,"s":[0]},{"i":{"x":[0.667],"y":[1]},"o":{"x":[0.167],"y":[0]},"t":81,"s":[100]},{"i":{"x":[0.833],"y":[1]},"o":{"x":[0.167],"y":[0]},"t":129,"s":[100]},{"t":162,"s":[0]}],"ix":11},"r":{"a":0,"k":0,"ix":10},"p":{"a":0,"k":[1160.642,505.816,0],"ix":2},"a":{"a":0,"k":[9.662,52.638,0],"ix":1},"s":{"a":0,"k":[100,100,100],"ix":6}},"ao":0,"shapes":[{"ty":"gr","it":[{"ind":0,"ty":"sh","ix":1,"ks":{"a":0,"k":{"i":[[0,0],[0,0],[0,-7.91],[0,0],[0,7.911]],"o":[[0,0],[7.91,0],[0,0],[-7.91,0],[0,0]],"v":[[-7.161,-50.138],[-7.161,-50.138],[7.161,-35.815],[7.161,50.138],[-7.161,35.814]],"c":true},"ix":2},"nm":"\u8def\u5f84 1","mn":"ADBE Vector Shape - Group","hd":false},{"ty":"st","c":{"a":0,"k":[0.00526107708,0.006264721975,0.011091979221,1],"ix":3},"o":{"a":0,"k":100,"ix":4},"w":{"a":0,"k":2,"ix":5},"lc":1,"lj":1,"ml":10,"bm":0,"nm":"Trazo 1","mn":"ADBE Vector Graphic - Stroke","hd":false},{"ty":"fl","c":{"a":0,"k":[0.00526107708,0.006264721975,0.011091979221,1],"ix":4},"o":{"a":0,"k":100,"ix":5},"r":1,"bm":0,"nm":"Relleno 1","mn":"ADBE Vector Graphic - Fill","hd":false},{"ty":"tr","p":{"a":0,"k":[9.662,52.638],"ix":2},"a":{"a":0,"k":[0,0],"ix":1},"s":{"a":0,"k":[100,100],"ix":3},"r":{"a":0,"k":0,"ix":6},"o":{"a":0,"k":100,"ix":7},"sk":{"a":0,"k":0,"ix":4},"sa":{"a":0,"k":0,"ix":5},"nm":"\u53d8\u6362"}],"nm":"Grupo 1","np":3,"cix":2,"bm":0,"ix":1,"mn":"ADBE Vector Group","hd":false}],"ip":31,"op":110,"st":31,"bm":0},{"ddd":0,"ind":7,"ty":4,"nm":"U contornos","sr":1,"ks":{"o":{"a":1,"k":[{"i":{"x":[0.667],"y":[1]},"o":{"x":[0.333],"y":[0]},"t":68,"s":[0]},{"i":{"x":[0.667],"y":[1]},"o":{"x":[0.167],"y":[0]},"t":106.5,"s":[100]},{"i":{"x":[0.833],"y":[1]},"o":{"x":[0.167],"y":[0]},"t":154.5,"s":[100]},{"t":179.5,"s":[0]}],"ix":11},"r":{"a":0,"k":0,"ix":10},"p":{"a":0,"k":[1306.765,506.388,0],"ix":2},"a":{"a":0,"k":[44.902,53.21,0],"ix":1},"s":{"a":0,"k":[100,100,100],"ix":6}},"ao":0,"shapes":[{"ty":"gr","it":[{"ind":0,"ty":"sh","ix":1,"ks":{"a":0,"k":{"i":[[7.45,7.642],[0,14.328],[0,0],[0,-7.91],[0,0],[-18.813,0],[-4.865,5.301],[0,10.887],[0,0],[-7.675,0],[0,0],[7.449,-7.594],[13.372,0]],"o":[[-7.45,-7.638],[0,0],[7.91,0],[0,0],[0,21.489],[9.17,0],[4.874,-5.302],[0,0],[0,-7.674],[0,0],[0,14.424],[-7.441,7.59],[-13.371,0]],"v":[[-31.232,39.251],[-42.402,6.303],[-42.402,-50.71],[-28.079,-36.387],[-28.079,5.732],[0.14,37.964],[21.196,30.012],[28.506,5.732],[28.506,-36.814],[42.402,-50.71],[42.402,6.303],[31.223,39.326],[-0.001,50.71]],"c":true},"ix":2},"nm":"\u8def\u5f84 1","mn":"ADBE Vector Shape - Group","hd":false},{"ty":"st","c":{"a":0,"k":[0.00526107708,0.006264721975,0.011091979221,1],"ix":3},"o":{"a":0,"k":100,"ix":4},"w":{"a":0,"k":2,"ix":5},"lc":1,"lj":1,"ml":10,"bm":0,"nm":"Trazo 1","mn":"ADBE Vector Graphic - Stroke","hd":false},{"ty":"fl","c":{"a":0,"k":[0.00526107708,0.006264721975,0.011091979221,1],"ix":4},"o":{"a":0,"k":100,"ix":5},"r":1,"bm":0,"nm":"Relleno 1","mn":"ADBE Vector Graphic - Fill","hd":false},{"ty":"tr","p":{"a":0,"k":[44.902,53.21],"ix":2},"a":{"a":0,"k":[0,0],"ix":1},"s":{"a":0,"k":[100,100],"ix":3},"r":{"a":0,"k":0,"ix":6},"o":{"a":0,"k":100,"ix":7},"sk":{"a":0,"k":0,"ix":4},"sa":{"a":0,"k":0,"ix":5},"nm":"\u53d8\u6362"}],"nm":"Grupo 1","np":3,"cix":2,"bm":0,"ix":1,"mn":"ADBE Vector Group","hd":false}],"ip":54.5,"op":110,"st":54.5,"bm":0},{"ddd":0,"ind":8,"ty":4,"nm":"M contornos","sr":1,"ks":{"o":{"a":1,"k":[{"i":{"x":[0.667],"y":[1]},"o":{"x":[0.333],"y":[0]},"t":49,"s":[0]},{"i":{"x":[0.667],"y":[1]},"o":{"x":[0.167],"y":[0]},"t":87.5,"s":[100]},{"i":{"x":[0.833],"y":[1]},"o":{"x":[0.167],"y":[0]},"t":136.5,"s":[100]},{"t":166.5,"s":[0]}],"ix":11},"r":{"a":0,"k":0,"ix":10},"p":{"a":0,"k":[1499.22,505.816,0],"ix":2},"a":{"a":0,"k":[55.863,52.637,0],"ix":1},"s":{"a":0,"k":[100,100,100],"ix":6}},"ao":0,"shapes":[{"ty":"gr","it":[{"ind":0,"ty":"sh","ix":1,"ks":{"a":0,"k":{"i":[[0.015,7.601],[0,0],[0,0],[0,0],[0,0],[0,0],[7.596,0],[0,0],[-3.717,-6.262],[0,0],[-1.996,3.411],[0,0],[-7.275,0],[0,0]],"o":[[0,0],[0,0],[0,0],[0,0],[0,0],[0,7.597],[0,0],[7.282,0],[0,0],[2.017,3.398],[0,0],[3.675,-6.279],[0,0],[-7.601,0]],"v":[[39.581,36.382],[39.468,-22.919],[3.223,37.964],[-3.363,37.964],[-39.608,-22.491],[-39.608,36.382],[-53.363,50.137],[-53.363,-50.137],[-35.62,-40.036],[-4.273,12.775],[4.663,12.748],[35.533,-39.999],[53.214,-50.137],[53.363,50.137]],"c":true},"ix":2},"nm":"\u8def\u5f84 1","mn":"ADBE Vector Shape - Group","hd":false},{"ty":"st","c":{"a":0,"k":[0.00526107708,0.006264721975,0.011091979221,1],"ix":3},"o":{"a":0,"k":100,"ix":4},"w":{"a":0,"k":2,"ix":5},"lc":1,"lj":1,"ml":10,"bm":0,"nm":"Trazo 1","mn":"ADBE Vector Graphic - Stroke","hd":false},{"ty":"fl","c":{"a":0,"k":[0.00526107708,0.006264721975,0.011091979221,1],"ix":4},"o":{"a":0,"k":100,"ix":5},"r":1,"bm":0,"nm":"Relleno 1","mn":"ADBE Vector Graphic - Fill","hd":false},{"ty":"tr","p":{"a":0,"k":[55.862,52.638],"ix":2},"a":{"a":0,"k":[0,0],"ix":1},"s":{"a":0,"k":[100,100],"ix":3},"r":{"a":0,"k":0,"ix":6},"o":{"a":0,"k":100,"ix":7},"sk":{"a":0,"k":0,"ix":4},"sa":{"a":0,"k":0,"ix":5},"nm":"\u53d8\u6362"}],"nm":"Grupo 1","np":3,"cix":2,"bm":0,"ix":1,"mn":"ADBE Vector Group","hd":false}],"ip":33.5,"op":110,"st":33.5,"bm":0}]},{"id":"comp_2","layers":[{"ddd":0,"ind":1,"ty":4,"nm":"Q 2 contornos","sr":1,"ks":{"o":{"a":1,"k":[{"i":{"x":[0.409],"y":[1]},"o":{"x":[0.333],"y":[0]},"t":4,"s":[0]},{"i":{"x":[0.409],"y":[1]},"o":{"x":[0.167],"y":[0]},"t":36.5,"s":[100]},{"i":{"x":[0.667],"y":[1]},"o":{"x":[0.637],"y":[0]},"t":161,"s":[100]},{"t":205,"s":[0]}],"ix":11},"r":{"a":1,"k":[{"i":{"x":[0.323],"y":[1]},"o":{"x":[0.333],"y":[0]},"t":4,"s":[-180]},{"i":{"x":[0.323],"y":[1]},"o":{"x":[0.225],"y":[0]},"t":36.5,"s":[0]},{"i":{"x":[0.667],"y":[1]},"o":{"x":[0.803],"y":[0]},"t":161,"s":[0]},{"t":205,"s":[-180]}],"ix":10},"p":{"a":0,"k":[1011.579,506.063,0],"ix":2},"a":{"a":0,"k":[54.597,53.098,0],"ix":1},"s":{"a":1,"k":[{"i":{"x":[0.667,0.667,0.667],"y":[1,1,1]},"o":{"x":[0.333,0.333,0.333],"y":[0,0,0]},"t":4,"s":[90,90,100]},{"i":{"x":[0.667,0.667,0.667],"y":[1,1,1]},"o":{"x":[0.167,0.167,0.167],"y":[0,0,0]},"t":36.5,"s":[100,100,100]},{"i":{"x":[0.667,0.667,0.667],"y":[1,1,1]},"o":{"x":[0.637,0.637,0.167],"y":[0,0,0]},"t":161,"s":[100,100,100]},{"t":205,"s":[90,90,100]}],"ix":6}},"ao":0,"hasMask":true,"masksProperties":[{"inv":false,"mode":"a","pt":{"a":0,"k":{"i":[[0,0],[0,0],[0,0]],"o":[[0,0],[0,0],[0,0]],"v":[[0.424,-0.963],[0.423,1.708],[4.34,0.503]],"c":true},"ix":1},"o":{"a":0,"k":100,"ix":3},"x":{"a":0,"k":0,"ix":4},"nm":"\u8499\u7248 1"}],"shapes":[{"ty":"gr","it":[{"ind":0,"ty":"sh","ix":1,"ks":{"a":0,"k":{"i":[[-0.858,18.789],[28.96,0],[0,0],[0,-27.848],[-16.786,-8.15],[0,0],[0,0],[1.131,11.103],[-22.321,0],[0,0],[-1.961,-19.482],[22.306,0],[0,0],[2.082,0.344],[0,0],[0,0],[0,3.053],[-10.096,5.03]],"o":[[1.322,-28.93],[0,0],[-27.729,0],[0,19.877],[0,0],[0,0],[-8.558,-6.116],[-2.308,-22.67],[0,0],[19.581,0],[2.279,22.651],[0,0],[-2.165,0],[0,0],[0,0],[3.053,0],[0,-11.28],[15.889,-7.916]],"v":[[50.776,-11.216],[-0.368,-63.849],[-1.8,-63.849],[-52.097,-13.438],[-23.707,31.789],[-23.707,17.044],[-23.707,17.043],[-39.376,-9.678],[-1.019,-51.324],[-0.327,-51.324],[38.112,-17.271],[-0.248,24.331],[-0.986,24.331],[-7.363,23.799],[-7.363,63.849],[1.001,63.849],[6.53,58.319],[22.888,31.573]],"c":true},"ix":2},"nm":"\u8def\u5f84 1","mn":"ADBE Vector Shape - Group","hd":false},{"ty":"st","c":{"a":0,"k":[0.00526107708,0.006264721975,0.011091979221,1],"ix":3},"o":{"a":0,"k":100,"ix":4},"w":{"a":0,"k":2,"ix":5},"lc":1,"lj":1,"ml":10,"bm":0,"nm":"Trazo 1","mn":"ADBE Vector Graphic - Stroke","hd":false},{"ty":"fl","c":{"a":0,"k":[0.00526107708,0.006264721975,0.011091979221,1],"ix":4},"o":{"a":0,"k":100,"ix":5},"r":1,"bm":0,"nm":"Relleno 1","mn":"ADBE Vector Graphic - Fill","hd":false},{"ty":"tr","p":{"a":0,"k":[54.597,66.349],"ix":2},"a":{"a":0,"k":[0,0],"ix":1},"s":{"a":0,"k":[100,100],"ix":3},"r":{"a":0,"k":0,"ix":6},"o":{"a":0,"k":100,"ix":7},"sk":{"a":0,"k":0,"ix":4},"sa":{"a":0,"k":0,"ix":5},"nm":"\u53d8\u6362"}],"nm":"Grupo 1","np":3,"cix":2,"bm":0,"ix":1,"mn":"ADBE Vector Group","hd":false}],"ip":0,"op":244,"st":0,"bm":0},{"ddd":0,"ind":2,"ty":4,"nm":"Q contornos","sr":1,"ks":{"o":{"a":1,"k":[{"i":{"x":[0.833],"y":[0.833]},"o":{"x":[0.333],"y":[0]},"t":4,"s":[0]},{"i":{"x":[0.833],"y":[0.833]},"o":{"x":[0.167],"y":[0.167]},"t":36.5,"s":[100]},{"i":{"x":[0.667],"y":[1]},"o":{"x":[0.167],"y":[0.167]},"t":161,"s":[100]},{"t":205,"s":[0]}],"ix":11},"r":{"a":1,"k":[{"i":{"x":[0.833],"y":[0.833]},"o":{"x":[0.333],"y":[0]},"t":4,"s":[-180]},{"i":{"x":[0.833],"y":[0.833]},"o":{"x":[0.167],"y":[0.167]},"t":36.5,"s":[0]},{"i":{"x":[0.667],"y":[1]},"o":{"x":[0.167],"y":[0.167]},"t":161,"s":[0]},{"t":205,"s":[-180]}],"ix":10},"p":{"a":0,"k":[1011.579,506.063,0],"ix":2},"a":{"a":0,"k":[54.597,53.098,0],"ix":1},"s":{"a":1,"k":[{"i":{"x":[0.667,0.667,0.667],"y":[1,1,1]},"o":{"x":[0.333,0.333,0.333],"y":[0,0,0]},"t":4,"s":[90,90,100]},{"i":{"x":[0.667,0.667,0.667],"y":[1,1,1]},"o":{"x":[0.167,0.167,0.167],"y":[0,0,0]},"t":36.5,"s":[100,100,100]},{"i":{"x":[0.667,0.667,0.667],"y":[1,1,1]},"o":{"x":[0.655,0.655,0.167],"y":[0,0,0]},"t":161,"s":[100,100,100]},{"t":205,"s":[90,90,100]}],"ix":6}},"ao":0,"shapes":[{"ty":"gr","it":[{"ind":0,"ty":"sh","ix":1,"ks":{"a":0,"k":{"i":[[-0.858,18.789],[28.96,0],[0,0],[0,-27.848],[-16.786,-8.15],[0,0],[0,0],[1.131,11.103],[-22.321,0],[0,0],[-1.961,-19.482],[22.306,0],[0,0],[2.082,0.344],[0,0],[0,0],[0,3.053],[-10.096,5.03]],"o":[[1.322,-28.93],[0,0],[-27.729,0],[0,19.877],[0,0],[0,0],[-8.558,-6.116],[-2.308,-22.67],[0,0],[19.581,0],[2.279,22.651],[0,0],[-2.165,0],[0,0],[0,0],[3.053,0],[0,-11.28],[15.889,-7.916]],"v":[[50.776,-11.216],[-0.368,-63.849],[-1.8,-63.849],[-52.097,-13.438],[-23.707,31.789],[-23.707,17.044],[-23.707,17.043],[-39.376,-9.678],[-1.019,-51.324],[-0.327,-51.324],[38.112,-17.271],[-0.248,24.331],[-0.986,24.331],[-7.363,23.799],[-7.363,63.849],[1.001,63.849],[6.53,58.319],[22.888,31.573]],"c":true},"ix":2},"nm":"\u8def\u5f84 1","mn":"ADBE Vector Shape - Group","hd":false},{"ty":"st","c":{"a":0,"k":[0.00526107708,0.006264721975,0.011091979221,1],"ix":3},"o":{"a":0,"k":100,"ix":4},"w":{"a":0,"k":2,"ix":5},"lc":1,"lj":1,"ml":10,"bm":0,"nm":"Trazo 1","mn":"ADBE Vector Graphic - Stroke","hd":false},{"ty":"fl","c":{"a":0,"k":[0.00526107708,0.006264721975,0.011091979221,1],"ix":4},"o":{"a":0,"k":100,"ix":5},"r":1,"bm":0,"nm":"Relleno 1","mn":"ADBE Vector Graphic - Fill","hd":false},{"ty":"tr","p":{"a":0,"k":[54.597,66.349],"ix":2},"a":{"a":0,"k":[0,0],"ix":1},"s":{"a":0,"k":[100,100],"ix":3},"r":{"a":0,"k":0,"ix":6},"o":{"a":0,"k":100,"ix":7},"sk":{"a":0,"k":0,"ix":4},"sa":{"a":0,"k":0,"ix":5},"nm":"\u53d8\u6362"}],"nm":"Grupo 1","np":3,"cix":2,"bm":0,"ix":1,"mn":"ADBE Vector Group","hd":false}],"ip":0,"op":244,"st":0,"bm":0}]},{"id":"comp_3","layers":[{"ddd":0,"ind":1,"ty":0,"nm":"Pre-comp 3","refId":"comp_4","sr":1,"ks":{"o":{"a":0,"k":100,"ix":11},"r":{"a":0,"k":0,"ix":10},"p":{"a":0,"k":[107.5,29,0],"ix":2},"a":{"a":0,"k":[112,35,0],"ix":1},"s":{"a":0,"k":[100,100,100],"ix":6}},"ao":0,"w":227,"h":71,"ip":0,"op":300,"st":0,"bm":0}]},{"id":"comp_4","layers":[{"ddd":0,"ind":1,"ty":0,"nm":"Pre-comp 2","refId":"comp_5","sr":1,"ks":{"o":{"a":0,"k":100,"ix":11},"r":{"a":0,"k":0,"ix":10},"p":{"a":0,"k":[113.75,35,0],"ix":2},"a":{"a":0,"k":[173,29,0],"ix":1},"s":{"a":0,"k":[-100,100,100],"ix":6}},"ao":0,"hasMask":true,"masksProperties":[{"inv":false,"mode":"a","pt":{"a":0,"k":{"i":[[0,0],[0,0],[0,0],[0,0]],"o":[[0,0],[0,0],[0,0],[0,0]],"v":[[170,0],[0,0],[0,60.5],[170,60.5]],"c":true},"ix":1},"o":{"a":0,"k":100,"ix":3},"x":{"a":0,"k":0,"ix":4},"nm":"\u8499\u7248 1"}],"w":171,"h":62,"ip":0,"op":300,"st":0,"bm":0},{"ddd":0,"ind":2,"ty":0,"nm":"Pre-comp 2","refId":"comp_5","sr":1,"ks":{"o":{"a":0,"k":100,"ix":11},"r":{"a":0,"k":0,"ix":10},"p":{"a":0,"k":[112,35,0],"ix":2},"a":{"a":0,"k":[173,29,0],"ix":1},"s":{"a":0,"k":[100,100,100],"ix":6}},"ao":0,"hasMask":true,"masksProperties":[{"inv":false,"mode":"a","pt":{"a":0,"k":{"i":[[0,0],[0,0],[0,0],[0,0]],"o":[[0,0],[0,0],[0,0],[0,0]],"v":[[170,0],[0,0],[0,60.5],[170,60.5]],"c":true},"ix":1},"o":{"a":0,"k":100,"ix":3},"x":{"a":0,"k":0,"ix":4},"nm":"\u8499\u7248 1"}],"w":171,"h":62,"ip":0,"op":300,"st":0,"bm":0}]},{"id":"comp_5","layers":[{"ddd":0,"ind":1,"ty":0,"nm":"arrow","refId":"comp_6","sr":1,"ks":{"o":{"a":0,"k":100,"ix":11},"r":{"a":0,"k":0,"ix":10},"p":{"a":0,"k":[173,29,0],"ix":2},"a":{"a":0,"k":[163,30,0],"ix":1},"s":{"a":0,"k":[100,100,100],"ix":6}},"ao":0,"w":161,"h":60,"ip":24,"op":324,"st":24,"bm":0},{"ddd":0,"ind":2,"ty":0,"nm":"arrow","refId":"comp_6","sr":1,"ks":{"o":{"a":0,"k":100,"ix":11},"r":{"a":0,"k":0,"ix":10},"p":{"a":0,"k":[173,29,0],"ix":2},"a":{"a":0,"k":[163,30,0],"ix":1},"s":{"a":0,"k":[100,100,100],"ix":6}},"ao":0,"w":161,"h":60,"ip":18,"op":318,"st":18,"bm":0},{"ddd":0,"ind":3,"ty":0,"nm":"arrow","refId":"comp_6","sr":1,"ks":{"o":{"a":0,"k":100,"ix":11},"r":{"a":0,"k":0,"ix":10},"p":{"a":0,"k":[173,29,0],"ix":2},"a":{"a":0,"k":[163,30,0],"ix":1},"s":{"a":0,"k":[100,100,100],"ix":6}},"ao":0,"w":161,"h":60,"ip":12,"op":312,"st":12,"bm":0},{"ddd":0,"ind":4,"ty":0,"nm":"arrow","refId":"comp_6","sr":1,"ks":{"o":{"a":0,"k":100,"ix":11},"r":{"a":0,"k":0,"ix":10},"p":{"a":0,"k":[173,29,0],"ix":2},"a":{"a":0,"k":[163,30,0],"ix":1},"s":{"a":0,"k":[100,100,100],"ix":6}},"ao":0,"w":161,"h":60,"ip":6,"op":306,"st":6,"bm":0},{"ddd":0,"ind":5,"ty":0,"nm":"arrow","refId":"comp_6","sr":1,"ks":{"o":{"a":0,"k":100,"ix":11},"r":{"a":0,"k":0,"ix":10},"p":{"a":0,"k":[173,29,0],"ix":2},"a":{"a":0,"k":[163,30,0],"ix":1},"s":{"a":0,"k":[100,100,100],"ix":6}},"ao":0,"w":161,"h":60,"ip":0,"op":300,"st":0,"bm":0}]},{"id":"comp_6","layers":[{"ddd":0,"ind":1,"ty":4,"nm":"Path 25","sr":1,"ks":{"o":{"a":1,"k":[{"i":{"x":[0.58],"y":[1]},"o":{"x":[0.42],"y":[0]},"t":0,"s":[0]},{"i":{"x":[0.58],"y":[1]},"o":{"x":[0.42],"y":[0]},"t":6,"s":[100]},{"i":{"x":[0.58],"y":[1]},"o":{"x":[0.42],"y":[0]},"t":20.5,"s":[100]},{"t":32.5,"s":[0]}],"ix":11},"r":{"a":0,"k":0,"ix":10},"p":{"a":1,"k":[{"i":{"x":0.58,"y":1},"o":{"x":0.42,"y":0},"t":0,"s":[146.806,30.924,0],"to":[-13.208,0,0],"ti":[13.208,0,0]},{"t":32.5,"s":[67.556,30.924,0]}],"ix":2},"a":{"a":0,"k":[9.215,16.166,0],"ix":1},"s":{"a":1,"k":[{"i":{"x":[0.833,0.833,0.833],"y":[0.814,0.814,1]},"o":{"x":[0.167,0.167,0.167],"y":[0,0,0]},"t":0,"s":[0,0,100]},{"t":32.5,"s":[100,100,100]}],"ix":6}},"ao":0,"shapes":[{"ty":"gr","it":[{"ind":0,"ty":"sh","ix":1,"ks":{"a":0,"k":{"i":[[-0.442,-0.442],[0,0],[-0.884,0.885],[0.884,0.884],[0,0],[0,0],[0.884,0.884],[0.884,-0.884],[0,0],[0,-0.579]],"o":[[0,0],[0.884,0.885],[0.884,-0.884],[0,0],[0,0],[0.884,-0.884],[-0.884,-0.884],[0,0],[-0.442,0.442],[0,0.58]],"v":[[0.663,17.767],[14.565,31.668],[17.767,31.668],[17.767,28.467],[5.466,16.166],[17.767,3.865],[17.767,0.663],[14.565,0.663],[0.663,14.565],[0,16.166]],"c":true},"ix":2},"nm":"\u8def\u5f84 1","mn":"ADBE Vector Shape - Group","hd":false},{"ty":"fl","c":{"a":0,"k":[0.101960785687,0.40000000596,0.996078431606,1],"ix":4},"o":{"a":0,"k":100,"ix":5},"r":1,"bm":0,"nm":"Fill 1","mn":"ADBE Vector Graphic - Fill","hd":false},{"ty":"tr","p":{"a":0,"k":[0,0],"ix":2},"a":{"a":0,"k":[0,0],"ix":1},"s":{"a":0,"k":[100,100],"ix":3},"r":{"a":0,"k":0,"ix":6},"o":{"a":0,"k":100,"ix":7},"sk":{"a":0,"k":0,"ix":4},"sa":{"a":0,"k":0,"ix":5},"nm":"\u53d8\u6362"}],"nm":"Path 25","np":2,"cix":2,"bm":0,"ix":1,"mn":"ADBE Vector Group","hd":false}],"ip":0,"op":115,"st":0,"bm":0}]}],"layers":[{"ddd":0,"ind":1,"ty":0,"nm":"img_0","refId":"comp_0","sr":1,"ks":{"o":{"a":0,"k":100,"ix":11},"r":{"a":0,"k":0,"ix":10},"p":{"a":0,"k":[540,441.9,0],"ix":2},"a":{"a":0,"k":[267,150,0],"ix":1},"s":{"a":0,"k":[202.5,202.5,100],"ix":6}},"ao":0,"w":534,"h":300,"ip":0,"op":330,"st":0,"bm":0},{"ddd":0,"ind":4,"ty":0,"nm":"Precomp. 1","refId":"comp_1","sr":1,"ks":{"o":{"a":0,"k":100,"ix":11},"r":{"a":0,"k":0,"ix":10},"p":{"a":0,"k":[540,871,0],"ix":2},"a":{"a":0,"k":[960,540,0],"ix":1},"s":{"a":0,"k":[50,50,100],"ix":6}},"ao":0,"w":1920,"h":1080,"ip":0,"op":110,"st":0,"bm":0},{"ddd":0,"ind":5,"ty":0,"nm":"Q","refId":"comp_2","sr":1,"ks":{"o":{"a":0,"k":100,"ix":11},"r":{"a":0,"k":0,"ix":10},"p":{"a":0,"k":[540,871,0],"ix":2},"a":{"a":0,"k":[960,540,0],"ix":1},"s":{"a":0,"k":[50,50,100],"ix":6}},"ao":0,"w":1920,"h":1080,"ip":0,"op":4999.5,"st":0,"bm":0},{"ddd":0,"ind":6,"ty":0,"nm":"Artboard \u2013 1","refId":"comp_3","sr":1,"ks":{"o":{"a":0,"k":100,"ix":11},"r":{"a":0,"k":0,"ix":10},"p":{"a":0,"k":[540,67,0],"ix":2},"a":{"a":0,"k":[107.5,29,0],"ix":1},"s":{"a":0,"k":[448,448,100],"ix":6}},"ao":0,"w":215,"h":58,"ip":0,"op":60,"st":0,"bm":0},{"ddd":0,"ind":7,"ty":0,"nm":"Pre-comp 3","refId":"comp_4","sr":1,"ks":{"o":{"a":0,"k":100,"ix":11},"r":{"a":0,"k":0,"ix":10},"p":{"a":0,"k":[540,67,0],"ix":2},"a":{"a":0,"k":[113.5,35.5,0],"ix":1},"s":{"a":0,"k":[448,448,100],"ix":6}},"ao":0,"w":227,"h":71,"ip":0,"op":4999.5,"st":0,"bm":0},{"ddd":0,"ind":8,"ty":2,"nm":"02.png","cl":"png","refId":"image_115","sr":1,"ks":{"o":{"a":0,"k":100,"ix":11},"r":{"a":0,"k":0,"ix":10},"p":{"a":0,"k":[540,1170,0],"ix":2},"a":{"a":0,"k":[540,1170,0],"ix":1},"s":{"a":0,"k":[100,100,100],"ix":6}},"ao":0,"ip":0,"op":115,"st":0,"bm":0},{"ddd":0,"ind":9,"ty":1,"nm":"\u767d\u8272 \u7eaf\u8272 1","sr":1,"ks":{"o":{"a":0,"k":100,"ix":11},"r":{"a":0,"k":0,"ix":10},"p":{"a":0,"k":[540,1332,0],"ix":2},"a":{"a":0,"k":[540,1170,0],"ix":1},"s":{"a":0,"k":[100,100,100],"ix":6}},"ao":0,"sw":1080,"sh":2340,"sc":"#ffffff","ip":0,"op":115,"st":0,"bm":0}],"markers":[]}