{"v":"5.6.6","fr":12,"ip":0,"op":274,"w":889,"h":500,"nm":"A_00000","ddd":0,"assets":[{"id":"image_0","w":889,"h":500,"u":"images/","p":"img_0.jpg","e":0},{"id":"image_1","w":889,"h":500,"u":"images/","p":"img_1.jpg","e":0},{"id":"image_2","w":889,"h":500,"u":"images/","p":"img_2.jpg","e":0},{"id":"image_3","w":889,"h":500,"u":"images/","p":"img_3.jpg","e":0},{"id":"image_4","w":889,"h":500,"u":"images/","p":"img_4.jpg","e":0},{"id":"image_5","w":889,"h":500,"u":"images/","p":"img_5.jpg","e":0},{"id":"image_6","w":889,"h":500,"u":"images/","p":"img_6.jpg","e":0},{"id":"image_7","w":889,"h":500,"u":"images/","p":"img_7.jpg","e":0},{"id":"image_8","w":889,"h":500,"u":"images/","p":"img_8.jpg","e":0},{"id":"image_9","w":889,"h":500,"u":"images/","p":"img_9.jpg","e":0},{"id":"image_10","w":889,"h":500,"u":"images/","p":"img_10.jpg","e":0},{"id":"image_11","w":889,"h":500,"u":"images/","p":"img_11.jpg","e":0},{"id":"image_12","w":889,"h":500,"u":"images/","p":"img_12.jpg","e":0},{"id":"image_13","w":889,"h":500,"u":"images/","p":"img_13.jpg","e":0},{"id":"image_14","w":889,"h":500,"u":"images/","p":"img_14.jpg","e":0},{"id":"image_15","w":889,"h":500,"u":"images/","p":"img_15.jpg","e":0},{"id":"image_16","w":889,"h":500,"u":"images/","p":"img_16.jpg","e":0},{"id":"image_17","w":889,"h":500,"u":"images/","p":"img_17.jpg","e":0},{"id":"image_18","w":889,"h":500,"u":"images/","p":"img_18.jpg","e":0},{"id":"image_19","w":889,"h":500,"u":"images/","p":"img_19.jpg","e":0},{"id":"image_20","w":889,"h":500,"u":"images/","p":"img_20.jpg","e":0},{"id":"image_21","w":889,"h":500,"u":"images/","p":"img_21.jpg","e":0},{"id":"image_22","w":889,"h":500,"u":"images/","p":"img_22.jpg","e":0},{"id":"image_23","w":889,"h":500,"u":"images/","p":"img_23.jpg","e":0},{"id":"image_24","w":889,"h":500,"u":"images/","p":"img_24.jpg","e":0},{"id":"image_25","w":889,"h":500,"u":"images/","p":"img_25.jpg","e":0},{"id":"image_26","w":889,"h":500,"u":"images/","p":"img_26.jpg","e":0},{"id":"image_27","w":889,"h":500,"u":"images/","p":"img_27.jpg","e":0},{"id":"image_28","w":889,"h":500,"u":"images/","p":"img_28.jpg","e":0},{"id":"image_29","w":889,"h":500,"u":"images/","p":"img_29.jpg","e":0},{"id":"image_30","w":889,"h":500,"u":"images/","p":"img_30.jpg","e":0},{"id":"image_31","w":889,"h":500,"u":"images/","p":"img_31.jpg","e":0},{"id":"image_32","w":889,"h":500,"u":"images/","p":"img_32.jpg","e":0},{"id":"image_33","w":889,"h":500,"u":"images/","p":"img_33.jpg","e":0},{"id":"image_34","w":889,"h":500,"u":"images/","p":"img_34.jpg","e":0},{"id":"image_35","w":889,"h":500,"u":"images/","p":"img_35.jpg","e":0},{"id":"image_36","w":889,"h":500,"u":"images/","p":"img_36.jpg","e":0},{"id":"image_37","w":889,"h":500,"u":"images/","p":"img_37.jpg","e":0},{"id":"image_38","w":889,"h":500,"u":"images/","p":"img_38.jpg","e":0},{"id":"image_39","w":889,"h":500,"u":"images/","p":"img_39.jpg","e":0},{"id":"image_40","w":889,"h":500,"u":"images/","p":"img_40.jpg","e":0},{"id":"image_41","w":889,"h":500,"u":"images/","p":"img_41.jpg","e":0},{"id":"image_42","w":889,"h":500,"u":"images/","p":"img_42.jpg","e":0},{"id":"image_43","w":889,"h":500,"u":"images/","p":"img_43.jpg","e":0},{"id":"image_44","w":889,"h":500,"u":"images/","p":"img_44.jpg","e":0},{"id":"image_45","w":889,"h":500,"u":"images/","p":"img_45.jpg","e":0},{"id":"image_46","w":889,"h":500,"u":"images/","p":"img_46.jpg","e":0},{"id":"image_47","w":889,"h":500,"u":"images/","p":"img_47.jpg","e":0},{"id":"image_48","w":889,"h":500,"u":"images/","p":"img_48.jpg","e":0},{"id":"image_49","w":889,"h":500,"u":"images/","p":"img_49.jpg","e":0},{"id":"image_50","w":889,"h":500,"u":"images/","p":"img_50.jpg","e":0},{"id":"image_51","w":889,"h":500,"u":"images/","p":"img_51.jpg","e":0},{"id":"image_52","w":889,"h":500,"u":"images/","p":"img_52.jpg","e":0},{"id":"image_53","w":889,"h":500,"u":"images/","p":"img_53.jpg","e":0},{"id":"image_54","w":889,"h":500,"u":"images/","p":"img_54.jpg","e":0},{"id":"image_55","w":889,"h":500,"u":"images/","p":"img_55.jpg","e":0},{"id":"image_56","w":889,"h":500,"u":"images/","p":"img_56.jpg","e":0},{"id":"image_57","w":889,"h":500,"u":"images/","p":"img_57.jpg","e":0},{"id":"image_58","w":889,"h":500,"u":"images/","p":"img_58.jpg","e":0},{"id":"image_59","w":889,"h":500,"u":"images/","p":"img_59.jpg","e":0},{"id":"image_60","w":889,"h":500,"u":"images/","p":"img_60.jpg","e":0},{"id":"image_61","w":889,"h":500,"u":"images/","p":"img_61.jpg","e":0},{"id":"image_62","w":889,"h":500,"u":"images/","p":"img_62.jpg","e":0},{"id":"image_63","w":889,"h":500,"u":"images/","p":"img_63.jpg","e":0},{"id":"image_64","w":889,"h":500,"u":"images/","p":"img_64.jpg","e":0},{"id":"image_65","w":889,"h":500,"u":"images/","p":"img_65.jpg","e":0},{"id":"image_66","w":889,"h":500,"u":"images/","p":"img_66.jpg","e":0},{"id":"image_67","w":889,"h":500,"u":"images/","p":"img_67.jpg","e":0},{"id":"image_68","w":889,"h":500,"u":"images/","p":"img_68.jpg","e":0},{"id":"image_69","w":889,"h":500,"u":"images/","p":"img_69.jpg","e":0},{"id":"image_70","w":889,"h":500,"u":"images/","p":"img_70.jpg","e":0},{"id":"image_71","w":889,"h":500,"u":"images/","p":"img_71.jpg","e":0},{"id":"image_72","w":889,"h":500,"u":"images/","p":"img_72.jpg","e":0},{"id":"image_73","w":889,"h":500,"u":"images/","p":"img_73.jpg","e":0},{"id":"image_74","w":889,"h":500,"u":"images/","p":"img_74.jpg","e":0},{"id":"image_75","w":889,"h":500,"u":"images/","p":"img_75.jpg","e":0},{"id":"image_76","w":889,"h":500,"u":"images/","p":"img_76.jpg","e":0},{"id":"image_77","w":889,"h":500,"u":"images/","p":"img_77.jpg","e":0},{"id":"image_78","w":889,"h":500,"u":"images/","p":"img_78.jpg","e":0},{"id":"image_79","w":889,"h":500,"u":"images/","p":"img_79.jpg","e":0},{"id":"image_80","w":889,"h":500,"u":"images/","p":"img_80.jpg","e":0},{"id":"image_81","w":889,"h":500,"u":"images/","p":"img_81.jpg","e":0},{"id":"image_82","w":889,"h":500,"u":"images/","p":"img_82.jpg","e":0},{"id":"image_83","w":889,"h":500,"u":"images/","p":"img_83.jpg","e":0},{"id":"image_84","w":889,"h":500,"u":"images/","p":"img_84.jpg","e":0},{"id":"image_85","w":889,"h":500,"u":"images/","p":"img_85.jpg","e":0},{"id":"image_86","w":889,"h":500,"u":"images/","p":"img_86.jpg","e":0},{"id":"image_87","w":889,"h":500,"u":"images/","p":"img_87.jpg","e":0},{"id":"image_88","w":889,"h":500,"u":"images/","p":"img_88.jpg","e":0},{"id":"image_89","w":889,"h":500,"u":"images/","p":"img_89.jpg","e":0},{"id":"image_90","w":889,"h":500,"u":"images/","p":"img_90.jpg","e":0},{"id":"image_91","w":889,"h":500,"u":"images/","p":"img_91.jpg","e":0},{"id":"image_92","w":889,"h":500,"u":"images/","p":"img_92.jpg","e":0},{"id":"image_93","w":889,"h":500,"u":"images/","p":"img_93.jpg","e":0},{"id":"image_94","w":889,"h":500,"u":"images/","p":"img_94.jpg","e":0},{"id":"image_95","w":889,"h":500,"u":"images/","p":"img_95.jpg","e":0},{"id":"image_96","w":889,"h":500,"u":"images/","p":"img_96.jpg","e":0},{"id":"image_97","w":889,"h":500,"u":"images/","p":"img_97.jpg","e":0},{"id":"image_98","w":889,"h":500,"u":"images/","p":"img_98.jpg","e":0},{"id":"image_99","w":889,"h":500,"u":"images/","p":"img_99.jpg","e":0},{"id":"image_100","w":889,"h":500,"u":"images/","p":"img_100.jpg","e":0},{"id":"image_101","w":889,"h":500,"u":"images/","p":"img_101.jpg","e":0},{"id":"image_102","w":889,"h":500,"u":"images/","p":"img_102.jpg","e":0},{"id":"image_103","w":889,"h":500,"u":"images/","p":"img_103.jpg","e":0},{"id":"image_104","w":889,"h":500,"u":"images/","p":"img_104.jpg","e":0},{"id":"image_105","w":889,"h":500,"u":"images/","p":"img_105.jpg","e":0},{"id":"image_106","w":889,"h":500,"u":"images/","p":"img_106.jpg","e":0},{"id":"image_107","w":889,"h":500,"u":"images/","p":"img_107.jpg","e":0},{"id":"image_108","w":889,"h":500,"u":"images/","p":"img_108.jpg","e":0},{"id":"image_109","w":889,"h":500,"u":"images/","p":"img_109.jpg","e":0},{"id":"image_110","w":889,"h":500,"u":"images/","p":"img_110.jpg","e":0},{"id":"image_111","w":889,"h":500,"u":"images/","p":"img_111.jpg","e":0},{"id":"image_112","w":889,"h":500,"u":"images/","p":"img_112.jpg","e":0},{"id":"image_113","w":889,"h":500,"u":"images/","p":"img_113.jpg","e":0},{"id":"image_114","w":889,"h":500,"u":"images/","p":"img_114.jpg","e":0},{"id":"image_115","w":889,"h":500,"u":"images/","p":"img_115.jpg","e":0},{"id":"image_116","w":889,"h":500,"u":"images/","p":"img_116.jpg","e":0},{"id":"image_117","w":889,"h":500,"u":"images/","p":"img_117.jpg","e":0},{"id":"image_118","w":889,"h":500,"u":"images/","p":"img_118.jpg","e":0},{"id":"image_119","w":889,"h":500,"u":"images/","p":"img_119.jpg","e":0},{"id":"image_120","w":889,"h":500,"u":"images/","p":"img_120.jpg","e":0},{"id":"image_121","w":889,"h":500,"u":"images/","p":"img_121.jpg","e":0},{"id":"image_122","w":889,"h":500,"u":"images/","p":"img_122.jpg","e":0},{"id":"image_123","w":889,"h":500,"u":"images/","p":"img_123.jpg","e":0},{"id":"image_124","w":889,"h":500,"u":"images/","p":"img_124.jpg","e":0},{"id":"image_125","w":889,"h":500,"u":"images/","p":"img_125.jpg","e":0},{"id":"image_126","w":889,"h":500,"u":"images/","p":"img_126.jpg","e":0},{"id":"image_127","w":889,"h":500,"u":"images/","p":"img_127.jpg","e":0},{"id":"image_128","w":889,"h":500,"u":"images/","p":"img_128.jpg","e":0},{"id":"image_129","w":889,"h":500,"u":"images/","p":"img_129.jpg","e":0},{"id":"image_130","w":889,"h":500,"u":"images/","p":"img_130.jpg","e":0},{"id":"image_131","w":889,"h":500,"u":"images/","p":"img_131.jpg","e":0},{"id":"image_132","w":889,"h":500,"u":"images/","p":"img_132.jpg","e":0},{"id":"image_133","w":889,"h":500,"u":"images/","p":"img_133.jpg","e":0},{"id":"image_134","w":889,"h":500,"u":"images/","p":"img_134.jpg","e":0},{"id":"image_135","w":889,"h":500,"u":"images/","p":"img_135.jpg","e":0},{"id":"image_136","w":889,"h":500,"u":"images/","p":"img_136.jpg","e":0},{"id":"image_137","w":889,"h":500,"u":"images/","p":"img_137.jpg","e":0},{"id":"image_138","w":889,"h":500,"u":"images/","p":"img_138.jpg","e":0},{"id":"image_139","w":889,"h":500,"u":"images/","p":"img_139.jpg","e":0},{"id":"image_140","w":889,"h":500,"u":"images/","p":"img_140.jpg","e":0},{"id":"image_141","w":889,"h":500,"u":"images/","p":"img_141.jpg","e":0},{"id":"image_142","w":889,"h":500,"u":"images/","p":"img_142.jpg","e":0},{"id":"image_143","w":889,"h":500,"u":"images/","p":"img_143.jpg","e":0},{"id":"image_144","w":889,"h":500,"u":"images/","p":"img_144.jpg","e":0},{"id":"image_145","w":889,"h":500,"u":"images/","p":"img_145.jpg","e":0},{"id":"image_146","w":889,"h":500,"u":"images/","p":"img_146.jpg","e":0},{"id":"image_147","w":889,"h":500,"u":"images/","p":"img_147.jpg","e":0},{"id":"image_148","w":889,"h":500,"u":"images/","p":"img_148.jpg","e":0},{"id":"image_149","w":889,"h":500,"u":"images/","p":"img_149.jpg","e":0},{"id":"image_150","w":889,"h":500,"u":"images/","p":"img_150.jpg","e":0},{"id":"image_151","w":889,"h":500,"u":"images/","p":"img_151.jpg","e":0},{"id":"image_152","w":889,"h":500,"u":"images/","p":"img_152.jpg","e":0},{"id":"image_153","w":889,"h":500,"u":"images/","p":"img_153.jpg","e":0},{"id":"image_154","w":889,"h":500,"u":"images/","p":"img_154.jpg","e":0},{"id":"image_155","w":889,"h":500,"u":"images/","p":"img_155.jpg","e":0},{"id":"image_156","w":889,"h":500,"u":"images/","p":"img_156.jpg","e":0},{"id":"image_157","w":889,"h":500,"u":"images/","p":"img_157.jpg","e":0},{"id":"image_158","w":889,"h":500,"u":"images/","p":"img_158.jpg","e":0},{"id":"image_159","w":889,"h":500,"u":"images/","p":"img_159.jpg","e":0},{"id":"image_160","w":889,"h":500,"u":"images/","p":"img_160.jpg","e":0},{"id":"image_161","w":889,"h":500,"u":"images/","p":"img_161.jpg","e":0},{"id":"image_162","w":889,"h":500,"u":"images/","p":"img_162.jpg","e":0},{"id":"image_163","w":889,"h":500,"u":"images/","p":"img_163.jpg","e":0},{"id":"image_164","w":889,"h":500,"u":"images/","p":"img_164.jpg","e":0},{"id":"image_165","w":889,"h":500,"u":"images/","p":"img_165.jpg","e":0},{"id":"image_166","w":889,"h":500,"u":"images/","p":"img_166.jpg","e":0},{"id":"image_167","w":889,"h":500,"u":"images/","p":"img_167.jpg","e":0},{"id":"image_168","w":889,"h":500,"u":"images/","p":"img_168.jpg","e":0},{"id":"image_169","w":889,"h":500,"u":"images/","p":"img_169.jpg","e":0},{"id":"image_170","w":889,"h":500,"u":"images/","p":"img_170.jpg","e":0},{"id":"image_171","w":889,"h":500,"u":"images/","p":"img_171.jpg","e":0},{"id":"image_172","w":889,"h":500,"u":"images/","p":"img_172.jpg","e":0},{"id":"image_173","w":889,"h":500,"u":"images/","p":"img_173.jpg","e":0},{"id":"image_174","w":889,"h":500,"u":"images/","p":"img_174.jpg","e":0},{"id":"image_175","w":889,"h":500,"u":"images/","p":"img_175.jpg","e":0},{"id":"image_176","w":889,"h":500,"u":"images/","p":"img_176.jpg","e":0},{"id":"image_177","w":889,"h":500,"u":"images/","p":"img_177.jpg","e":0},{"id":"image_178","w":889,"h":500,"u":"images/","p":"img_178.jpg","e":0},{"id":"image_179","w":889,"h":500,"u":"images/","p":"img_179.jpg","e":0},{"id":"image_180","w":889,"h":500,"u":"images/","p":"img_180.jpg","e":0},{"id":"image_181","w":889,"h":500,"u":"images/","p":"img_181.jpg","e":0},{"id":"image_182","w":889,"h":500,"u":"images/","p":"img_182.jpg","e":0},{"id":"image_183","w":889,"h":500,"u":"images/","p":"img_183.jpg","e":0},{"id":"image_184","w":889,"h":500,"u":"images/","p":"img_184.jpg","e":0},{"id":"image_185","w":889,"h":500,"u":"images/","p":"img_185.jpg","e":0},{"id":"image_186","w":889,"h":500,"u":"images/","p":"img_186.jpg","e":0},{"id":"image_187","w":889,"h":500,"u":"images/","p":"img_187.jpg","e":0},{"id":"image_188","w":889,"h":500,"u":"images/","p":"img_188.jpg","e":0},{"id":"image_189","w":889,"h":500,"u":"images/","p":"img_189.jpg","e":0},{"id":"image_190","w":889,"h":500,"u":"images/","p":"img_190.jpg","e":0},{"id":"image_191","w":889,"h":500,"u":"images/","p":"img_191.jpg","e":0},{"id":"image_192","w":889,"h":500,"u":"images/","p":"img_192.jpg","e":0},{"id":"image_193","w":889,"h":500,"u":"images/","p":"img_193.jpg","e":0},{"id":"image_194","w":889,"h":500,"u":"images/","p":"img_194.jpg","e":0},{"id":"image_195","w":889,"h":500,"u":"images/","p":"img_195.jpg","e":0},{"id":"image_196","w":889,"h":500,"u":"images/","p":"img_196.jpg","e":0},{"id":"image_197","w":889,"h":500,"u":"images/","p":"img_197.jpg","e":0},{"id":"image_198","w":889,"h":500,"u":"images/","p":"img_198.jpg","e":0},{"id":"image_199","w":889,"h":500,"u":"images/","p":"img_199.jpg","e":0},{"id":"image_200","w":889,"h":500,"u":"images/","p":"img_200.jpg","e":0},{"id":"image_201","w":889,"h":500,"u":"images/","p":"img_201.jpg","e":0},{"id":"image_202","w":889,"h":500,"u":"images/","p":"img_202.jpg","e":0},{"id":"image_203","w":889,"h":500,"u":"images/","p":"img_203.jpg","e":0},{"id":"image_204","w":889,"h":500,"u":"images/","p":"img_204.jpg","e":0},{"id":"image_205","w":889,"h":500,"u":"images/","p":"img_205.jpg","e":0},{"id":"image_206","w":889,"h":500,"u":"images/","p":"img_206.jpg","e":0},{"id":"image_207","w":889,"h":500,"u":"images/","p":"img_207.jpg","e":0},{"id":"image_208","w":889,"h":500,"u":"images/","p":"img_208.jpg","e":0},{"id":"image_209","w":889,"h":500,"u":"images/","p":"img_209.jpg","e":0},{"id":"image_210","w":889,"h":500,"u":"images/","p":"img_210.jpg","e":0},{"id":"image_211","w":889,"h":500,"u":"images/","p":"img_211.jpg","e":0},{"id":"image_212","w":889,"h":500,"u":"images/","p":"img_212.jpg","e":0},{"id":"image_213","w":889,"h":500,"u":"images/","p":"img_213.jpg","e":0},{"id":"image_214","w":889,"h":500,"u":"images/","p":"img_214.jpg","e":0},{"id":"image_215","w":889,"h":500,"u":"images/","p":"img_215.jpg","e":0},{"id":"image_216","w":889,"h":500,"u":"images/","p":"img_216.jpg","e":0},{"id":"image_217","w":889,"h":500,"u":"images/","p":"img_217.jpg","e":0},{"id":"image_218","w":889,"h":500,"u":"images/","p":"img_218.jpg","e":0},{"id":"image_219","w":889,"h":500,"u":"images/","p":"img_219.jpg","e":0},{"id":"image_220","w":889,"h":500,"u":"images/","p":"img_220.jpg","e":0},{"id":"image_221","w":889,"h":500,"u":"images/","p":"img_221.jpg","e":0},{"id":"image_222","w":889,"h":500,"u":"images/","p":"img_222.jpg","e":0},{"id":"image_223","w":889,"h":500,"u":"images/","p":"img_223.jpg","e":0},{"id":"image_224","w":889,"h":500,"u":"images/","p":"img_224.jpg","e":0},{"id":"image_225","w":889,"h":500,"u":"images/","p":"img_225.jpg","e":0},{"id":"image_226","w":889,"h":500,"u":"images/","p":"img_226.jpg","e":0},{"id":"image_227","w":889,"h":500,"u":"images/","p":"img_227.jpg","e":0}],"layers":[{"ddd":0,"ind":1,"ty":2,"nm":"A_00000.jpg","cl":"jpg","refId":"image_0","sr":1,"ks":{"o":{"a":0,"k":100,"ix":11},"r":{"a":0,"k":0,"ix":10},"p":{"a":0,"k":[444.5,250,0],"ix":2},"a":{"a":0,"k":[444.5,250,0],"ix":1},"s":{"a":0,"k":[100,100,100],"ix":6}},"ao":0,"ip":0,"op":1.2,"st":0,"bm":0},{"ddd":0,"ind":2,"ty":2,"nm":"A_00001.jpg","cl":"jpg","refId":"image_1","sr":1,"ks":{"o":{"a":0,"k":100,"ix":11},"r":{"a":0,"k":0,"ix":10},"p":{"a":0,"k":[444.5,250,0],"ix":2},"a":{"a":0,"k":[444.5,250,0],"ix":1},"s":{"a":0,"k":[100,100,100],"ix":6}},"ao":0,"ip":1.2,"op":2.4,"st":1.2,"bm":0},{"ddd":0,"ind":3,"ty":2,"nm":"A_00002.jpg","cl":"jpg","refId":"image_2","sr":1,"ks":{"o":{"a":0,"k":100,"ix":11},"r":{"a":0,"k":0,"ix":10},"p":{"a":0,"k":[444.5,250,0],"ix":2},"a":{"a":0,"k":[444.5,250,0],"ix":1},"s":{"a":0,"k":[100,100,100],"ix":6}},"ao":0,"ip":2.4,"op":3.6,"st":2.4,"bm":0},{"ddd":0,"ind":4,"ty":2,"nm":"A_00003.jpg","cl":"jpg","refId":"image_3","sr":1,"ks":{"o":{"a":0,"k":100,"ix":11},"r":{"a":0,"k":0,"ix":10},"p":{"a":0,"k":[444.5,250,0],"ix":2},"a":{"a":0,"k":[444.5,250,0],"ix":1},"s":{"a":0,"k":[100,100,100],"ix":6}},"ao":0,"ip":3.6,"op":4.8,"st":3.6,"bm":0},{"ddd":0,"ind":5,"ty":2,"nm":"A_00004.jpg","cl":"jpg","refId":"image_4","sr":1,"ks":{"o":{"a":0,"k":100,"ix":11},"r":{"a":0,"k":0,"ix":10},"p":{"a":0,"k":[444.5,250,0],"ix":2},"a":{"a":0,"k":[444.5,250,0],"ix":1},"s":{"a":0,"k":[100,100,100],"ix":6}},"ao":0,"ip":4.8,"op":6,"st":4.8,"bm":0},{"ddd":0,"ind":6,"ty":2,"nm":"A_00005.jpg","cl":"jpg","refId":"image_5","sr":1,"ks":{"o":{"a":0,"k":100,"ix":11},"r":{"a":0,"k":0,"ix":10},"p":{"a":0,"k":[444.5,250,0],"ix":2},"a":{"a":0,"k":[444.5,250,0],"ix":1},"s":{"a":0,"k":[100,100,100],"ix":6}},"ao":0,"ip":6,"op":7.2,"st":6,"bm":0},{"ddd":0,"ind":7,"ty":2,"nm":"A_00006.jpg","cl":"jpg","refId":"image_6","sr":1,"ks":{"o":{"a":0,"k":100,"ix":11},"r":{"a":0,"k":0,"ix":10},"p":{"a":0,"k":[444.5,250,0],"ix":2},"a":{"a":0,"k":[444.5,250,0],"ix":1},"s":{"a":0,"k":[100,100,100],"ix":6}},"ao":0,"ip":7.2,"op":8.4,"st":7.2,"bm":0},{"ddd":0,"ind":8,"ty":2,"nm":"A_00007.jpg","cl":"jpg","refId":"image_7","sr":1,"ks":{"o":{"a":0,"k":100,"ix":11},"r":{"a":0,"k":0,"ix":10},"p":{"a":0,"k":[444.5,250,0],"ix":2},"a":{"a":0,"k":[444.5,250,0],"ix":1},"s":{"a":0,"k":[100,100,100],"ix":6}},"ao":0,"ip":8.4,"op":9.6,"st":8.4,"bm":0},{"ddd":0,"ind":9,"ty":2,"nm":"A_00008.jpg","cl":"jpg","refId":"image_8","sr":1,"ks":{"o":{"a":0,"k":100,"ix":11},"r":{"a":0,"k":0,"ix":10},"p":{"a":0,"k":[444.5,250,0],"ix":2},"a":{"a":0,"k":[444.5,250,0],"ix":1},"s":{"a":0,"k":[100,100,100],"ix":6}},"ao":0,"ip":9.6,"op":10.8,"st":9.6,"bm":0},{"ddd":0,"ind":10,"ty":2,"nm":"A_00009.jpg","cl":"jpg","refId":"image_9","sr":1,"ks":{"o":{"a":0,"k":100,"ix":11},"r":{"a":0,"k":0,"ix":10},"p":{"a":0,"k":[444.5,250,0],"ix":2},"a":{"a":0,"k":[444.5,250,0],"ix":1},"s":{"a":0,"k":[100,100,100],"ix":6}},"ao":0,"ip":10.8,"op":12,"st":10.8,"bm":0},{"ddd":0,"ind":11,"ty":2,"nm":"A_00010.jpg","cl":"jpg","refId":"image_10","sr":1,"ks":{"o":{"a":0,"k":100,"ix":11},"r":{"a":0,"k":0,"ix":10},"p":{"a":0,"k":[444.5,250,0],"ix":2},"a":{"a":0,"k":[444.5,250,0],"ix":1},"s":{"a":0,"k":[100,100,100],"ix":6}},"ao":0,"ip":12,"op":13.2,"st":12,"bm":0},{"ddd":0,"ind":12,"ty":2,"nm":"A_00011.jpg","cl":"jpg","refId":"image_11","sr":1,"ks":{"o":{"a":0,"k":100,"ix":11},"r":{"a":0,"k":0,"ix":10},"p":{"a":0,"k":[444.5,250,0],"ix":2},"a":{"a":0,"k":[444.5,250,0],"ix":1},"s":{"a":0,"k":[100,100,100],"ix":6}},"ao":0,"ip":13.2,"op":14.4,"st":13.2,"bm":0},{"ddd":0,"ind":13,"ty":2,"nm":"A_00012.jpg","cl":"jpg","refId":"image_12","sr":1,"ks":{"o":{"a":0,"k":100,"ix":11},"r":{"a":0,"k":0,"ix":10},"p":{"a":0,"k":[444.5,250,0],"ix":2},"a":{"a":0,"k":[444.5,250,0],"ix":1},"s":{"a":0,"k":[100,100,100],"ix":6}},"ao":0,"ip":14.4,"op":15.6,"st":14.4,"bm":0},{"ddd":0,"ind":14,"ty":2,"nm":"A_00013.jpg","cl":"jpg","refId":"image_13","sr":1,"ks":{"o":{"a":0,"k":100,"ix":11},"r":{"a":0,"k":0,"ix":10},"p":{"a":0,"k":[444.5,250,0],"ix":2},"a":{"a":0,"k":[444.5,250,0],"ix":1},"s":{"a":0,"k":[100,100,100],"ix":6}},"ao":0,"ip":15.6,"op":16.8,"st":15.6,"bm":0},{"ddd":0,"ind":15,"ty":2,"nm":"A_00014.jpg","cl":"jpg","refId":"image_14","sr":1,"ks":{"o":{"a":0,"k":100,"ix":11},"r":{"a":0,"k":0,"ix":10},"p":{"a":0,"k":[444.5,250,0],"ix":2},"a":{"a":0,"k":[444.5,250,0],"ix":1},"s":{"a":0,"k":[100,100,100],"ix":6}},"ao":0,"ip":16.8,"op":18,"st":16.8,"bm":0},{"ddd":0,"ind":16,"ty":2,"nm":"A_00015.jpg","cl":"jpg","refId":"image_15","sr":1,"ks":{"o":{"a":0,"k":100,"ix":11},"r":{"a":0,"k":0,"ix":10},"p":{"a":0,"k":[444.5,250,0],"ix":2},"a":{"a":0,"k":[444.5,250,0],"ix":1},"s":{"a":0,"k":[100,100,100],"ix":6}},"ao":0,"ip":18,"op":19.2,"st":18,"bm":0},{"ddd":0,"ind":17,"ty":2,"nm":"A_00016.jpg","cl":"jpg","refId":"image_16","sr":1,"ks":{"o":{"a":0,"k":100,"ix":11},"r":{"a":0,"k":0,"ix":10},"p":{"a":0,"k":[444.5,250,0],"ix":2},"a":{"a":0,"k":[444.5,250,0],"ix":1},"s":{"a":0,"k":[100,100,100],"ix":6}},"ao":0,"ip":19.2,"op":20.4,"st":19.2,"bm":0},{"ddd":0,"ind":18,"ty":2,"nm":"A_00017.jpg","cl":"jpg","refId":"image_17","sr":1,"ks":{"o":{"a":0,"k":100,"ix":11},"r":{"a":0,"k":0,"ix":10},"p":{"a":0,"k":[444.5,250,0],"ix":2},"a":{"a":0,"k":[444.5,250,0],"ix":1},"s":{"a":0,"k":[100,100,100],"ix":6}},"ao":0,"ip":20.4,"op":21.6,"st":20.4,"bm":0},{"ddd":0,"ind":19,"ty":2,"nm":"A_00018.jpg","cl":"jpg","refId":"image_18","sr":1,"ks":{"o":{"a":0,"k":100,"ix":11},"r":{"a":0,"k":0,"ix":10},"p":{"a":0,"k":[444.5,250,0],"ix":2},"a":{"a":0,"k":[444.5,250,0],"ix":1},"s":{"a":0,"k":[100,100,100],"ix":6}},"ao":0,"ip":21.6,"op":22.8,"st":21.6,"bm":0},{"ddd":0,"ind":20,"ty":2,"nm":"A_00019.jpg","cl":"jpg","refId":"image_19","sr":1,"ks":{"o":{"a":0,"k":100,"ix":11},"r":{"a":0,"k":0,"ix":10},"p":{"a":0,"k":[444.5,250,0],"ix":2},"a":{"a":0,"k":[444.5,250,0],"ix":1},"s":{"a":0,"k":[100,100,100],"ix":6}},"ao":0,"ip":22.8,"op":24,"st":22.8,"bm":0},{"ddd":0,"ind":21,"ty":2,"nm":"A_00020.jpg","cl":"jpg","refId":"image_20","sr":1,"ks":{"o":{"a":0,"k":100,"ix":11},"r":{"a":0,"k":0,"ix":10},"p":{"a":0,"k":[444.5,250,0],"ix":2},"a":{"a":0,"k":[444.5,250,0],"ix":1},"s":{"a":0,"k":[100,100,100],"ix":6}},"ao":0,"ip":24,"op":25.2,"st":24,"bm":0},{"ddd":0,"ind":22,"ty":2,"nm":"A_00021.jpg","cl":"jpg","refId":"image_21","sr":1,"ks":{"o":{"a":0,"k":100,"ix":11},"r":{"a":0,"k":0,"ix":10},"p":{"a":0,"k":[444.5,250,0],"ix":2},"a":{"a":0,"k":[444.5,250,0],"ix":1},"s":{"a":0,"k":[100,100,100],"ix":6}},"ao":0,"ip":25.2,"op":26.4,"st":25.2,"bm":0},{"ddd":0,"ind":23,"ty":2,"nm":"A_00022.jpg","cl":"jpg","refId":"image_22","sr":1,"ks":{"o":{"a":0,"k":100,"ix":11},"r":{"a":0,"k":0,"ix":10},"p":{"a":0,"k":[444.5,250,0],"ix":2},"a":{"a":0,"k":[444.5,250,0],"ix":1},"s":{"a":0,"k":[100,100,100],"ix":6}},"ao":0,"ip":26.4,"op":27.6,"st":26.4,"bm":0},{"ddd":0,"ind":24,"ty":2,"nm":"A_00023.jpg","cl":"jpg","refId":"image_23","sr":1,"ks":{"o":{"a":0,"k":100,"ix":11},"r":{"a":0,"k":0,"ix":10},"p":{"a":0,"k":[444.5,250,0],"ix":2},"a":{"a":0,"k":[444.5,250,0],"ix":1},"s":{"a":0,"k":[100,100,100],"ix":6}},"ao":0,"ip":27.6,"op":28.8,"st":27.6,"bm":0},{"ddd":0,"ind":25,"ty":2,"nm":"A_00024.jpg","cl":"jpg","refId":"image_24","sr":1,"ks":{"o":{"a":0,"k":100,"ix":11},"r":{"a":0,"k":0,"ix":10},"p":{"a":0,"k":[444.5,250,0],"ix":2},"a":{"a":0,"k":[444.5,250,0],"ix":1},"s":{"a":0,"k":[100,100,100],"ix":6}},"ao":0,"ip":28.8,"op":30,"st":28.8,"bm":0},{"ddd":0,"ind":26,"ty":2,"nm":"A_00025.jpg","cl":"jpg","refId":"image_25","sr":1,"ks":{"o":{"a":0,"k":100,"ix":11},"r":{"a":0,"k":0,"ix":10},"p":{"a":0,"k":[444.5,250,0],"ix":2},"a":{"a":0,"k":[444.5,250,0],"ix":1},"s":{"a":0,"k":[100,100,100],"ix":6}},"ao":0,"ip":30,"op":31.2,"st":30,"bm":0},{"ddd":0,"ind":27,"ty":2,"nm":"A_00026.jpg","cl":"jpg","refId":"image_26","sr":1,"ks":{"o":{"a":0,"k":100,"ix":11},"r":{"a":0,"k":0,"ix":10},"p":{"a":0,"k":[444.5,250,0],"ix":2},"a":{"a":0,"k":[444.5,250,0],"ix":1},"s":{"a":0,"k":[100,100,100],"ix":6}},"ao":0,"ip":31.2,"op":32.4,"st":31.2,"bm":0},{"ddd":0,"ind":28,"ty":2,"nm":"A_00027.jpg","cl":"jpg","refId":"image_27","sr":1,"ks":{"o":{"a":0,"k":100,"ix":11},"r":{"a":0,"k":0,"ix":10},"p":{"a":0,"k":[444.5,250,0],"ix":2},"a":{"a":0,"k":[444.5,250,0],"ix":1},"s":{"a":0,"k":[100,100,100],"ix":6}},"ao":0,"ip":32.4,"op":33.6,"st":32.4,"bm":0},{"ddd":0,"ind":29,"ty":2,"nm":"A_00028.jpg","cl":"jpg","refId":"image_28","sr":1,"ks":{"o":{"a":0,"k":100,"ix":11},"r":{"a":0,"k":0,"ix":10},"p":{"a":0,"k":[444.5,250,0],"ix":2},"a":{"a":0,"k":[444.5,250,0],"ix":1},"s":{"a":0,"k":[100,100,100],"ix":6}},"ao":0,"ip":33.6,"op":34.8,"st":33.6,"bm":0},{"ddd":0,"ind":30,"ty":2,"nm":"A_00029.jpg","cl":"jpg","refId":"image_29","sr":1,"ks":{"o":{"a":0,"k":100,"ix":11},"r":{"a":0,"k":0,"ix":10},"p":{"a":0,"k":[444.5,250,0],"ix":2},"a":{"a":0,"k":[444.5,250,0],"ix":1},"s":{"a":0,"k":[100,100,100],"ix":6}},"ao":0,"ip":34.8,"op":36,"st":34.8,"bm":0},{"ddd":0,"ind":31,"ty":2,"nm":"A_00030.jpg","cl":"jpg","refId":"image_30","sr":1,"ks":{"o":{"a":0,"k":100,"ix":11},"r":{"a":0,"k":0,"ix":10},"p":{"a":0,"k":[444.5,250,0],"ix":2},"a":{"a":0,"k":[444.5,250,0],"ix":1},"s":{"a":0,"k":[100,100,100],"ix":6}},"ao":0,"ip":36,"op":37.2,"st":36,"bm":0},{"ddd":0,"ind":32,"ty":2,"nm":"A_00031.jpg","cl":"jpg","refId":"image_31","sr":1,"ks":{"o":{"a":0,"k":100,"ix":11},"r":{"a":0,"k":0,"ix":10},"p":{"a":0,"k":[444.5,250,0],"ix":2},"a":{"a":0,"k":[444.5,250,0],"ix":1},"s":{"a":0,"k":[100,100,100],"ix":6}},"ao":0,"ip":37.2,"op":38.4,"st":37.2,"bm":0},{"ddd":0,"ind":33,"ty":2,"nm":"A_00032.jpg","cl":"jpg","refId":"image_32","sr":1,"ks":{"o":{"a":0,"k":100,"ix":11},"r":{"a":0,"k":0,"ix":10},"p":{"a":0,"k":[444.5,250,0],"ix":2},"a":{"a":0,"k":[444.5,250,0],"ix":1},"s":{"a":0,"k":[100,100,100],"ix":6}},"ao":0,"ip":38.4,"op":39.6,"st":38.4,"bm":0},{"ddd":0,"ind":34,"ty":2,"nm":"A_00033.jpg","cl":"jpg","refId":"image_33","sr":1,"ks":{"o":{"a":0,"k":100,"ix":11},"r":{"a":0,"k":0,"ix":10},"p":{"a":0,"k":[444.5,250,0],"ix":2},"a":{"a":0,"k":[444.5,250,0],"ix":1},"s":{"a":0,"k":[100,100,100],"ix":6}},"ao":0,"ip":39.6,"op":40.8,"st":39.6,"bm":0},{"ddd":0,"ind":35,"ty":2,"nm":"A_00034.jpg","cl":"jpg","refId":"image_34","sr":1,"ks":{"o":{"a":0,"k":100,"ix":11},"r":{"a":0,"k":0,"ix":10},"p":{"a":0,"k":[444.5,250,0],"ix":2},"a":{"a":0,"k":[444.5,250,0],"ix":1},"s":{"a":0,"k":[100,100,100],"ix":6}},"ao":0,"ip":40.8,"op":42,"st":40.8,"bm":0},{"ddd":0,"ind":36,"ty":2,"nm":"A_00035.jpg","cl":"jpg","refId":"image_35","sr":1,"ks":{"o":{"a":0,"k":100,"ix":11},"r":{"a":0,"k":0,"ix":10},"p":{"a":0,"k":[444.5,250,0],"ix":2},"a":{"a":0,"k":[444.5,250,0],"ix":1},"s":{"a":0,"k":[100,100,100],"ix":6}},"ao":0,"ip":42,"op":43.2,"st":42,"bm":0},{"ddd":0,"ind":37,"ty":2,"nm":"A_00036.jpg","cl":"jpg","refId":"image_36","sr":1,"ks":{"o":{"a":0,"k":100,"ix":11},"r":{"a":0,"k":0,"ix":10},"p":{"a":0,"k":[444.5,250,0],"ix":2},"a":{"a":0,"k":[444.5,250,0],"ix":1},"s":{"a":0,"k":[100,100,100],"ix":6}},"ao":0,"ip":43.2,"op":44.4,"st":43.2,"bm":0},{"ddd":0,"ind":38,"ty":2,"nm":"A_00037.jpg","cl":"jpg","refId":"image_37","sr":1,"ks":{"o":{"a":0,"k":100,"ix":11},"r":{"a":0,"k":0,"ix":10},"p":{"a":0,"k":[444.5,250,0],"ix":2},"a":{"a":0,"k":[444.5,250,0],"ix":1},"s":{"a":0,"k":[100,100,100],"ix":6}},"ao":0,"ip":44.4,"op":45.6,"st":44.4,"bm":0},{"ddd":0,"ind":39,"ty":2,"nm":"A_00038.jpg","cl":"jpg","refId":"image_38","sr":1,"ks":{"o":{"a":0,"k":100,"ix":11},"r":{"a":0,"k":0,"ix":10},"p":{"a":0,"k":[444.5,250,0],"ix":2},"a":{"a":0,"k":[444.5,250,0],"ix":1},"s":{"a":0,"k":[100,100,100],"ix":6}},"ao":0,"ip":45.6,"op":46.8,"st":45.6,"bm":0},{"ddd":0,"ind":40,"ty":2,"nm":"A_00039.jpg","cl":"jpg","refId":"image_39","sr":1,"ks":{"o":{"a":0,"k":100,"ix":11},"r":{"a":0,"k":0,"ix":10},"p":{"a":0,"k":[444.5,250,0],"ix":2},"a":{"a":0,"k":[444.5,250,0],"ix":1},"s":{"a":0,"k":[100,100,100],"ix":6}},"ao":0,"ip":46.8,"op":48,"st":46.8,"bm":0},{"ddd":0,"ind":41,"ty":2,"nm":"A_00040.jpg","cl":"jpg","refId":"image_40","sr":1,"ks":{"o":{"a":0,"k":100,"ix":11},"r":{"a":0,"k":0,"ix":10},"p":{"a":0,"k":[444.5,250,0],"ix":2},"a":{"a":0,"k":[444.5,250,0],"ix":1},"s":{"a":0,"k":[100,100,100],"ix":6}},"ao":0,"ip":48,"op":49.2,"st":48,"bm":0},{"ddd":0,"ind":42,"ty":2,"nm":"A_00041.jpg","cl":"jpg","refId":"image_41","sr":1,"ks":{"o":{"a":0,"k":100,"ix":11},"r":{"a":0,"k":0,"ix":10},"p":{"a":0,"k":[444.5,250,0],"ix":2},"a":{"a":0,"k":[444.5,250,0],"ix":1},"s":{"a":0,"k":[100,100,100],"ix":6}},"ao":0,"ip":49.2,"op":50.4,"st":49.2,"bm":0},{"ddd":0,"ind":43,"ty":2,"nm":"A_00042.jpg","cl":"jpg","refId":"image_42","sr":1,"ks":{"o":{"a":0,"k":100,"ix":11},"r":{"a":0,"k":0,"ix":10},"p":{"a":0,"k":[444.5,250,0],"ix":2},"a":{"a":0,"k":[444.5,250,0],"ix":1},"s":{"a":0,"k":[100,100,100],"ix":6}},"ao":0,"ip":50.4,"op":51.6,"st":50.4,"bm":0},{"ddd":0,"ind":44,"ty":2,"nm":"A_00043.jpg","cl":"jpg","refId":"image_43","sr":1,"ks":{"o":{"a":0,"k":100,"ix":11},"r":{"a":0,"k":0,"ix":10},"p":{"a":0,"k":[444.5,250,0],"ix":2},"a":{"a":0,"k":[444.5,250,0],"ix":1},"s":{"a":0,"k":[100,100,100],"ix":6}},"ao":0,"ip":51.6,"op":52.8,"st":51.6,"bm":0},{"ddd":0,"ind":45,"ty":2,"nm":"A_00044.jpg","cl":"jpg","refId":"image_44","sr":1,"ks":{"o":{"a":0,"k":100,"ix":11},"r":{"a":0,"k":0,"ix":10},"p":{"a":0,"k":[444.5,250,0],"ix":2},"a":{"a":0,"k":[444.5,250,0],"ix":1},"s":{"a":0,"k":[100,100,100],"ix":6}},"ao":0,"ip":52.8,"op":54,"st":52.8,"bm":0},{"ddd":0,"ind":46,"ty":2,"nm":"A_00045.jpg","cl":"jpg","refId":"image_45","sr":1,"ks":{"o":{"a":0,"k":100,"ix":11},"r":{"a":0,"k":0,"ix":10},"p":{"a":0,"k":[444.5,250,0],"ix":2},"a":{"a":0,"k":[444.5,250,0],"ix":1},"s":{"a":0,"k":[100,100,100],"ix":6}},"ao":0,"ip":54,"op":55.2,"st":54,"bm":0},{"ddd":0,"ind":47,"ty":2,"nm":"A_00046.jpg","cl":"jpg","refId":"image_46","sr":1,"ks":{"o":{"a":0,"k":100,"ix":11},"r":{"a":0,"k":0,"ix":10},"p":{"a":0,"k":[444.5,250,0],"ix":2},"a":{"a":0,"k":[444.5,250,0],"ix":1},"s":{"a":0,"k":[100,100,100],"ix":6}},"ao":0,"ip":55.2,"op":56.4,"st":55.2,"bm":0},{"ddd":0,"ind":48,"ty":2,"nm":"A_00047.jpg","cl":"jpg","refId":"image_47","sr":1,"ks":{"o":{"a":0,"k":100,"ix":11},"r":{"a":0,"k":0,"ix":10},"p":{"a":0,"k":[444.5,250,0],"ix":2},"a":{"a":0,"k":[444.5,250,0],"ix":1},"s":{"a":0,"k":[100,100,100],"ix":6}},"ao":0,"ip":56.4,"op":57.6,"st":56.4,"bm":0},{"ddd":0,"ind":49,"ty":2,"nm":"A_00048.jpg","cl":"jpg","refId":"image_48","sr":1,"ks":{"o":{"a":0,"k":100,"ix":11},"r":{"a":0,"k":0,"ix":10},"p":{"a":0,"k":[444.5,250,0],"ix":2},"a":{"a":0,"k":[444.5,250,0],"ix":1},"s":{"a":0,"k":[100,100,100],"ix":6}},"ao":0,"ip":57.6,"op":58.8,"st":57.6,"bm":0},{"ddd":0,"ind":50,"ty":2,"nm":"A_00049.jpg","cl":"jpg","refId":"image_49","sr":1,"ks":{"o":{"a":0,"k":100,"ix":11},"r":{"a":0,"k":0,"ix":10},"p":{"a":0,"k":[444.5,250,0],"ix":2},"a":{"a":0,"k":[444.5,250,0],"ix":1},"s":{"a":0,"k":[100,100,100],"ix":6}},"ao":0,"ip":58.8,"op":60,"st":58.8,"bm":0},{"ddd":0,"ind":51,"ty":2,"nm":"A_00050.jpg","cl":"jpg","refId":"image_50","sr":1,"ks":{"o":{"a":0,"k":100,"ix":11},"r":{"a":0,"k":0,"ix":10},"p":{"a":0,"k":[444.5,250,0],"ix":2},"a":{"a":0,"k":[444.5,250,0],"ix":1},"s":{"a":0,"k":[100,100,100],"ix":6}},"ao":0,"ip":60,"op":61.2,"st":60,"bm":0},{"ddd":0,"ind":52,"ty":2,"nm":"A_00051.jpg","cl":"jpg","refId":"image_51","sr":1,"ks":{"o":{"a":0,"k":100,"ix":11},"r":{"a":0,"k":0,"ix":10},"p":{"a":0,"k":[444.5,250,0],"ix":2},"a":{"a":0,"k":[444.5,250,0],"ix":1},"s":{"a":0,"k":[100,100,100],"ix":6}},"ao":0,"ip":61.2,"op":62.4,"st":61.2,"bm":0},{"ddd":0,"ind":53,"ty":2,"nm":"A_00052.jpg","cl":"jpg","refId":"image_52","sr":1,"ks":{"o":{"a":0,"k":100,"ix":11},"r":{"a":0,"k":0,"ix":10},"p":{"a":0,"k":[444.5,250,0],"ix":2},"a":{"a":0,"k":[444.5,250,0],"ix":1},"s":{"a":0,"k":[100,100,100],"ix":6}},"ao":0,"ip":62.4,"op":63.6,"st":62.4,"bm":0},{"ddd":0,"ind":54,"ty":2,"nm":"A_00053.jpg","cl":"jpg","refId":"image_53","sr":1,"ks":{"o":{"a":0,"k":100,"ix":11},"r":{"a":0,"k":0,"ix":10},"p":{"a":0,"k":[444.5,250,0],"ix":2},"a":{"a":0,"k":[444.5,250,0],"ix":1},"s":{"a":0,"k":[100,100,100],"ix":6}},"ao":0,"ip":63.6,"op":64.8,"st":63.6,"bm":0},{"ddd":0,"ind":55,"ty":2,"nm":"A_00054.jpg","cl":"jpg","refId":"image_54","sr":1,"ks":{"o":{"a":0,"k":100,"ix":11},"r":{"a":0,"k":0,"ix":10},"p":{"a":0,"k":[444.5,250,0],"ix":2},"a":{"a":0,"k":[444.5,250,0],"ix":1},"s":{"a":0,"k":[100,100,100],"ix":6}},"ao":0,"ip":64.8,"op":66,"st":64.8,"bm":0},{"ddd":0,"ind":56,"ty":2,"nm":"A_00055.jpg","cl":"jpg","refId":"image_55","sr":1,"ks":{"o":{"a":0,"k":100,"ix":11},"r":{"a":0,"k":0,"ix":10},"p":{"a":0,"k":[444.5,250,0],"ix":2},"a":{"a":0,"k":[444.5,250,0],"ix":1},"s":{"a":0,"k":[100,100,100],"ix":6}},"ao":0,"ip":66,"op":67.2,"st":66,"bm":0},{"ddd":0,"ind":57,"ty":2,"nm":"A_00056.jpg","cl":"jpg","refId":"image_56","sr":1,"ks":{"o":{"a":0,"k":100,"ix":11},"r":{"a":0,"k":0,"ix":10},"p":{"a":0,"k":[444.5,250,0],"ix":2},"a":{"a":0,"k":[444.5,250,0],"ix":1},"s":{"a":0,"k":[100,100,100],"ix":6}},"ao":0,"ip":67.2,"op":68.4,"st":67.2,"bm":0},{"ddd":0,"ind":58,"ty":2,"nm":"A_00057.jpg","cl":"jpg","refId":"image_57","sr":1,"ks":{"o":{"a":0,"k":100,"ix":11},"r":{"a":0,"k":0,"ix":10},"p":{"a":0,"k":[444.5,250,0],"ix":2},"a":{"a":0,"k":[444.5,250,0],"ix":1},"s":{"a":0,"k":[100,100,100],"ix":6}},"ao":0,"ip":68.4,"op":69.6,"st":68.4,"bm":0},{"ddd":0,"ind":59,"ty":2,"nm":"A_00058.jpg","cl":"jpg","refId":"image_58","sr":1,"ks":{"o":{"a":0,"k":100,"ix":11},"r":{"a":0,"k":0,"ix":10},"p":{"a":0,"k":[444.5,250,0],"ix":2},"a":{"a":0,"k":[444.5,250,0],"ix":1},"s":{"a":0,"k":[100,100,100],"ix":6}},"ao":0,"ip":69.6,"op":70.8,"st":69.6,"bm":0},{"ddd":0,"ind":60,"ty":2,"nm":"A_00059.jpg","cl":"jpg","refId":"image_59","sr":1,"ks":{"o":{"a":0,"k":100,"ix":11},"r":{"a":0,"k":0,"ix":10},"p":{"a":0,"k":[444.5,250,0],"ix":2},"a":{"a":0,"k":[444.5,250,0],"ix":1},"s":{"a":0,"k":[100,100,100],"ix":6}},"ao":0,"ip":70.8,"op":72,"st":70.8,"bm":0},{"ddd":0,"ind":61,"ty":2,"nm":"A_00060.jpg","cl":"jpg","refId":"image_60","sr":1,"ks":{"o":{"a":0,"k":100,"ix":11},"r":{"a":0,"k":0,"ix":10},"p":{"a":0,"k":[444.5,250,0],"ix":2},"a":{"a":0,"k":[444.5,250,0],"ix":1},"s":{"a":0,"k":[100,100,100],"ix":6}},"ao":0,"ip":72,"op":73.2,"st":72,"bm":0},{"ddd":0,"ind":62,"ty":2,"nm":"A_00061.jpg","cl":"jpg","refId":"image_61","sr":1,"ks":{"o":{"a":0,"k":100,"ix":11},"r":{"a":0,"k":0,"ix":10},"p":{"a":0,"k":[444.5,250,0],"ix":2},"a":{"a":0,"k":[444.5,250,0],"ix":1},"s":{"a":0,"k":[100,100,100],"ix":6}},"ao":0,"ip":73.2,"op":74.4,"st":73.2,"bm":0},{"ddd":0,"ind":63,"ty":2,"nm":"A_00062.jpg","cl":"jpg","refId":"image_62","sr":1,"ks":{"o":{"a":0,"k":100,"ix":11},"r":{"a":0,"k":0,"ix":10},"p":{"a":0,"k":[444.5,250,0],"ix":2},"a":{"a":0,"k":[444.5,250,0],"ix":1},"s":{"a":0,"k":[100,100,100],"ix":6}},"ao":0,"ip":74.4,"op":75.6,"st":74.4,"bm":0},{"ddd":0,"ind":64,"ty":2,"nm":"A_00063.jpg","cl":"jpg","refId":"image_63","sr":1,"ks":{"o":{"a":0,"k":100,"ix":11},"r":{"a":0,"k":0,"ix":10},"p":{"a":0,"k":[444.5,250,0],"ix":2},"a":{"a":0,"k":[444.5,250,0],"ix":1},"s":{"a":0,"k":[100,100,100],"ix":6}},"ao":0,"ip":75.6,"op":76.8,"st":75.6,"bm":0},{"ddd":0,"ind":65,"ty":2,"nm":"A_00064.jpg","cl":"jpg","refId":"image_64","sr":1,"ks":{"o":{"a":0,"k":100,"ix":11},"r":{"a":0,"k":0,"ix":10},"p":{"a":0,"k":[444.5,250,0],"ix":2},"a":{"a":0,"k":[444.5,250,0],"ix":1},"s":{"a":0,"k":[100,100,100],"ix":6}},"ao":0,"ip":76.8,"op":78,"st":76.8,"bm":0},{"ddd":0,"ind":66,"ty":2,"nm":"A_00065.jpg","cl":"jpg","refId":"image_65","sr":1,"ks":{"o":{"a":0,"k":100,"ix":11},"r":{"a":0,"k":0,"ix":10},"p":{"a":0,"k":[444.5,250,0],"ix":2},"a":{"a":0,"k":[444.5,250,0],"ix":1},"s":{"a":0,"k":[100,100,100],"ix":6}},"ao":0,"ip":78,"op":79.2,"st":78,"bm":0},{"ddd":0,"ind":67,"ty":2,"nm":"A_00066.jpg","cl":"jpg","refId":"image_66","sr":1,"ks":{"o":{"a":0,"k":100,"ix":11},"r":{"a":0,"k":0,"ix":10},"p":{"a":0,"k":[444.5,250,0],"ix":2},"a":{"a":0,"k":[444.5,250,0],"ix":1},"s":{"a":0,"k":[100,100,100],"ix":6}},"ao":0,"ip":79.2,"op":80.4,"st":79.2,"bm":0},{"ddd":0,"ind":68,"ty":2,"nm":"A_00067.jpg","cl":"jpg","refId":"image_67","sr":1,"ks":{"o":{"a":0,"k":100,"ix":11},"r":{"a":0,"k":0,"ix":10},"p":{"a":0,"k":[444.5,250,0],"ix":2},"a":{"a":0,"k":[444.5,250,0],"ix":1},"s":{"a":0,"k":[100,100,100],"ix":6}},"ao":0,"ip":80.4,"op":81.6,"st":80.4,"bm":0},{"ddd":0,"ind":69,"ty":2,"nm":"A_00068.jpg","cl":"jpg","refId":"image_68","sr":1,"ks":{"o":{"a":0,"k":100,"ix":11},"r":{"a":0,"k":0,"ix":10},"p":{"a":0,"k":[444.5,250,0],"ix":2},"a":{"a":0,"k":[444.5,250,0],"ix":1},"s":{"a":0,"k":[100,100,100],"ix":6}},"ao":0,"ip":81.6,"op":82.8,"st":81.6,"bm":0},{"ddd":0,"ind":70,"ty":2,"nm":"A_00069.jpg","cl":"jpg","refId":"image_69","sr":1,"ks":{"o":{"a":0,"k":100,"ix":11},"r":{"a":0,"k":0,"ix":10},"p":{"a":0,"k":[444.5,250,0],"ix":2},"a":{"a":0,"k":[444.5,250,0],"ix":1},"s":{"a":0,"k":[100,100,100],"ix":6}},"ao":0,"ip":82.8,"op":84,"st":82.8,"bm":0},{"ddd":0,"ind":71,"ty":2,"nm":"A_00070.jpg","cl":"jpg","refId":"image_70","sr":1,"ks":{"o":{"a":0,"k":100,"ix":11},"r":{"a":0,"k":0,"ix":10},"p":{"a":0,"k":[444.5,250,0],"ix":2},"a":{"a":0,"k":[444.5,250,0],"ix":1},"s":{"a":0,"k":[100,100,100],"ix":6}},"ao":0,"ip":84,"op":85.2,"st":84,"bm":0},{"ddd":0,"ind":72,"ty":2,"nm":"A_00071.jpg","cl":"jpg","refId":"image_71","sr":1,"ks":{"o":{"a":0,"k":100,"ix":11},"r":{"a":0,"k":0,"ix":10},"p":{"a":0,"k":[444.5,250,0],"ix":2},"a":{"a":0,"k":[444.5,250,0],"ix":1},"s":{"a":0,"k":[100,100,100],"ix":6}},"ao":0,"ip":85.2,"op":86.4,"st":85.2,"bm":0},{"ddd":0,"ind":73,"ty":2,"nm":"A_00072.jpg","cl":"jpg","refId":"image_72","sr":1,"ks":{"o":{"a":0,"k":100,"ix":11},"r":{"a":0,"k":0,"ix":10},"p":{"a":0,"k":[444.5,250,0],"ix":2},"a":{"a":0,"k":[444.5,250,0],"ix":1},"s":{"a":0,"k":[100,100,100],"ix":6}},"ao":0,"ip":86.4,"op":87.6,"st":86.4,"bm":0},{"ddd":0,"ind":74,"ty":2,"nm":"A_00073.jpg","cl":"jpg","refId":"image_73","sr":1,"ks":{"o":{"a":0,"k":100,"ix":11},"r":{"a":0,"k":0,"ix":10},"p":{"a":0,"k":[444.5,250,0],"ix":2},"a":{"a":0,"k":[444.5,250,0],"ix":1},"s":{"a":0,"k":[100,100,100],"ix":6}},"ao":0,"ip":87.6,"op":88.8,"st":87.6,"bm":0},{"ddd":0,"ind":75,"ty":2,"nm":"A_00074.jpg","cl":"jpg","refId":"image_74","sr":1,"ks":{"o":{"a":0,"k":100,"ix":11},"r":{"a":0,"k":0,"ix":10},"p":{"a":0,"k":[444.5,250,0],"ix":2},"a":{"a":0,"k":[444.5,250,0],"ix":1},"s":{"a":0,"k":[100,100,100],"ix":6}},"ao":0,"ip":88.8,"op":90,"st":88.8,"bm":0},{"ddd":0,"ind":76,"ty":2,"nm":"A_00075.jpg","cl":"jpg","refId":"image_75","sr":1,"ks":{"o":{"a":0,"k":100,"ix":11},"r":{"a":0,"k":0,"ix":10},"p":{"a":0,"k":[444.5,250,0],"ix":2},"a":{"a":0,"k":[444.5,250,0],"ix":1},"s":{"a":0,"k":[100,100,100],"ix":6}},"ao":0,"ip":90,"op":91.2,"st":90,"bm":0},{"ddd":0,"ind":77,"ty":2,"nm":"A_00076.jpg","cl":"jpg","refId":"image_76","sr":1,"ks":{"o":{"a":0,"k":100,"ix":11},"r":{"a":0,"k":0,"ix":10},"p":{"a":0,"k":[444.5,250,0],"ix":2},"a":{"a":0,"k":[444.5,250,0],"ix":1},"s":{"a":0,"k":[100,100,100],"ix":6}},"ao":0,"ip":91.2,"op":92.4,"st":91.2,"bm":0},{"ddd":0,"ind":78,"ty":2,"nm":"A_00077.jpg","cl":"jpg","refId":"image_77","sr":1,"ks":{"o":{"a":0,"k":100,"ix":11},"r":{"a":0,"k":0,"ix":10},"p":{"a":0,"k":[444.5,250,0],"ix":2},"a":{"a":0,"k":[444.5,250,0],"ix":1},"s":{"a":0,"k":[100,100,100],"ix":6}},"ao":0,"ip":92.4,"op":93.6,"st":92.4,"bm":0},{"ddd":0,"ind":79,"ty":2,"nm":"A_00078.jpg","cl":"jpg","refId":"image_78","sr":1,"ks":{"o":{"a":0,"k":100,"ix":11},"r":{"a":0,"k":0,"ix":10},"p":{"a":0,"k":[444.5,250,0],"ix":2},"a":{"a":0,"k":[444.5,250,0],"ix":1},"s":{"a":0,"k":[100,100,100],"ix":6}},"ao":0,"ip":93.6,"op":94.8,"st":93.6,"bm":0},{"ddd":0,"ind":80,"ty":2,"nm":"A_00079.jpg","cl":"jpg","refId":"image_79","sr":1,"ks":{"o":{"a":0,"k":100,"ix":11},"r":{"a":0,"k":0,"ix":10},"p":{"a":0,"k":[444.5,250,0],"ix":2},"a":{"a":0,"k":[444.5,250,0],"ix":1},"s":{"a":0,"k":[100,100,100],"ix":6}},"ao":0,"ip":94.8,"op":96,"st":94.8,"bm":0},{"ddd":0,"ind":81,"ty":2,"nm":"A_00080.jpg","cl":"jpg","refId":"image_80","sr":1,"ks":{"o":{"a":0,"k":100,"ix":11},"r":{"a":0,"k":0,"ix":10},"p":{"a":0,"k":[444.5,250,0],"ix":2},"a":{"a":0,"k":[444.5,250,0],"ix":1},"s":{"a":0,"k":[100,100,100],"ix":6}},"ao":0,"ip":96,"op":97.2,"st":96,"bm":0},{"ddd":0,"ind":82,"ty":2,"nm":"A_00081.jpg","cl":"jpg","refId":"image_81","sr":1,"ks":{"o":{"a":0,"k":100,"ix":11},"r":{"a":0,"k":0,"ix":10},"p":{"a":0,"k":[444.5,250,0],"ix":2},"a":{"a":0,"k":[444.5,250,0],"ix":1},"s":{"a":0,"k":[100,100,100],"ix":6}},"ao":0,"ip":97.2,"op":98.4,"st":97.2,"bm":0},{"ddd":0,"ind":83,"ty":2,"nm":"A_00082.jpg","cl":"jpg","refId":"image_82","sr":1,"ks":{"o":{"a":0,"k":100,"ix":11},"r":{"a":0,"k":0,"ix":10},"p":{"a":0,"k":[444.5,250,0],"ix":2},"a":{"a":0,"k":[444.5,250,0],"ix":1},"s":{"a":0,"k":[100,100,100],"ix":6}},"ao":0,"ip":98.4,"op":99.6,"st":98.4,"bm":0},{"ddd":0,"ind":84,"ty":2,"nm":"A_00083.jpg","cl":"jpg","refId":"image_83","sr":1,"ks":{"o":{"a":0,"k":100,"ix":11},"r":{"a":0,"k":0,"ix":10},"p":{"a":0,"k":[444.5,250,0],"ix":2},"a":{"a":0,"k":[444.5,250,0],"ix":1},"s":{"a":0,"k":[100,100,100],"ix":6}},"ao":0,"ip":99.6,"op":100.8,"st":99.6,"bm":0},{"ddd":0,"ind":85,"ty":2,"nm":"A_00084.jpg","cl":"jpg","refId":"image_84","sr":1,"ks":{"o":{"a":0,"k":100,"ix":11},"r":{"a":0,"k":0,"ix":10},"p":{"a":0,"k":[444.5,250,0],"ix":2},"a":{"a":0,"k":[444.5,250,0],"ix":1},"s":{"a":0,"k":[100,100,100],"ix":6}},"ao":0,"ip":100.8,"op":102,"st":100.8,"bm":0},{"ddd":0,"ind":86,"ty":2,"nm":"A_00085.jpg","cl":"jpg","refId":"image_85","sr":1,"ks":{"o":{"a":0,"k":100,"ix":11},"r":{"a":0,"k":0,"ix":10},"p":{"a":0,"k":[444.5,250,0],"ix":2},"a":{"a":0,"k":[444.5,250,0],"ix":1},"s":{"a":0,"k":[100,100,100],"ix":6}},"ao":0,"ip":102,"op":103.2,"st":102,"bm":0},{"ddd":0,"ind":87,"ty":2,"nm":"A_00086.jpg","cl":"jpg","refId":"image_86","sr":1,"ks":{"o":{"a":0,"k":100,"ix":11},"r":{"a":0,"k":0,"ix":10},"p":{"a":0,"k":[444.5,250,0],"ix":2},"a":{"a":0,"k":[444.5,250,0],"ix":1},"s":{"a":0,"k":[100,100,100],"ix":6}},"ao":0,"ip":103.2,"op":104.4,"st":103.2,"bm":0},{"ddd":0,"ind":88,"ty":2,"nm":"A_00087.jpg","cl":"jpg","refId":"image_87","sr":1,"ks":{"o":{"a":0,"k":100,"ix":11},"r":{"a":0,"k":0,"ix":10},"p":{"a":0,"k":[444.5,250,0],"ix":2},"a":{"a":0,"k":[444.5,250,0],"ix":1},"s":{"a":0,"k":[100,100,100],"ix":6}},"ao":0,"ip":104.4,"op":105.6,"st":104.4,"bm":0},{"ddd":0,"ind":89,"ty":2,"nm":"A_00088.jpg","cl":"jpg","refId":"image_88","sr":1,"ks":{"o":{"a":0,"k":100,"ix":11},"r":{"a":0,"k":0,"ix":10},"p":{"a":0,"k":[444.5,250,0],"ix":2},"a":{"a":0,"k":[444.5,250,0],"ix":1},"s":{"a":0,"k":[100,100,100],"ix":6}},"ao":0,"ip":105.6,"op":106.8,"st":105.6,"bm":0},{"ddd":0,"ind":90,"ty":2,"nm":"A_00089.jpg","cl":"jpg","refId":"image_89","sr":1,"ks":{"o":{"a":0,"k":100,"ix":11},"r":{"a":0,"k":0,"ix":10},"p":{"a":0,"k":[444.5,250,0],"ix":2},"a":{"a":0,"k":[444.5,250,0],"ix":1},"s":{"a":0,"k":[100,100,100],"ix":6}},"ao":0,"ip":106.8,"op":108,"st":106.8,"bm":0},{"ddd":0,"ind":91,"ty":2,"nm":"A_00090.jpg","cl":"jpg","refId":"image_90","sr":1,"ks":{"o":{"a":0,"k":100,"ix":11},"r":{"a":0,"k":0,"ix":10},"p":{"a":0,"k":[444.5,250,0],"ix":2},"a":{"a":0,"k":[444.5,250,0],"ix":1},"s":{"a":0,"k":[100,100,100],"ix":6}},"ao":0,"ip":108,"op":109.2,"st":108,"bm":0},{"ddd":0,"ind":92,"ty":2,"nm":"A_00091.jpg","cl":"jpg","refId":"image_91","sr":1,"ks":{"o":{"a":0,"k":100,"ix":11},"r":{"a":0,"k":0,"ix":10},"p":{"a":0,"k":[444.5,250,0],"ix":2},"a":{"a":0,"k":[444.5,250,0],"ix":1},"s":{"a":0,"k":[100,100,100],"ix":6}},"ao":0,"ip":109.2,"op":110.4,"st":109.2,"bm":0},{"ddd":0,"ind":93,"ty":2,"nm":"A_00092.jpg","cl":"jpg","refId":"image_92","sr":1,"ks":{"o":{"a":0,"k":100,"ix":11},"r":{"a":0,"k":0,"ix":10},"p":{"a":0,"k":[444.5,250,0],"ix":2},"a":{"a":0,"k":[444.5,250,0],"ix":1},"s":{"a":0,"k":[100,100,100],"ix":6}},"ao":0,"ip":110.4,"op":111.6,"st":110.4,"bm":0},{"ddd":0,"ind":94,"ty":2,"nm":"A_00093.jpg","cl":"jpg","refId":"image_93","sr":1,"ks":{"o":{"a":0,"k":100,"ix":11},"r":{"a":0,"k":0,"ix":10},"p":{"a":0,"k":[444.5,250,0],"ix":2},"a":{"a":0,"k":[444.5,250,0],"ix":1},"s":{"a":0,"k":[100,100,100],"ix":6}},"ao":0,"ip":111.6,"op":112.8,"st":111.6,"bm":0},{"ddd":0,"ind":95,"ty":2,"nm":"A_00094.jpg","cl":"jpg","refId":"image_94","sr":1,"ks":{"o":{"a":0,"k":100,"ix":11},"r":{"a":0,"k":0,"ix":10},"p":{"a":0,"k":[444.5,250,0],"ix":2},"a":{"a":0,"k":[444.5,250,0],"ix":1},"s":{"a":0,"k":[100,100,100],"ix":6}},"ao":0,"ip":112.8,"op":114,"st":112.8,"bm":0},{"ddd":0,"ind":96,"ty":2,"nm":"A_00095.jpg","cl":"jpg","refId":"image_95","sr":1,"ks":{"o":{"a":0,"k":100,"ix":11},"r":{"a":0,"k":0,"ix":10},"p":{"a":0,"k":[444.5,250,0],"ix":2},"a":{"a":0,"k":[444.5,250,0],"ix":1},"s":{"a":0,"k":[100,100,100],"ix":6}},"ao":0,"ip":114,"op":115.2,"st":114,"bm":0},{"ddd":0,"ind":97,"ty":2,"nm":"A_00096.jpg","cl":"jpg","refId":"image_96","sr":1,"ks":{"o":{"a":0,"k":100,"ix":11},"r":{"a":0,"k":0,"ix":10},"p":{"a":0,"k":[444.5,250,0],"ix":2},"a":{"a":0,"k":[444.5,250,0],"ix":1},"s":{"a":0,"k":[100,100,100],"ix":6}},"ao":0,"ip":115.2,"op":116.4,"st":115.2,"bm":0},{"ddd":0,"ind":98,"ty":2,"nm":"A_00097.jpg","cl":"jpg","refId":"image_97","sr":1,"ks":{"o":{"a":0,"k":100,"ix":11},"r":{"a":0,"k":0,"ix":10},"p":{"a":0,"k":[444.5,250,0],"ix":2},"a":{"a":0,"k":[444.5,250,0],"ix":1},"s":{"a":0,"k":[100,100,100],"ix":6}},"ao":0,"ip":116.4,"op":117.6,"st":116.4,"bm":0},{"ddd":0,"ind":99,"ty":2,"nm":"A_00098.jpg","cl":"jpg","refId":"image_98","sr":1,"ks":{"o":{"a":0,"k":100,"ix":11},"r":{"a":0,"k":0,"ix":10},"p":{"a":0,"k":[444.5,250,0],"ix":2},"a":{"a":0,"k":[444.5,250,0],"ix":1},"s":{"a":0,"k":[100,100,100],"ix":6}},"ao":0,"ip":117.6,"op":118.8,"st":117.6,"bm":0},{"ddd":0,"ind":100,"ty":2,"nm":"A_00099.jpg","cl":"jpg","refId":"image_99","sr":1,"ks":{"o":{"a":0,"k":100,"ix":11},"r":{"a":0,"k":0,"ix":10},"p":{"a":0,"k":[444.5,250,0],"ix":2},"a":{"a":0,"k":[444.5,250,0],"ix":1},"s":{"a":0,"k":[100,100,100],"ix":6}},"ao":0,"ip":118.8,"op":120,"st":118.8,"bm":0},{"ddd":0,"ind":101,"ty":2,"nm":"A_00100.jpg","cl":"jpg","refId":"image_100","sr":1,"ks":{"o":{"a":0,"k":100,"ix":11},"r":{"a":0,"k":0,"ix":10},"p":{"a":0,"k":[444.5,250,0],"ix":2},"a":{"a":0,"k":[444.5,250,0],"ix":1},"s":{"a":0,"k":[100,100,100],"ix":6}},"ao":0,"ip":120,"op":121.2,"st":120,"bm":0},{"ddd":0,"ind":102,"ty":2,"nm":"A_00101.jpg","cl":"jpg","refId":"image_101","sr":1,"ks":{"o":{"a":0,"k":100,"ix":11},"r":{"a":0,"k":0,"ix":10},"p":{"a":0,"k":[444.5,250,0],"ix":2},"a":{"a":0,"k":[444.5,250,0],"ix":1},"s":{"a":0,"k":[100,100,100],"ix":6}},"ao":0,"ip":121.2,"op":122.4,"st":121.2,"bm":0},{"ddd":0,"ind":103,"ty":2,"nm":"A_00102.jpg","cl":"jpg","refId":"image_102","sr":1,"ks":{"o":{"a":0,"k":100,"ix":11},"r":{"a":0,"k":0,"ix":10},"p":{"a":0,"k":[444.5,250,0],"ix":2},"a":{"a":0,"k":[444.5,250,0],"ix":1},"s":{"a":0,"k":[100,100,100],"ix":6}},"ao":0,"ip":122.4,"op":123.6,"st":122.4,"bm":0},{"ddd":0,"ind":104,"ty":2,"nm":"A_00103.jpg","cl":"jpg","refId":"image_103","sr":1,"ks":{"o":{"a":0,"k":100,"ix":11},"r":{"a":0,"k":0,"ix":10},"p":{"a":0,"k":[444.5,250,0],"ix":2},"a":{"a":0,"k":[444.5,250,0],"ix":1},"s":{"a":0,"k":[100,100,100],"ix":6}},"ao":0,"ip":123.6,"op":124.8,"st":123.6,"bm":0},{"ddd":0,"ind":105,"ty":2,"nm":"A_00104.jpg","cl":"jpg","refId":"image_104","sr":1,"ks":{"o":{"a":0,"k":100,"ix":11},"r":{"a":0,"k":0,"ix":10},"p":{"a":0,"k":[444.5,250,0],"ix":2},"a":{"a":0,"k":[444.5,250,0],"ix":1},"s":{"a":0,"k":[100,100,100],"ix":6}},"ao":0,"ip":124.8,"op":126,"st":124.8,"bm":0},{"ddd":0,"ind":106,"ty":2,"nm":"A_00105.jpg","cl":"jpg","refId":"image_105","sr":1,"ks":{"o":{"a":0,"k":100,"ix":11},"r":{"a":0,"k":0,"ix":10},"p":{"a":0,"k":[444.5,250,0],"ix":2},"a":{"a":0,"k":[444.5,250,0],"ix":1},"s":{"a":0,"k":[100,100,100],"ix":6}},"ao":0,"ip":126,"op":127.2,"st":126,"bm":0},{"ddd":0,"ind":107,"ty":2,"nm":"A_00106.jpg","cl":"jpg","refId":"image_106","sr":1,"ks":{"o":{"a":0,"k":100,"ix":11},"r":{"a":0,"k":0,"ix":10},"p":{"a":0,"k":[444.5,250,0],"ix":2},"a":{"a":0,"k":[444.5,250,0],"ix":1},"s":{"a":0,"k":[100,100,100],"ix":6}},"ao":0,"ip":127.2,"op":128.4,"st":127.2,"bm":0},{"ddd":0,"ind":108,"ty":2,"nm":"A_00107.jpg","cl":"jpg","refId":"image_107","sr":1,"ks":{"o":{"a":0,"k":100,"ix":11},"r":{"a":0,"k":0,"ix":10},"p":{"a":0,"k":[444.5,250,0],"ix":2},"a":{"a":0,"k":[444.5,250,0],"ix":1},"s":{"a":0,"k":[100,100,100],"ix":6}},"ao":0,"ip":128.4,"op":129.6,"st":128.4,"bm":0},{"ddd":0,"ind":109,"ty":2,"nm":"A_00108.jpg","cl":"jpg","refId":"image_108","sr":1,"ks":{"o":{"a":0,"k":100,"ix":11},"r":{"a":0,"k":0,"ix":10},"p":{"a":0,"k":[444.5,250,0],"ix":2},"a":{"a":0,"k":[444.5,250,0],"ix":1},"s":{"a":0,"k":[100,100,100],"ix":6}},"ao":0,"ip":129.6,"op":130.8,"st":129.6,"bm":0},{"ddd":0,"ind":110,"ty":2,"nm":"A_00109.jpg","cl":"jpg","refId":"image_109","sr":1,"ks":{"o":{"a":0,"k":100,"ix":11},"r":{"a":0,"k":0,"ix":10},"p":{"a":0,"k":[444.5,250,0],"ix":2},"a":{"a":0,"k":[444.5,250,0],"ix":1},"s":{"a":0,"k":[100,100,100],"ix":6}},"ao":0,"ip":130.8,"op":132,"st":130.8,"bm":0},{"ddd":0,"ind":111,"ty":2,"nm":"A_00110.jpg","cl":"jpg","refId":"image_110","sr":1,"ks":{"o":{"a":0,"k":100,"ix":11},"r":{"a":0,"k":0,"ix":10},"p":{"a":0,"k":[444.5,250,0],"ix":2},"a":{"a":0,"k":[444.5,250,0],"ix":1},"s":{"a":0,"k":[100,100,100],"ix":6}},"ao":0,"ip":132,"op":133.2,"st":132,"bm":0},{"ddd":0,"ind":112,"ty":2,"nm":"A_00111.jpg","cl":"jpg","refId":"image_111","sr":1,"ks":{"o":{"a":0,"k":100,"ix":11},"r":{"a":0,"k":0,"ix":10},"p":{"a":0,"k":[444.5,250,0],"ix":2},"a":{"a":0,"k":[444.5,250,0],"ix":1},"s":{"a":0,"k":[100,100,100],"ix":6}},"ao":0,"ip":133.2,"op":134.4,"st":133.2,"bm":0},{"ddd":0,"ind":113,"ty":2,"nm":"A_00112.jpg","cl":"jpg","refId":"image_112","sr":1,"ks":{"o":{"a":0,"k":100,"ix":11},"r":{"a":0,"k":0,"ix":10},"p":{"a":0,"k":[444.5,250,0],"ix":2},"a":{"a":0,"k":[444.5,250,0],"ix":1},"s":{"a":0,"k":[100,100,100],"ix":6}},"ao":0,"ip":134.4,"op":135.6,"st":134.4,"bm":0},{"ddd":0,"ind":114,"ty":2,"nm":"A_00113.jpg","cl":"jpg","refId":"image_113","sr":1,"ks":{"o":{"a":0,"k":100,"ix":11},"r":{"a":0,"k":0,"ix":10},"p":{"a":0,"k":[444.5,250,0],"ix":2},"a":{"a":0,"k":[444.5,250,0],"ix":1},"s":{"a":0,"k":[100,100,100],"ix":6}},"ao":0,"ip":135.6,"op":136.8,"st":135.6,"bm":0},{"ddd":0,"ind":115,"ty":2,"nm":"A_00114.jpg","cl":"jpg","refId":"image_114","sr":1,"ks":{"o":{"a":0,"k":100,"ix":11},"r":{"a":0,"k":0,"ix":10},"p":{"a":0,"k":[444.5,250,0],"ix":2},"a":{"a":0,"k":[444.5,250,0],"ix":1},"s":{"a":0,"k":[100,100,100],"ix":6}},"ao":0,"ip":136.8,"op":138,"st":136.8,"bm":0},{"ddd":0,"ind":116,"ty":2,"nm":"A_00115.jpg","cl":"jpg","refId":"image_115","sr":1,"ks":{"o":{"a":0,"k":100,"ix":11},"r":{"a":0,"k":0,"ix":10},"p":{"a":0,"k":[444.5,250,0],"ix":2},"a":{"a":0,"k":[444.5,250,0],"ix":1},"s":{"a":0,"k":[100,100,100],"ix":6}},"ao":0,"ip":138,"op":139.2,"st":138,"bm":0},{"ddd":0,"ind":117,"ty":2,"nm":"A_00116.jpg","cl":"jpg","refId":"image_116","sr":1,"ks":{"o":{"a":0,"k":100,"ix":11},"r":{"a":0,"k":0,"ix":10},"p":{"a":0,"k":[444.5,250,0],"ix":2},"a":{"a":0,"k":[444.5,250,0],"ix":1},"s":{"a":0,"k":[100,100,100],"ix":6}},"ao":0,"ip":139.2,"op":140.4,"st":139.2,"bm":0},{"ddd":0,"ind":118,"ty":2,"nm":"A_00117.jpg","cl":"jpg","refId":"image_117","sr":1,"ks":{"o":{"a":0,"k":100,"ix":11},"r":{"a":0,"k":0,"ix":10},"p":{"a":0,"k":[444.5,250,0],"ix":2},"a":{"a":0,"k":[444.5,250,0],"ix":1},"s":{"a":0,"k":[100,100,100],"ix":6}},"ao":0,"ip":140.4,"op":141.6,"st":140.4,"bm":0},{"ddd":0,"ind":119,"ty":2,"nm":"A_00118.jpg","cl":"jpg","refId":"image_118","sr":1,"ks":{"o":{"a":0,"k":100,"ix":11},"r":{"a":0,"k":0,"ix":10},"p":{"a":0,"k":[444.5,250,0],"ix":2},"a":{"a":0,"k":[444.5,250,0],"ix":1},"s":{"a":0,"k":[100,100,100],"ix":6}},"ao":0,"ip":141.6,"op":142.8,"st":141.6,"bm":0},{"ddd":0,"ind":120,"ty":2,"nm":"A_00119.jpg","cl":"jpg","refId":"image_119","sr":1,"ks":{"o":{"a":0,"k":100,"ix":11},"r":{"a":0,"k":0,"ix":10},"p":{"a":0,"k":[444.5,250,0],"ix":2},"a":{"a":0,"k":[444.5,250,0],"ix":1},"s":{"a":0,"k":[100,100,100],"ix":6}},"ao":0,"ip":142.8,"op":144,"st":142.8,"bm":0},{"ddd":0,"ind":121,"ty":2,"nm":"A_00120.jpg","cl":"jpg","refId":"image_120","sr":1,"ks":{"o":{"a":0,"k":100,"ix":11},"r":{"a":0,"k":0,"ix":10},"p":{"a":0,"k":[444.5,250,0],"ix":2},"a":{"a":0,"k":[444.5,250,0],"ix":1},"s":{"a":0,"k":[100,100,100],"ix":6}},"ao":0,"ip":144,"op":145.2,"st":144,"bm":0},{"ddd":0,"ind":122,"ty":2,"nm":"A_00121.jpg","cl":"jpg","refId":"image_121","sr":1,"ks":{"o":{"a":0,"k":100,"ix":11},"r":{"a":0,"k":0,"ix":10},"p":{"a":0,"k":[444.5,250,0],"ix":2},"a":{"a":0,"k":[444.5,250,0],"ix":1},"s":{"a":0,"k":[100,100,100],"ix":6}},"ao":0,"ip":145.2,"op":146.4,"st":145.2,"bm":0},{"ddd":0,"ind":123,"ty":2,"nm":"A_00122.jpg","cl":"jpg","refId":"image_122","sr":1,"ks":{"o":{"a":0,"k":100,"ix":11},"r":{"a":0,"k":0,"ix":10},"p":{"a":0,"k":[444.5,250,0],"ix":2},"a":{"a":0,"k":[444.5,250,0],"ix":1},"s":{"a":0,"k":[100,100,100],"ix":6}},"ao":0,"ip":146.4,"op":147.6,"st":146.4,"bm":0},{"ddd":0,"ind":124,"ty":2,"nm":"A_00123.jpg","cl":"jpg","refId":"image_123","sr":1,"ks":{"o":{"a":0,"k":100,"ix":11},"r":{"a":0,"k":0,"ix":10},"p":{"a":0,"k":[444.5,250,0],"ix":2},"a":{"a":0,"k":[444.5,250,0],"ix":1},"s":{"a":0,"k":[100,100,100],"ix":6}},"ao":0,"ip":147.6,"op":148.8,"st":147.6,"bm":0},{"ddd":0,"ind":125,"ty":2,"nm":"A_00124.jpg","cl":"jpg","refId":"image_124","sr":1,"ks":{"o":{"a":0,"k":100,"ix":11},"r":{"a":0,"k":0,"ix":10},"p":{"a":0,"k":[444.5,250,0],"ix":2},"a":{"a":0,"k":[444.5,250,0],"ix":1},"s":{"a":0,"k":[100,100,100],"ix":6}},"ao":0,"ip":148.8,"op":150,"st":148.8,"bm":0},{"ddd":0,"ind":126,"ty":2,"nm":"A_00125.jpg","cl":"jpg","refId":"image_125","sr":1,"ks":{"o":{"a":0,"k":100,"ix":11},"r":{"a":0,"k":0,"ix":10},"p":{"a":0,"k":[444.5,250,0],"ix":2},"a":{"a":0,"k":[444.5,250,0],"ix":1},"s":{"a":0,"k":[100,100,100],"ix":6}},"ao":0,"ip":150,"op":151.2,"st":150,"bm":0},{"ddd":0,"ind":127,"ty":2,"nm":"A_00126.jpg","cl":"jpg","refId":"image_126","sr":1,"ks":{"o":{"a":0,"k":100,"ix":11},"r":{"a":0,"k":0,"ix":10},"p":{"a":0,"k":[444.5,250,0],"ix":2},"a":{"a":0,"k":[444.5,250,0],"ix":1},"s":{"a":0,"k":[100,100,100],"ix":6}},"ao":0,"ip":151.2,"op":152.4,"st":151.2,"bm":0},{"ddd":0,"ind":128,"ty":2,"nm":"A_00127.jpg","cl":"jpg","refId":"image_127","sr":1,"ks":{"o":{"a":0,"k":100,"ix":11},"r":{"a":0,"k":0,"ix":10},"p":{"a":0,"k":[444.5,250,0],"ix":2},"a":{"a":0,"k":[444.5,250,0],"ix":1},"s":{"a":0,"k":[100,100,100],"ix":6}},"ao":0,"ip":152.4,"op":153.6,"st":152.4,"bm":0},{"ddd":0,"ind":129,"ty":2,"nm":"A_00128.jpg","cl":"jpg","refId":"image_128","sr":1,"ks":{"o":{"a":0,"k":100,"ix":11},"r":{"a":0,"k":0,"ix":10},"p":{"a":0,"k":[444.5,250,0],"ix":2},"a":{"a":0,"k":[444.5,250,0],"ix":1},"s":{"a":0,"k":[100,100,100],"ix":6}},"ao":0,"ip":153.6,"op":154.8,"st":153.6,"bm":0},{"ddd":0,"ind":130,"ty":2,"nm":"A_00129.jpg","cl":"jpg","refId":"image_129","sr":1,"ks":{"o":{"a":0,"k":100,"ix":11},"r":{"a":0,"k":0,"ix":10},"p":{"a":0,"k":[444.5,250,0],"ix":2},"a":{"a":0,"k":[444.5,250,0],"ix":1},"s":{"a":0,"k":[100,100,100],"ix":6}},"ao":0,"ip":154.8,"op":156,"st":154.8,"bm":0},{"ddd":0,"ind":131,"ty":2,"nm":"A_00130.jpg","cl":"jpg","refId":"image_130","sr":1,"ks":{"o":{"a":0,"k":100,"ix":11},"r":{"a":0,"k":0,"ix":10},"p":{"a":0,"k":[444.5,250,0],"ix":2},"a":{"a":0,"k":[444.5,250,0],"ix":1},"s":{"a":0,"k":[100,100,100],"ix":6}},"ao":0,"ip":156,"op":157.2,"st":156,"bm":0},{"ddd":0,"ind":132,"ty":2,"nm":"A_00131.jpg","cl":"jpg","refId":"image_131","sr":1,"ks":{"o":{"a":0,"k":100,"ix":11},"r":{"a":0,"k":0,"ix":10},"p":{"a":0,"k":[444.5,250,0],"ix":2},"a":{"a":0,"k":[444.5,250,0],"ix":1},"s":{"a":0,"k":[100,100,100],"ix":6}},"ao":0,"ip":157.2,"op":158.4,"st":157.2,"bm":0},{"ddd":0,"ind":133,"ty":2,"nm":"A_00132.jpg","cl":"jpg","refId":"image_132","sr":1,"ks":{"o":{"a":0,"k":100,"ix":11},"r":{"a":0,"k":0,"ix":10},"p":{"a":0,"k":[444.5,250,0],"ix":2},"a":{"a":0,"k":[444.5,250,0],"ix":1},"s":{"a":0,"k":[100,100,100],"ix":6}},"ao":0,"ip":158.4,"op":159.6,"st":158.4,"bm":0},{"ddd":0,"ind":134,"ty":2,"nm":"A_00133.jpg","cl":"jpg","refId":"image_133","sr":1,"ks":{"o":{"a":0,"k":100,"ix":11},"r":{"a":0,"k":0,"ix":10},"p":{"a":0,"k":[444.5,250,0],"ix":2},"a":{"a":0,"k":[444.5,250,0],"ix":1},"s":{"a":0,"k":[100,100,100],"ix":6}},"ao":0,"ip":159.6,"op":160.8,"st":159.6,"bm":0},{"ddd":0,"ind":135,"ty":2,"nm":"A_00134.jpg","cl":"jpg","refId":"image_134","sr":1,"ks":{"o":{"a":0,"k":100,"ix":11},"r":{"a":0,"k":0,"ix":10},"p":{"a":0,"k":[444.5,250,0],"ix":2},"a":{"a":0,"k":[444.5,250,0],"ix":1},"s":{"a":0,"k":[100,100,100],"ix":6}},"ao":0,"ip":160.8,"op":162,"st":160.8,"bm":0},{"ddd":0,"ind":136,"ty":2,"nm":"A_00135.jpg","cl":"jpg","refId":"image_135","sr":1,"ks":{"o":{"a":0,"k":100,"ix":11},"r":{"a":0,"k":0,"ix":10},"p":{"a":0,"k":[444.5,250,0],"ix":2},"a":{"a":0,"k":[444.5,250,0],"ix":1},"s":{"a":0,"k":[100,100,100],"ix":6}},"ao":0,"ip":162,"op":163.2,"st":162,"bm":0},{"ddd":0,"ind":137,"ty":2,"nm":"A_00136.jpg","cl":"jpg","refId":"image_136","sr":1,"ks":{"o":{"a":0,"k":100,"ix":11},"r":{"a":0,"k":0,"ix":10},"p":{"a":0,"k":[444.5,250,0],"ix":2},"a":{"a":0,"k":[444.5,250,0],"ix":1},"s":{"a":0,"k":[100,100,100],"ix":6}},"ao":0,"ip":163.2,"op":164.4,"st":163.2,"bm":0},{"ddd":0,"ind":138,"ty":2,"nm":"A_00137.jpg","cl":"jpg","refId":"image_137","sr":1,"ks":{"o":{"a":0,"k":100,"ix":11},"r":{"a":0,"k":0,"ix":10},"p":{"a":0,"k":[444.5,250,0],"ix":2},"a":{"a":0,"k":[444.5,250,0],"ix":1},"s":{"a":0,"k":[100,100,100],"ix":6}},"ao":0,"ip":164.4,"op":165.6,"st":164.4,"bm":0},{"ddd":0,"ind":139,"ty":2,"nm":"A_00138.jpg","cl":"jpg","refId":"image_138","sr":1,"ks":{"o":{"a":0,"k":100,"ix":11},"r":{"a":0,"k":0,"ix":10},"p":{"a":0,"k":[444.5,250,0],"ix":2},"a":{"a":0,"k":[444.5,250,0],"ix":1},"s":{"a":0,"k":[100,100,100],"ix":6}},"ao":0,"ip":165.6,"op":166.8,"st":165.6,"bm":0},{"ddd":0,"ind":140,"ty":2,"nm":"A_00139.jpg","cl":"jpg","refId":"image_139","sr":1,"ks":{"o":{"a":0,"k":100,"ix":11},"r":{"a":0,"k":0,"ix":10},"p":{"a":0,"k":[444.5,250,0],"ix":2},"a":{"a":0,"k":[444.5,250,0],"ix":1},"s":{"a":0,"k":[100,100,100],"ix":6}},"ao":0,"ip":166.8,"op":168,"st":166.8,"bm":0},{"ddd":0,"ind":141,"ty":2,"nm":"A_00140.jpg","cl":"jpg","refId":"image_140","sr":1,"ks":{"o":{"a":0,"k":100,"ix":11},"r":{"a":0,"k":0,"ix":10},"p":{"a":0,"k":[444.5,250,0],"ix":2},"a":{"a":0,"k":[444.5,250,0],"ix":1},"s":{"a":0,"k":[100,100,100],"ix":6}},"ao":0,"ip":168,"op":169.2,"st":168,"bm":0},{"ddd":0,"ind":142,"ty":2,"nm":"A_00141.jpg","cl":"jpg","refId":"image_141","sr":1,"ks":{"o":{"a":0,"k":100,"ix":11},"r":{"a":0,"k":0,"ix":10},"p":{"a":0,"k":[444.5,250,0],"ix":2},"a":{"a":0,"k":[444.5,250,0],"ix":1},"s":{"a":0,"k":[100,100,100],"ix":6}},"ao":0,"ip":169.2,"op":170.4,"st":169.2,"bm":0},{"ddd":0,"ind":143,"ty":2,"nm":"A_00142.jpg","cl":"jpg","refId":"image_142","sr":1,"ks":{"o":{"a":0,"k":100,"ix":11},"r":{"a":0,"k":0,"ix":10},"p":{"a":0,"k":[444.5,250,0],"ix":2},"a":{"a":0,"k":[444.5,250,0],"ix":1},"s":{"a":0,"k":[100,100,100],"ix":6}},"ao":0,"ip":170.4,"op":171.6,"st":170.4,"bm":0},{"ddd":0,"ind":144,"ty":2,"nm":"A_00143.jpg","cl":"jpg","refId":"image_143","sr":1,"ks":{"o":{"a":0,"k":100,"ix":11},"r":{"a":0,"k":0,"ix":10},"p":{"a":0,"k":[444.5,250,0],"ix":2},"a":{"a":0,"k":[444.5,250,0],"ix":1},"s":{"a":0,"k":[100,100,100],"ix":6}},"ao":0,"ip":171.6,"op":172.8,"st":171.6,"bm":0},{"ddd":0,"ind":145,"ty":2,"nm":"A_00144.jpg","cl":"jpg","refId":"image_144","sr":1,"ks":{"o":{"a":0,"k":100,"ix":11},"r":{"a":0,"k":0,"ix":10},"p":{"a":0,"k":[444.5,250,0],"ix":2},"a":{"a":0,"k":[444.5,250,0],"ix":1},"s":{"a":0,"k":[100,100,100],"ix":6}},"ao":0,"ip":172.8,"op":174,"st":172.8,"bm":0},{"ddd":0,"ind":146,"ty":2,"nm":"A_00145.jpg","cl":"jpg","refId":"image_145","sr":1,"ks":{"o":{"a":0,"k":100,"ix":11},"r":{"a":0,"k":0,"ix":10},"p":{"a":0,"k":[444.5,250,0],"ix":2},"a":{"a":0,"k":[444.5,250,0],"ix":1},"s":{"a":0,"k":[100,100,100],"ix":6}},"ao":0,"ip":174,"op":175.2,"st":174,"bm":0},{"ddd":0,"ind":147,"ty":2,"nm":"A_00146.jpg","cl":"jpg","refId":"image_146","sr":1,"ks":{"o":{"a":0,"k":100,"ix":11},"r":{"a":0,"k":0,"ix":10},"p":{"a":0,"k":[444.5,250,0],"ix":2},"a":{"a":0,"k":[444.5,250,0],"ix":1},"s":{"a":0,"k":[100,100,100],"ix":6}},"ao":0,"ip":175.2,"op":176.4,"st":175.2,"bm":0},{"ddd":0,"ind":148,"ty":2,"nm":"A_00147.jpg","cl":"jpg","refId":"image_147","sr":1,"ks":{"o":{"a":0,"k":100,"ix":11},"r":{"a":0,"k":0,"ix":10},"p":{"a":0,"k":[444.5,250,0],"ix":2},"a":{"a":0,"k":[444.5,250,0],"ix":1},"s":{"a":0,"k":[100,100,100],"ix":6}},"ao":0,"ip":176.4,"op":177.6,"st":176.4,"bm":0},{"ddd":0,"ind":149,"ty":2,"nm":"A_00148.jpg","cl":"jpg","refId":"image_148","sr":1,"ks":{"o":{"a":0,"k":100,"ix":11},"r":{"a":0,"k":0,"ix":10},"p":{"a":0,"k":[444.5,250,0],"ix":2},"a":{"a":0,"k":[444.5,250,0],"ix":1},"s":{"a":0,"k":[100,100,100],"ix":6}},"ao":0,"ip":177.6,"op":178.8,"st":177.6,"bm":0},{"ddd":0,"ind":150,"ty":2,"nm":"A_00149.jpg","cl":"jpg","refId":"image_149","sr":1,"ks":{"o":{"a":0,"k":100,"ix":11},"r":{"a":0,"k":0,"ix":10},"p":{"a":0,"k":[444.5,250,0],"ix":2},"a":{"a":0,"k":[444.5,250,0],"ix":1},"s":{"a":0,"k":[100,100,100],"ix":6}},"ao":0,"ip":178.8,"op":180,"st":178.8,"bm":0},{"ddd":0,"ind":151,"ty":2,"nm":"A_00150.jpg","cl":"jpg","refId":"image_150","sr":1,"ks":{"o":{"a":0,"k":100,"ix":11},"r":{"a":0,"k":0,"ix":10},"p":{"a":0,"k":[444.5,250,0],"ix":2},"a":{"a":0,"k":[444.5,250,0],"ix":1},"s":{"a":0,"k":[100,100,100],"ix":6}},"ao":0,"ip":180,"op":181.2,"st":180,"bm":0},{"ddd":0,"ind":152,"ty":2,"nm":"A_00151.jpg","cl":"jpg","refId":"image_151","sr":1,"ks":{"o":{"a":0,"k":100,"ix":11},"r":{"a":0,"k":0,"ix":10},"p":{"a":0,"k":[444.5,250,0],"ix":2},"a":{"a":0,"k":[444.5,250,0],"ix":1},"s":{"a":0,"k":[100,100,100],"ix":6}},"ao":0,"ip":181.2,"op":182.4,"st":181.2,"bm":0},{"ddd":0,"ind":153,"ty":2,"nm":"A_00152.jpg","cl":"jpg","refId":"image_152","sr":1,"ks":{"o":{"a":0,"k":100,"ix":11},"r":{"a":0,"k":0,"ix":10},"p":{"a":0,"k":[444.5,250,0],"ix":2},"a":{"a":0,"k":[444.5,250,0],"ix":1},"s":{"a":0,"k":[100,100,100],"ix":6}},"ao":0,"ip":182.4,"op":183.6,"st":182.4,"bm":0},{"ddd":0,"ind":154,"ty":2,"nm":"A_00153.jpg","cl":"jpg","refId":"image_153","sr":1,"ks":{"o":{"a":0,"k":100,"ix":11},"r":{"a":0,"k":0,"ix":10},"p":{"a":0,"k":[444.5,250,0],"ix":2},"a":{"a":0,"k":[444.5,250,0],"ix":1},"s":{"a":0,"k":[100,100,100],"ix":6}},"ao":0,"ip":183.6,"op":184.8,"st":183.6,"bm":0},{"ddd":0,"ind":155,"ty":2,"nm":"A_00154.jpg","cl":"jpg","refId":"image_154","sr":1,"ks":{"o":{"a":0,"k":100,"ix":11},"r":{"a":0,"k":0,"ix":10},"p":{"a":0,"k":[444.5,250,0],"ix":2},"a":{"a":0,"k":[444.5,250,0],"ix":1},"s":{"a":0,"k":[100,100,100],"ix":6}},"ao":0,"ip":184.8,"op":186,"st":184.8,"bm":0},{"ddd":0,"ind":156,"ty":2,"nm":"A_00155.jpg","cl":"jpg","refId":"image_155","sr":1,"ks":{"o":{"a":0,"k":100,"ix":11},"r":{"a":0,"k":0,"ix":10},"p":{"a":0,"k":[444.5,250,0],"ix":2},"a":{"a":0,"k":[444.5,250,0],"ix":1},"s":{"a":0,"k":[100,100,100],"ix":6}},"ao":0,"ip":186,"op":187.2,"st":186,"bm":0},{"ddd":0,"ind":157,"ty":2,"nm":"A_00156.jpg","cl":"jpg","refId":"image_156","sr":1,"ks":{"o":{"a":0,"k":100,"ix":11},"r":{"a":0,"k":0,"ix":10},"p":{"a":0,"k":[444.5,250,0],"ix":2},"a":{"a":0,"k":[444.5,250,0],"ix":1},"s":{"a":0,"k":[100,100,100],"ix":6}},"ao":0,"ip":187.2,"op":188.4,"st":187.2,"bm":0},{"ddd":0,"ind":158,"ty":2,"nm":"A_00157.jpg","cl":"jpg","refId":"image_157","sr":1,"ks":{"o":{"a":0,"k":100,"ix":11},"r":{"a":0,"k":0,"ix":10},"p":{"a":0,"k":[444.5,250,0],"ix":2},"a":{"a":0,"k":[444.5,250,0],"ix":1},"s":{"a":0,"k":[100,100,100],"ix":6}},"ao":0,"ip":188.4,"op":189.6,"st":188.4,"bm":0},{"ddd":0,"ind":159,"ty":2,"nm":"A_00158.jpg","cl":"jpg","refId":"image_158","sr":1,"ks":{"o":{"a":0,"k":100,"ix":11},"r":{"a":0,"k":0,"ix":10},"p":{"a":0,"k":[444.5,250,0],"ix":2},"a":{"a":0,"k":[444.5,250,0],"ix":1},"s":{"a":0,"k":[100,100,100],"ix":6}},"ao":0,"ip":189.6,"op":190.8,"st":189.6,"bm":0},{"ddd":0,"ind":160,"ty":2,"nm":"A_00159.jpg","cl":"jpg","refId":"image_159","sr":1,"ks":{"o":{"a":0,"k":100,"ix":11},"r":{"a":0,"k":0,"ix":10},"p":{"a":0,"k":[444.5,250,0],"ix":2},"a":{"a":0,"k":[444.5,250,0],"ix":1},"s":{"a":0,"k":[100,100,100],"ix":6}},"ao":0,"ip":190.8,"op":192,"st":190.8,"bm":0},{"ddd":0,"ind":161,"ty":2,"nm":"A_00160.jpg","cl":"jpg","refId":"image_160","sr":1,"ks":{"o":{"a":0,"k":100,"ix":11},"r":{"a":0,"k":0,"ix":10},"p":{"a":0,"k":[444.5,250,0],"ix":2},"a":{"a":0,"k":[444.5,250,0],"ix":1},"s":{"a":0,"k":[100,100,100],"ix":6}},"ao":0,"ip":192,"op":193.2,"st":192,"bm":0},{"ddd":0,"ind":162,"ty":2,"nm":"A_00161.jpg","cl":"jpg","refId":"image_161","sr":1,"ks":{"o":{"a":0,"k":100,"ix":11},"r":{"a":0,"k":0,"ix":10},"p":{"a":0,"k":[444.5,250,0],"ix":2},"a":{"a":0,"k":[444.5,250,0],"ix":1},"s":{"a":0,"k":[100,100,100],"ix":6}},"ao":0,"ip":193.2,"op":194.4,"st":193.2,"bm":0},{"ddd":0,"ind":163,"ty":2,"nm":"A_00162.jpg","cl":"jpg","refId":"image_162","sr":1,"ks":{"o":{"a":0,"k":100,"ix":11},"r":{"a":0,"k":0,"ix":10},"p":{"a":0,"k":[444.5,250,0],"ix":2},"a":{"a":0,"k":[444.5,250,0],"ix":1},"s":{"a":0,"k":[100,100,100],"ix":6}},"ao":0,"ip":194.4,"op":195.6,"st":194.4,"bm":0},{"ddd":0,"ind":164,"ty":2,"nm":"A_00163.jpg","cl":"jpg","refId":"image_163","sr":1,"ks":{"o":{"a":0,"k":100,"ix":11},"r":{"a":0,"k":0,"ix":10},"p":{"a":0,"k":[444.5,250,0],"ix":2},"a":{"a":0,"k":[444.5,250,0],"ix":1},"s":{"a":0,"k":[100,100,100],"ix":6}},"ao":0,"ip":195.6,"op":196.8,"st":195.6,"bm":0},{"ddd":0,"ind":165,"ty":2,"nm":"A_00164.jpg","cl":"jpg","refId":"image_164","sr":1,"ks":{"o":{"a":0,"k":100,"ix":11},"r":{"a":0,"k":0,"ix":10},"p":{"a":0,"k":[444.5,250,0],"ix":2},"a":{"a":0,"k":[444.5,250,0],"ix":1},"s":{"a":0,"k":[100,100,100],"ix":6}},"ao":0,"ip":196.8,"op":198,"st":196.8,"bm":0},{"ddd":0,"ind":166,"ty":2,"nm":"A_00165.jpg","cl":"jpg","refId":"image_165","sr":1,"ks":{"o":{"a":0,"k":100,"ix":11},"r":{"a":0,"k":0,"ix":10},"p":{"a":0,"k":[444.5,250,0],"ix":2},"a":{"a":0,"k":[444.5,250,0],"ix":1},"s":{"a":0,"k":[100,100,100],"ix":6}},"ao":0,"ip":198,"op":199.2,"st":198,"bm":0},{"ddd":0,"ind":167,"ty":2,"nm":"A_00166.jpg","cl":"jpg","refId":"image_166","sr":1,"ks":{"o":{"a":0,"k":100,"ix":11},"r":{"a":0,"k":0,"ix":10},"p":{"a":0,"k":[444.5,250,0],"ix":2},"a":{"a":0,"k":[444.5,250,0],"ix":1},"s":{"a":0,"k":[100,100,100],"ix":6}},"ao":0,"ip":199.2,"op":200.4,"st":199.2,"bm":0},{"ddd":0,"ind":168,"ty":2,"nm":"A_00167.jpg","cl":"jpg","refId":"image_167","sr":1,"ks":{"o":{"a":0,"k":100,"ix":11},"r":{"a":0,"k":0,"ix":10},"p":{"a":0,"k":[444.5,250,0],"ix":2},"a":{"a":0,"k":[444.5,250,0],"ix":1},"s":{"a":0,"k":[100,100,100],"ix":6}},"ao":0,"ip":200.4,"op":201.6,"st":200.4,"bm":0},{"ddd":0,"ind":169,"ty":2,"nm":"A_00168.jpg","cl":"jpg","refId":"image_168","sr":1,"ks":{"o":{"a":0,"k":100,"ix":11},"r":{"a":0,"k":0,"ix":10},"p":{"a":0,"k":[444.5,250,0],"ix":2},"a":{"a":0,"k":[444.5,250,0],"ix":1},"s":{"a":0,"k":[100,100,100],"ix":6}},"ao":0,"ip":201.6,"op":202.8,"st":201.6,"bm":0},{"ddd":0,"ind":170,"ty":2,"nm":"A_00169.jpg","cl":"jpg","refId":"image_169","sr":1,"ks":{"o":{"a":0,"k":100,"ix":11},"r":{"a":0,"k":0,"ix":10},"p":{"a":0,"k":[444.5,250,0],"ix":2},"a":{"a":0,"k":[444.5,250,0],"ix":1},"s":{"a":0,"k":[100,100,100],"ix":6}},"ao":0,"ip":202.8,"op":204,"st":202.8,"bm":0},{"ddd":0,"ind":171,"ty":2,"nm":"A_00170.jpg","cl":"jpg","refId":"image_170","sr":1,"ks":{"o":{"a":0,"k":100,"ix":11},"r":{"a":0,"k":0,"ix":10},"p":{"a":0,"k":[444.5,250,0],"ix":2},"a":{"a":0,"k":[444.5,250,0],"ix":1},"s":{"a":0,"k":[100,100,100],"ix":6}},"ao":0,"ip":204,"op":205.2,"st":204,"bm":0},{"ddd":0,"ind":172,"ty":2,"nm":"A_00171.jpg","cl":"jpg","refId":"image_171","sr":1,"ks":{"o":{"a":0,"k":100,"ix":11},"r":{"a":0,"k":0,"ix":10},"p":{"a":0,"k":[444.5,250,0],"ix":2},"a":{"a":0,"k":[444.5,250,0],"ix":1},"s":{"a":0,"k":[100,100,100],"ix":6}},"ao":0,"ip":205.2,"op":206.4,"st":205.2,"bm":0},{"ddd":0,"ind":173,"ty":2,"nm":"A_00172.jpg","cl":"jpg","refId":"image_172","sr":1,"ks":{"o":{"a":0,"k":100,"ix":11},"r":{"a":0,"k":0,"ix":10},"p":{"a":0,"k":[444.5,250,0],"ix":2},"a":{"a":0,"k":[444.5,250,0],"ix":1},"s":{"a":0,"k":[100,100,100],"ix":6}},"ao":0,"ip":206.4,"op":207.6,"st":206.4,"bm":0},{"ddd":0,"ind":174,"ty":2,"nm":"A_00173.jpg","cl":"jpg","refId":"image_173","sr":1,"ks":{"o":{"a":0,"k":100,"ix":11},"r":{"a":0,"k":0,"ix":10},"p":{"a":0,"k":[444.5,250,0],"ix":2},"a":{"a":0,"k":[444.5,250,0],"ix":1},"s":{"a":0,"k":[100,100,100],"ix":6}},"ao":0,"ip":207.6,"op":208.8,"st":207.6,"bm":0},{"ddd":0,"ind":175,"ty":2,"nm":"A_00174.jpg","cl":"jpg","refId":"image_174","sr":1,"ks":{"o":{"a":0,"k":100,"ix":11},"r":{"a":0,"k":0,"ix":10},"p":{"a":0,"k":[444.5,250,0],"ix":2},"a":{"a":0,"k":[444.5,250,0],"ix":1},"s":{"a":0,"k":[100,100,100],"ix":6}},"ao":0,"ip":208.8,"op":210,"st":208.8,"bm":0},{"ddd":0,"ind":176,"ty":2,"nm":"A_00175.jpg","cl":"jpg","refId":"image_175","sr":1,"ks":{"o":{"a":0,"k":100,"ix":11},"r":{"a":0,"k":0,"ix":10},"p":{"a":0,"k":[444.5,250,0],"ix":2},"a":{"a":0,"k":[444.5,250,0],"ix":1},"s":{"a":0,"k":[100,100,100],"ix":6}},"ao":0,"ip":210,"op":211.2,"st":210,"bm":0},{"ddd":0,"ind":177,"ty":2,"nm":"A_00176.jpg","cl":"jpg","refId":"image_176","sr":1,"ks":{"o":{"a":0,"k":100,"ix":11},"r":{"a":0,"k":0,"ix":10},"p":{"a":0,"k":[444.5,250,0],"ix":2},"a":{"a":0,"k":[444.5,250,0],"ix":1},"s":{"a":0,"k":[100,100,100],"ix":6}},"ao":0,"ip":211.2,"op":212.4,"st":211.2,"bm":0},{"ddd":0,"ind":178,"ty":2,"nm":"A_00177.jpg","cl":"jpg","refId":"image_177","sr":1,"ks":{"o":{"a":0,"k":100,"ix":11},"r":{"a":0,"k":0,"ix":10},"p":{"a":0,"k":[444.5,250,0],"ix":2},"a":{"a":0,"k":[444.5,250,0],"ix":1},"s":{"a":0,"k":[100,100,100],"ix":6}},"ao":0,"ip":212.4,"op":213.6,"st":212.4,"bm":0},{"ddd":0,"ind":179,"ty":2,"nm":"A_00178.jpg","cl":"jpg","refId":"image_178","sr":1,"ks":{"o":{"a":0,"k":100,"ix":11},"r":{"a":0,"k":0,"ix":10},"p":{"a":0,"k":[444.5,250,0],"ix":2},"a":{"a":0,"k":[444.5,250,0],"ix":1},"s":{"a":0,"k":[100,100,100],"ix":6}},"ao":0,"ip":213.6,"op":214.8,"st":213.6,"bm":0},{"ddd":0,"ind":180,"ty":2,"nm":"A_00179.jpg","cl":"jpg","refId":"image_179","sr":1,"ks":{"o":{"a":0,"k":100,"ix":11},"r":{"a":0,"k":0,"ix":10},"p":{"a":0,"k":[444.5,250,0],"ix":2},"a":{"a":0,"k":[444.5,250,0],"ix":1},"s":{"a":0,"k":[100,100,100],"ix":6}},"ao":0,"ip":214.8,"op":216,"st":214.8,"bm":0},{"ddd":0,"ind":181,"ty":2,"nm":"A_00180.jpg","cl":"jpg","refId":"image_180","sr":1,"ks":{"o":{"a":0,"k":100,"ix":11},"r":{"a":0,"k":0,"ix":10},"p":{"a":0,"k":[444.5,250,0],"ix":2},"a":{"a":0,"k":[444.5,250,0],"ix":1},"s":{"a":0,"k":[100,100,100],"ix":6}},"ao":0,"ip":216,"op":217.2,"st":216,"bm":0},{"ddd":0,"ind":182,"ty":2,"nm":"A_00181.jpg","cl":"jpg","refId":"image_181","sr":1,"ks":{"o":{"a":0,"k":100,"ix":11},"r":{"a":0,"k":0,"ix":10},"p":{"a":0,"k":[444.5,250,0],"ix":2},"a":{"a":0,"k":[444.5,250,0],"ix":1},"s":{"a":0,"k":[100,100,100],"ix":6}},"ao":0,"ip":217.2,"op":218.4,"st":217.2,"bm":0},{"ddd":0,"ind":183,"ty":2,"nm":"A_00182.jpg","cl":"jpg","refId":"image_182","sr":1,"ks":{"o":{"a":0,"k":100,"ix":11},"r":{"a":0,"k":0,"ix":10},"p":{"a":0,"k":[444.5,250,0],"ix":2},"a":{"a":0,"k":[444.5,250,0],"ix":1},"s":{"a":0,"k":[100,100,100],"ix":6}},"ao":0,"ip":218.4,"op":219.6,"st":218.4,"bm":0},{"ddd":0,"ind":184,"ty":2,"nm":"A_00183.jpg","cl":"jpg","refId":"image_183","sr":1,"ks":{"o":{"a":0,"k":100,"ix":11},"r":{"a":0,"k":0,"ix":10},"p":{"a":0,"k":[444.5,250,0],"ix":2},"a":{"a":0,"k":[444.5,250,0],"ix":1},"s":{"a":0,"k":[100,100,100],"ix":6}},"ao":0,"ip":219.6,"op":220.8,"st":219.6,"bm":0},{"ddd":0,"ind":185,"ty":2,"nm":"A_00184.jpg","cl":"jpg","refId":"image_184","sr":1,"ks":{"o":{"a":0,"k":100,"ix":11},"r":{"a":0,"k":0,"ix":10},"p":{"a":0,"k":[444.5,250,0],"ix":2},"a":{"a":0,"k":[444.5,250,0],"ix":1},"s":{"a":0,"k":[100,100,100],"ix":6}},"ao":0,"ip":220.8,"op":222,"st":220.8,"bm":0},{"ddd":0,"ind":186,"ty":2,"nm":"A_00185.jpg","cl":"jpg","refId":"image_185","sr":1,"ks":{"o":{"a":0,"k":100,"ix":11},"r":{"a":0,"k":0,"ix":10},"p":{"a":0,"k":[444.5,250,0],"ix":2},"a":{"a":0,"k":[444.5,250,0],"ix":1},"s":{"a":0,"k":[100,100,100],"ix":6}},"ao":0,"ip":222,"op":223.2,"st":222,"bm":0},{"ddd":0,"ind":187,"ty":2,"nm":"A_00186.jpg","cl":"jpg","refId":"image_186","sr":1,"ks":{"o":{"a":0,"k":100,"ix":11},"r":{"a":0,"k":0,"ix":10},"p":{"a":0,"k":[444.5,250,0],"ix":2},"a":{"a":0,"k":[444.5,250,0],"ix":1},"s":{"a":0,"k":[100,100,100],"ix":6}},"ao":0,"ip":223.2,"op":224.4,"st":223.2,"bm":0},{"ddd":0,"ind":188,"ty":2,"nm":"A_00187.jpg","cl":"jpg","refId":"image_187","sr":1,"ks":{"o":{"a":0,"k":100,"ix":11},"r":{"a":0,"k":0,"ix":10},"p":{"a":0,"k":[444.5,250,0],"ix":2},"a":{"a":0,"k":[444.5,250,0],"ix":1},"s":{"a":0,"k":[100,100,100],"ix":6}},"ao":0,"ip":224.4,"op":225.6,"st":224.4,"bm":0},{"ddd":0,"ind":189,"ty":2,"nm":"A_00188.jpg","cl":"jpg","refId":"image_188","sr":1,"ks":{"o":{"a":0,"k":100,"ix":11},"r":{"a":0,"k":0,"ix":10},"p":{"a":0,"k":[444.5,250,0],"ix":2},"a":{"a":0,"k":[444.5,250,0],"ix":1},"s":{"a":0,"k":[100,100,100],"ix":6}},"ao":0,"ip":225.6,"op":226.8,"st":225.6,"bm":0},{"ddd":0,"ind":190,"ty":2,"nm":"A_00189.jpg","cl":"jpg","refId":"image_189","sr":1,"ks":{"o":{"a":0,"k":100,"ix":11},"r":{"a":0,"k":0,"ix":10},"p":{"a":0,"k":[444.5,250,0],"ix":2},"a":{"a":0,"k":[444.5,250,0],"ix":1},"s":{"a":0,"k":[100,100,100],"ix":6}},"ao":0,"ip":226.8,"op":228,"st":226.8,"bm":0},{"ddd":0,"ind":191,"ty":2,"nm":"A_00190.jpg","cl":"jpg","refId":"image_190","sr":1,"ks":{"o":{"a":0,"k":100,"ix":11},"r":{"a":0,"k":0,"ix":10},"p":{"a":0,"k":[444.5,250,0],"ix":2},"a":{"a":0,"k":[444.5,250,0],"ix":1},"s":{"a":0,"k":[100,100,100],"ix":6}},"ao":0,"ip":228,"op":229.2,"st":228,"bm":0},{"ddd":0,"ind":192,"ty":2,"nm":"A_00191.jpg","cl":"jpg","refId":"image_191","sr":1,"ks":{"o":{"a":0,"k":100,"ix":11},"r":{"a":0,"k":0,"ix":10},"p":{"a":0,"k":[444.5,250,0],"ix":2},"a":{"a":0,"k":[444.5,250,0],"ix":1},"s":{"a":0,"k":[100,100,100],"ix":6}},"ao":0,"ip":229.2,"op":230.4,"st":229.2,"bm":0},{"ddd":0,"ind":193,"ty":2,"nm":"A_00192.jpg","cl":"jpg","refId":"image_192","sr":1,"ks":{"o":{"a":0,"k":100,"ix":11},"r":{"a":0,"k":0,"ix":10},"p":{"a":0,"k":[444.5,250,0],"ix":2},"a":{"a":0,"k":[444.5,250,0],"ix":1},"s":{"a":0,"k":[100,100,100],"ix":6}},"ao":0,"ip":230.4,"op":231.6,"st":230.4,"bm":0},{"ddd":0,"ind":194,"ty":2,"nm":"A_00193.jpg","cl":"jpg","refId":"image_193","sr":1,"ks":{"o":{"a":0,"k":100,"ix":11},"r":{"a":0,"k":0,"ix":10},"p":{"a":0,"k":[444.5,250,0],"ix":2},"a":{"a":0,"k":[444.5,250,0],"ix":1},"s":{"a":0,"k":[100,100,100],"ix":6}},"ao":0,"ip":231.6,"op":232.8,"st":231.6,"bm":0},{"ddd":0,"ind":195,"ty":2,"nm":"A_00194.jpg","cl":"jpg","refId":"image_194","sr":1,"ks":{"o":{"a":0,"k":100,"ix":11},"r":{"a":0,"k":0,"ix":10},"p":{"a":0,"k":[444.5,250,0],"ix":2},"a":{"a":0,"k":[444.5,250,0],"ix":1},"s":{"a":0,"k":[100,100,100],"ix":6}},"ao":0,"ip":232.8,"op":234,"st":232.8,"bm":0},{"ddd":0,"ind":196,"ty":2,"nm":"A_00195.jpg","cl":"jpg","refId":"image_195","sr":1,"ks":{"o":{"a":0,"k":100,"ix":11},"r":{"a":0,"k":0,"ix":10},"p":{"a":0,"k":[444.5,250,0],"ix":2},"a":{"a":0,"k":[444.5,250,0],"ix":1},"s":{"a":0,"k":[100,100,100],"ix":6}},"ao":0,"ip":234,"op":235.2,"st":234,"bm":0},{"ddd":0,"ind":197,"ty":2,"nm":"A_00196.jpg","cl":"jpg","refId":"image_196","sr":1,"ks":{"o":{"a":0,"k":100,"ix":11},"r":{"a":0,"k":0,"ix":10},"p":{"a":0,"k":[444.5,250,0],"ix":2},"a":{"a":0,"k":[444.5,250,0],"ix":1},"s":{"a":0,"k":[100,100,100],"ix":6}},"ao":0,"ip":235.2,"op":236.4,"st":235.2,"bm":0},{"ddd":0,"ind":198,"ty":2,"nm":"A_00197.jpg","cl":"jpg","refId":"image_197","sr":1,"ks":{"o":{"a":0,"k":100,"ix":11},"r":{"a":0,"k":0,"ix":10},"p":{"a":0,"k":[444.5,250,0],"ix":2},"a":{"a":0,"k":[444.5,250,0],"ix":1},"s":{"a":0,"k":[100,100,100],"ix":6}},"ao":0,"ip":236.4,"op":237.6,"st":236.4,"bm":0},{"ddd":0,"ind":199,"ty":2,"nm":"A_00198.jpg","cl":"jpg","refId":"image_198","sr":1,"ks":{"o":{"a":0,"k":100,"ix":11},"r":{"a":0,"k":0,"ix":10},"p":{"a":0,"k":[444.5,250,0],"ix":2},"a":{"a":0,"k":[444.5,250,0],"ix":1},"s":{"a":0,"k":[100,100,100],"ix":6}},"ao":0,"ip":237.6,"op":238.8,"st":237.6,"bm":0},{"ddd":0,"ind":200,"ty":2,"nm":"A_00199.jpg","cl":"jpg","refId":"image_199","sr":1,"ks":{"o":{"a":0,"k":100,"ix":11},"r":{"a":0,"k":0,"ix":10},"p":{"a":0,"k":[444.5,250,0],"ix":2},"a":{"a":0,"k":[444.5,250,0],"ix":1},"s":{"a":0,"k":[100,100,100],"ix":6}},"ao":0,"ip":238.8,"op":240,"st":238.8,"bm":0},{"ddd":0,"ind":201,"ty":2,"nm":"A_00200.jpg","cl":"jpg","refId":"image_200","sr":1,"ks":{"o":{"a":0,"k":100,"ix":11},"r":{"a":0,"k":0,"ix":10},"p":{"a":0,"k":[444.5,250,0],"ix":2},"a":{"a":0,"k":[444.5,250,0],"ix":1},"s":{"a":0,"k":[100,100,100],"ix":6}},"ao":0,"ip":240,"op":241.2,"st":240,"bm":0},{"ddd":0,"ind":202,"ty":2,"nm":"A_00201.jpg","cl":"jpg","refId":"image_201","sr":1,"ks":{"o":{"a":0,"k":100,"ix":11},"r":{"a":0,"k":0,"ix":10},"p":{"a":0,"k":[444.5,250,0],"ix":2},"a":{"a":0,"k":[444.5,250,0],"ix":1},"s":{"a":0,"k":[100,100,100],"ix":6}},"ao":0,"ip":241.2,"op":242.4,"st":241.2,"bm":0},{"ddd":0,"ind":203,"ty":2,"nm":"A_00202.jpg","cl":"jpg","refId":"image_202","sr":1,"ks":{"o":{"a":0,"k":100,"ix":11},"r":{"a":0,"k":0,"ix":10},"p":{"a":0,"k":[444.5,250,0],"ix":2},"a":{"a":0,"k":[444.5,250,0],"ix":1},"s":{"a":0,"k":[100,100,100],"ix":6}},"ao":0,"ip":242.4,"op":243.6,"st":242.4,"bm":0},{"ddd":0,"ind":204,"ty":2,"nm":"A_00203.jpg","cl":"jpg","refId":"image_203","sr":1,"ks":{"o":{"a":0,"k":100,"ix":11},"r":{"a":0,"k":0,"ix":10},"p":{"a":0,"k":[444.5,250,0],"ix":2},"a":{"a":0,"k":[444.5,250,0],"ix":1},"s":{"a":0,"k":[100,100,100],"ix":6}},"ao":0,"ip":243.6,"op":244.8,"st":243.6,"bm":0},{"ddd":0,"ind":205,"ty":2,"nm":"A_00204.jpg","cl":"jpg","refId":"image_204","sr":1,"ks":{"o":{"a":0,"k":100,"ix":11},"r":{"a":0,"k":0,"ix":10},"p":{"a":0,"k":[444.5,250,0],"ix":2},"a":{"a":0,"k":[444.5,250,0],"ix":1},"s":{"a":0,"k":[100,100,100],"ix":6}},"ao":0,"ip":244.8,"op":246,"st":244.8,"bm":0},{"ddd":0,"ind":206,"ty":2,"nm":"A_00205.jpg","cl":"jpg","refId":"image_205","sr":1,"ks":{"o":{"a":0,"k":100,"ix":11},"r":{"a":0,"k":0,"ix":10},"p":{"a":0,"k":[444.5,250,0],"ix":2},"a":{"a":0,"k":[444.5,250,0],"ix":1},"s":{"a":0,"k":[100,100,100],"ix":6}},"ao":0,"ip":246,"op":247.2,"st":246,"bm":0},{"ddd":0,"ind":207,"ty":2,"nm":"A_00206.jpg","cl":"jpg","refId":"image_206","sr":1,"ks":{"o":{"a":0,"k":100,"ix":11},"r":{"a":0,"k":0,"ix":10},"p":{"a":0,"k":[444.5,250,0],"ix":2},"a":{"a":0,"k":[444.5,250,0],"ix":1},"s":{"a":0,"k":[100,100,100],"ix":6}},"ao":0,"ip":247.2,"op":248.4,"st":247.2,"bm":0},{"ddd":0,"ind":208,"ty":2,"nm":"A_00207.jpg","cl":"jpg","refId":"image_207","sr":1,"ks":{"o":{"a":0,"k":100,"ix":11},"r":{"a":0,"k":0,"ix":10},"p":{"a":0,"k":[444.5,250,0],"ix":2},"a":{"a":0,"k":[444.5,250,0],"ix":1},"s":{"a":0,"k":[100,100,100],"ix":6}},"ao":0,"ip":248.4,"op":249.6,"st":248.4,"bm":0},{"ddd":0,"ind":209,"ty":2,"nm":"A_00208.jpg","cl":"jpg","refId":"image_208","sr":1,"ks":{"o":{"a":0,"k":100,"ix":11},"r":{"a":0,"k":0,"ix":10},"p":{"a":0,"k":[444.5,250,0],"ix":2},"a":{"a":0,"k":[444.5,250,0],"ix":1},"s":{"a":0,"k":[100,100,100],"ix":6}},"ao":0,"ip":249.6,"op":250.8,"st":249.6,"bm":0},{"ddd":0,"ind":210,"ty":2,"nm":"A_00209.jpg","cl":"jpg","refId":"image_209","sr":1,"ks":{"o":{"a":0,"k":100,"ix":11},"r":{"a":0,"k":0,"ix":10},"p":{"a":0,"k":[444.5,250,0],"ix":2},"a":{"a":0,"k":[444.5,250,0],"ix":1},"s":{"a":0,"k":[100,100,100],"ix":6}},"ao":0,"ip":250.8,"op":252,"st":250.8,"bm":0},{"ddd":0,"ind":211,"ty":2,"nm":"A_00210.jpg","cl":"jpg","refId":"image_210","sr":1,"ks":{"o":{"a":0,"k":100,"ix":11},"r":{"a":0,"k":0,"ix":10},"p":{"a":0,"k":[444.5,250,0],"ix":2},"a":{"a":0,"k":[444.5,250,0],"ix":1},"s":{"a":0,"k":[100,100,100],"ix":6}},"ao":0,"ip":252,"op":253.2,"st":252,"bm":0},{"ddd":0,"ind":212,"ty":2,"nm":"A_00211.jpg","cl":"jpg","refId":"image_211","sr":1,"ks":{"o":{"a":0,"k":100,"ix":11},"r":{"a":0,"k":0,"ix":10},"p":{"a":0,"k":[444.5,250,0],"ix":2},"a":{"a":0,"k":[444.5,250,0],"ix":1},"s":{"a":0,"k":[100,100,100],"ix":6}},"ao":0,"ip":253.2,"op":254.4,"st":253.2,"bm":0},{"ddd":0,"ind":213,"ty":2,"nm":"A_00212.jpg","cl":"jpg","refId":"image_212","sr":1,"ks":{"o":{"a":0,"k":100,"ix":11},"r":{"a":0,"k":0,"ix":10},"p":{"a":0,"k":[444.5,250,0],"ix":2},"a":{"a":0,"k":[444.5,250,0],"ix":1},"s":{"a":0,"k":[100,100,100],"ix":6}},"ao":0,"ip":254.4,"op":255.6,"st":254.4,"bm":0},{"ddd":0,"ind":214,"ty":2,"nm":"A_00213.jpg","cl":"jpg","refId":"image_213","sr":1,"ks":{"o":{"a":0,"k":100,"ix":11},"r":{"a":0,"k":0,"ix":10},"p":{"a":0,"k":[444.5,250,0],"ix":2},"a":{"a":0,"k":[444.5,250,0],"ix":1},"s":{"a":0,"k":[100,100,100],"ix":6}},"ao":0,"ip":255.6,"op":256.8,"st":255.6,"bm":0},{"ddd":0,"ind":215,"ty":2,"nm":"A_00214.jpg","cl":"jpg","refId":"image_214","sr":1,"ks":{"o":{"a":0,"k":100,"ix":11},"r":{"a":0,"k":0,"ix":10},"p":{"a":0,"k":[444.5,250,0],"ix":2},"a":{"a":0,"k":[444.5,250,0],"ix":1},"s":{"a":0,"k":[100,100,100],"ix":6}},"ao":0,"ip":256.8,"op":258,"st":256.8,"bm":0},{"ddd":0,"ind":216,"ty":2,"nm":"A_00215.jpg","cl":"jpg","refId":"image_215","sr":1,"ks":{"o":{"a":0,"k":100,"ix":11},"r":{"a":0,"k":0,"ix":10},"p":{"a":0,"k":[444.5,250,0],"ix":2},"a":{"a":0,"k":[444.5,250,0],"ix":1},"s":{"a":0,"k":[100,100,100],"ix":6}},"ao":0,"ip":258,"op":259.2,"st":258,"bm":0},{"ddd":0,"ind":217,"ty":2,"nm":"A_00216.jpg","cl":"jpg","refId":"image_216","sr":1,"ks":{"o":{"a":0,"k":100,"ix":11},"r":{"a":0,"k":0,"ix":10},"p":{"a":0,"k":[444.5,250,0],"ix":2},"a":{"a":0,"k":[444.5,250,0],"ix":1},"s":{"a":0,"k":[100,100,100],"ix":6}},"ao":0,"ip":259.2,"op":260.4,"st":259.2,"bm":0},{"ddd":0,"ind":218,"ty":2,"nm":"A_00217.jpg","cl":"jpg","refId":"image_217","sr":1,"ks":{"o":{"a":0,"k":100,"ix":11},"r":{"a":0,"k":0,"ix":10},"p":{"a":0,"k":[444.5,250,0],"ix":2},"a":{"a":0,"k":[444.5,250,0],"ix":1},"s":{"a":0,"k":[100,100,100],"ix":6}},"ao":0,"ip":260.4,"op":261.6,"st":260.4,"bm":0},{"ddd":0,"ind":219,"ty":2,"nm":"A_00218.jpg","cl":"jpg","refId":"image_218","sr":1,"ks":{"o":{"a":0,"k":100,"ix":11},"r":{"a":0,"k":0,"ix":10},"p":{"a":0,"k":[444.5,250,0],"ix":2},"a":{"a":0,"k":[444.5,250,0],"ix":1},"s":{"a":0,"k":[100,100,100],"ix":6}},"ao":0,"ip":261.6,"op":262.8,"st":261.6,"bm":0},{"ddd":0,"ind":220,"ty":2,"nm":"A_00219.jpg","cl":"jpg","refId":"image_219","sr":1,"ks":{"o":{"a":0,"k":100,"ix":11},"r":{"a":0,"k":0,"ix":10},"p":{"a":0,"k":[444.5,250,0],"ix":2},"a":{"a":0,"k":[444.5,250,0],"ix":1},"s":{"a":0,"k":[100,100,100],"ix":6}},"ao":0,"ip":262.8,"op":264,"st":262.8,"bm":0},{"ddd":0,"ind":221,"ty":2,"nm":"A_00220.jpg","cl":"jpg","refId":"image_220","sr":1,"ks":{"o":{"a":0,"k":100,"ix":11},"r":{"a":0,"k":0,"ix":10},"p":{"a":0,"k":[444.5,250,0],"ix":2},"a":{"a":0,"k":[444.5,250,0],"ix":1},"s":{"a":0,"k":[100,100,100],"ix":6}},"ao":0,"ip":264,"op":265.2,"st":264,"bm":0},{"ddd":0,"ind":222,"ty":2,"nm":"A_00221.jpg","cl":"jpg","refId":"image_221","sr":1,"ks":{"o":{"a":0,"k":100,"ix":11},"r":{"a":0,"k":0,"ix":10},"p":{"a":0,"k":[444.5,250,0],"ix":2},"a":{"a":0,"k":[444.5,250,0],"ix":1},"s":{"a":0,"k":[100,100,100],"ix":6}},"ao":0,"ip":265.2,"op":266.4,"st":265.2,"bm":0},{"ddd":0,"ind":223,"ty":2,"nm":"A_00222.jpg","cl":"jpg","refId":"image_222","sr":1,"ks":{"o":{"a":0,"k":100,"ix":11},"r":{"a":0,"k":0,"ix":10},"p":{"a":0,"k":[444.5,250,0],"ix":2},"a":{"a":0,"k":[444.5,250,0],"ix":1},"s":{"a":0,"k":[100,100,100],"ix":6}},"ao":0,"ip":266.4,"op":267.6,"st":266.4,"bm":0},{"ddd":0,"ind":224,"ty":2,"nm":"A_00223.jpg","cl":"jpg","refId":"image_223","sr":1,"ks":{"o":{"a":0,"k":100,"ix":11},"r":{"a":0,"k":0,"ix":10},"p":{"a":0,"k":[444.5,250,0],"ix":2},"a":{"a":0,"k":[444.5,250,0],"ix":1},"s":{"a":0,"k":[100,100,100],"ix":6}},"ao":0,"ip":267.6,"op":268.8,"st":267.6,"bm":0},{"ddd":0,"ind":225,"ty":2,"nm":"A_00224.jpg","cl":"jpg","refId":"image_224","sr":1,"ks":{"o":{"a":0,"k":100,"ix":11},"r":{"a":0,"k":0,"ix":10},"p":{"a":0,"k":[444.5,250,0],"ix":2},"a":{"a":0,"k":[444.5,250,0],"ix":1},"s":{"a":0,"k":[100,100,100],"ix":6}},"ao":0,"ip":268.8,"op":270,"st":268.8,"bm":0},{"ddd":0,"ind":226,"ty":2,"nm":"A_00225.jpg","cl":"jpg","refId":"image_225","sr":1,"ks":{"o":{"a":0,"k":100,"ix":11},"r":{"a":0,"k":0,"ix":10},"p":{"a":0,"k":[444.5,250,0],"ix":2},"a":{"a":0,"k":[444.5,250,0],"ix":1},"s":{"a":0,"k":[100,100,100],"ix":6}},"ao":0,"ip":270,"op":271.2,"st":270,"bm":0},{"ddd":0,"ind":227,"ty":2,"nm":"A_00226.jpg","cl":"jpg","refId":"image_226","sr":1,"ks":{"o":{"a":0,"k":100,"ix":11},"r":{"a":0,"k":0,"ix":10},"p":{"a":0,"k":[444.5,250,0],"ix":2},"a":{"a":0,"k":[444.5,250,0],"ix":1},"s":{"a":0,"k":[100,100,100],"ix":6}},"ao":0,"ip":271.2,"op":272.4,"st":271.2,"bm":0},{"ddd":0,"ind":228,"ty":2,"nm":"A_00227.jpg","cl":"jpg","refId":"image_227","sr":1,"ks":{"o":{"a":0,"k":100,"ix":11},"r":{"a":0,"k":0,"ix":10},"p":{"a":0,"k":[444.5,250,0],"ix":2},"a":{"a":0,"k":[444.5,250,0],"ix":1},"s":{"a":0,"k":[100,100,100],"ix":6}},"ao":0,"ip":272.4,"op":273.6,"st":272.4,"bm":0}],"markers":[]}