{"v":"5.6.10","fr":60,"ip":0,"op":80,"w":1080,"h":2229,"nm":"接听电话","ddd":0,"assets":[{"id":"image_0","w":108,"h":108,"u":"images/","p":"img_0.jpg","e":0},{"id":"image_1","w":406,"h":76,"u":"images/","p":"img_1.png","e":0},{"id":"image_2","w":406,"h":76,"u":"images/","p":"img_2.png","e":0},{"id":"image_3","w":406,"h":76,"u":"images/","p":"img_3.png","e":0},{"id":"image_4","w":406,"h":76,"u":"images/","p":"img_4.png","e":0},{"id":"image_5","w":406,"h":76,"u":"images/","p":"img_5.png","e":0},{"id":"image_6","w":406,"h":76,"u":"images/","p":"img_6.png","e":0},{"id":"image_7","w":406,"h":76,"u":"images/","p":"img_7.png","e":0},{"id":"image_8","w":406,"h":76,"u":"images/","p":"img_8.png","e":0},{"id":"image_9","w":247,"h":248,"u":"images/","p":"img_9.png","e":0},{"id":"image_10","w":845,"h":312,"u":"images/","p":"img_10.png","e":0},{"id":"image_11","w":66,"h":61,"u":"images/","p":"img_11.png","e":0},{"id":"image_12","w":56,"h":60,"u":"images/","p":"img_12.png","e":0},{"id":"comp_0","layers":[{"ddd":0,"ind":2,"ty":4,"nm":"头像遮罩","td":1,"sr":1,"ks":{"o":{"a":0,"k":100,"ix":11},"r":{"a":0,"k":0,"ix":10},"p":{"a":0,"k":[85.125,85.375,0],"ix":2},"a":{"a":0,"k":[0,0,0],"ix":1},"s":{"a":1,"k":[{"i":{"x":[0.667,0.667,0.667],"y":[1,1,1]},"o":{"x":[0.121,0.121,0.333],"y":[0,0,0]},"t":0,"s":[100,100,100]},{"i":{"x":[0.667,0.667,0.667],"y":[1,1,1]},"o":{"x":[0.121,0.121,0.333],"y":[0,0,0]},"t":40,"s":[116,116,100]},{"i":{"x":[0.667,0.667,0.667],"y":[1,1,1]},"o":{"x":[0.121,0.121,0.333],"y":[0,0,0]},"t":80,"s":[100,100,100]},{"i":{"x":[0.667,0.667,0.667],"y":[1,1,1]},"o":{"x":[0.121,0.121,0.333],"y":[0,0,0]},"t":120,"s":[116,116,100]},{"t":160,"s":[100,100,100]}],"ix":6}},"ao":0,"shapes":[{"ty":"gr","it":[{"d":1,"ty":"el","s":{"a":0,"k":[126,126],"ix":2},"p":{"a":0,"k":[0,0],"ix":3},"nm":"椭圆路径 1","mn":"ADBE Vector Shape - Ellipse","hd":false},{"ty":"fl","c":{"a":0,"k":[1,0.372549027205,0.713725507259,1],"ix":4},"o":{"a":0,"k":100,"ix":5},"r":1,"bm":0,"nm":"填充 1","mn":"ADBE Vector Graphic - Fill","hd":false},{"ty":"tr","p":{"a":0,"k":[0,0],"ix":2},"a":{"a":0,"k":[0,0],"ix":1},"s":{"a":0,"k":[100,100],"ix":3},"r":{"a":0,"k":0,"ix":6},"o":{"a":0,"k":100,"ix":7},"sk":{"a":0,"k":0,"ix":4},"sa":{"a":0,"k":0,"ix":5},"nm":"变换"}],"nm":"椭圆 1","np":2,"cix":2,"bm":0,"ix":1,"mn":"ADBE Vector Group","hd":false}],"ip":0,"op":906,"st":-80,"bm":0},{"ddd":0,"ind":3,"ty":2,"nm":"默认头像切图.png","cl":"png","tt":1,"refId":"image_0","sr":1,"ks":{"o":{"a":0,"k":100,"ix":11},"r":{"a":0,"k":0,"ix":10},"p":{"a":0,"k":[85.5,85.75,0],"ix":2},"a":{"a":0,"k":[54,54,0],"ix":1},"s":{"a":1,"k":[{"i":{"x":[0.667,0.667,0.667],"y":[1,1,1]},"o":{"x":[0.121,0.121,0.333],"y":[0,0,0]},"t":0,"s":[100,100,100]},{"i":{"x":[0.667,0.667,0.667],"y":[1,1,1]},"o":{"x":[0.121,0.121,0.333],"y":[0,0,0]},"t":40,"s":[116,116,100]},{"i":{"x":[0.667,0.667,0.667],"y":[1,1,1]},"o":{"x":[0.121,0.121,0.333],"y":[0,0,0]},"t":80,"s":[100,100,100]},{"i":{"x":[0.667,0.667,0.667],"y":[1,1,1]},"o":{"x":[0.121,0.121,0.333],"y":[0,0,0]},"t":120,"s":[116,116,100]},{"i":{"x":[0.99,0.99,0.99],"y":[1,1,1]},"o":{"x":[0.01,0.01,0.01],"y":[0,0,0]},"t":160,"s":[100,100,100]},{"i":{"x":[0.667,0.667,0.667],"y":[1,1,1]},"o":{"x":[0.121,0.121,0.333],"y":[0,0,0]},"t":192,"s":[100,100,100]},{"i":{"x":[0.667,0.667,0.667],"y":[1,1,1]},"o":{"x":[0.121,0.121,0.333],"y":[0,0,0]},"t":232,"s":[116,116,100]},{"i":{"x":[0.667,0.667,0.667],"y":[1,1,1]},"o":{"x":[0.121,0.121,0.333],"y":[0,0,0]},"t":272,"s":[100,100,100]},{"i":{"x":[0.667,0.667,0.667],"y":[1,1,1]},"o":{"x":[0.121,0.121,0.333],"y":[0,0,0]},"t":312,"s":[116,116,100]},{"i":{"x":[0.99,0.99,0.99],"y":[1,1,1]},"o":{"x":[0.01,0.01,0.01],"y":[0,0,0]},"t":352,"s":[100,100,100]},{"i":{"x":[0.667,0.667,0.667],"y":[1,1,1]},"o":{"x":[0.121,0.121,0.333],"y":[0,0,0]},"t":380,"s":[100,100,100]},{"i":{"x":[0.667,0.667,0.667],"y":[1,1,1]},"o":{"x":[0.121,0.121,0.333],"y":[0,0,0]},"t":420,"s":[116,116,100]},{"i":{"x":[0.667,0.667,0.667],"y":[1,1,1]},"o":{"x":[0.121,0.121,0.333],"y":[0,0,0]},"t":460,"s":[100,100,100]},{"i":{"x":[0.667,0.667,0.667],"y":[1,1,1]},"o":{"x":[0.121,0.121,0.333],"y":[0,0,0]},"t":500,"s":[116,116,100]},{"i":{"x":[0.99,0.99,0.99],"y":[1,1,1]},"o":{"x":[0.01,0.01,0.01],"y":[0,0,0]},"t":540,"s":[100,100,100]},{"i":{"x":[0.667,0.667,0.667],"y":[1,1,1]},"o":{"x":[0.121,0.121,0.333],"y":[0,0,0]},"t":566,"s":[100,100,100]},{"i":{"x":[0.667,0.667,0.667],"y":[1,1,1]},"o":{"x":[0.121,0.121,0.333],"y":[0,0,0]},"t":606,"s":[116,116,100]},{"i":{"x":[0.667,0.667,0.667],"y":[1,1,1]},"o":{"x":[0.121,0.121,0.333],"y":[0,0,0]},"t":646,"s":[100,100,100]},{"i":{"x":[0.667,0.667,0.667],"y":[1,1,1]},"o":{"x":[0.121,0.121,0.333],"y":[0,0,0]},"t":686,"s":[116,116,100]},{"i":{"x":[0.99,0.99,0.99],"y":[1,1,1]},"o":{"x":[0.01,0.01,0.01],"y":[0,0,0]},"t":726,"s":[100,100,100]},{"i":{"x":[0.667,0.667,0.667],"y":[1,1,1]},"o":{"x":[0.121,0.121,0.333],"y":[0,0,0]},"t":756,"s":[100,100,100]},{"i":{"x":[0.667,0.667,0.667],"y":[1,1,1]},"o":{"x":[0.121,0.121,0.333],"y":[0,0,0]},"t":796,"s":[116,116,100]},{"i":{"x":[0.667,0.667,0.667],"y":[1,1,1]},"o":{"x":[0.121,0.121,0.333],"y":[0,0,0]},"t":836,"s":[100,100,100]},{"i":{"x":[0.667,0.667,0.667],"y":[1,1,1]},"o":{"x":[0.121,0.121,0.333],"y":[0,0,0]},"t":876,"s":[116,116,100]},{"t":916,"s":[100,100,100]}],"ix":6}},"ao":0,"hasMask":true,"masksProperties":[{"inv":false,"mode":"a","pt":{"a":0,"k":{"i":[[29.823,0],[0,-29.823],[-29.823,0],[0,29.823]],"o":[[-29.823,0],[0,29.823],[29.823,0],[0,-29.823]],"v":[[54,0],[0,54],[54,108],[108,54]],"c":true},"ix":1},"o":{"a":0,"k":100,"ix":3},"x":{"a":0,"k":0,"ix":4},"nm":"蒙版 1"}],"ip":0,"op":908,"st":0,"bm":0},{"ddd":0,"ind":4,"ty":4,"nm":"形状图层 3","sr":1,"ks":{"o":{"a":0,"k":100,"ix":11},"r":{"a":0,"k":0,"ix":10},"p":{"a":0,"k":[85.5,85.5,0],"ix":2},"a":{"a":0,"k":[0,0,0],"ix":1},"s":{"a":0,"k":[100,100,100],"ix":6}},"ao":0,"shapes":[{"ty":"gr","it":[{"d":1,"ty":"el","s":{"a":0,"k":[126,126],"ix":2},"p":{"a":0,"k":[0,0],"ix":3},"nm":"椭圆路径 1","mn":"ADBE Vector Shape - Ellipse","hd":false},{"ty":"fl","c":{"a":0,"k":[1,1,1,1],"ix":4},"o":{"a":0,"k":100,"ix":5},"r":1,"bm":0,"nm":"填充 1","mn":"ADBE Vector Graphic - Fill","hd":false},{"ty":"tr","p":{"a":0,"k":[0,0],"ix":2},"a":{"a":0,"k":[0,0],"ix":1},"s":{"a":0,"k":[100,100],"ix":3},"r":{"a":0,"k":0,"ix":6},"o":{"a":0,"k":100,"ix":7},"sk":{"a":0,"k":0,"ix":4},"sa":{"a":0,"k":0,"ix":5},"nm":"变换"}],"nm":"椭圆 1","np":2,"cix":2,"bm":0,"ix":1,"mn":"ADBE Vector Group","hd":false}],"ip":0,"op":904,"st":-80,"bm":0},{"ddd":0,"ind":5,"ty":4,"nm":"波纹1-4","sr":1,"ks":{"o":{"a":1,"k":[{"i":{"x":[0.667],"y":[1.29]},"o":{"x":[0.333],"y":[0]},"t":150,"s":[40]},{"i":{"x":[0.667],"y":[1]},"o":{"x":[0.333],"y":[0.217]},"t":182,"s":[70]},{"i":{"x":[0.99],"y":[1]},"o":{"x":[0.01],"y":[0]},"t":238,"s":[0]},{"i":{"x":[0.667],"y":[1.29]},"o":{"x":[0.333],"y":[0]},"t":278,"s":[40]},{"i":{"x":[0.667],"y":[1]},"o":{"x":[0.333],"y":[0.217]},"t":310,"s":[70]},{"i":{"x":[0.99],"y":[1]},"o":{"x":[0.01],"y":[0]},"t":366,"s":[0]},{"i":{"x":[0.667],"y":[1.29]},"o":{"x":[0.333],"y":[0]},"t":404,"s":[40]},{"i":{"x":[0.667],"y":[1]},"o":{"x":[0.333],"y":[0.217]},"t":436,"s":[70]},{"i":{"x":[0.99],"y":[1]},"o":{"x":[0.01],"y":[0]},"t":492,"s":[0]},{"i":{"x":[0.667],"y":[1.29]},"o":{"x":[0.333],"y":[0]},"t":520,"s":[40]},{"i":{"x":[0.667],"y":[1]},"o":{"x":[0.333],"y":[0.217]},"t":552,"s":[70]},{"i":{"x":[0.99],"y":[1]},"o":{"x":[0.01],"y":[0]},"t":608,"s":[0]},{"i":{"x":[0.667],"y":[1.29]},"o":{"x":[0.333],"y":[0]},"t":636,"s":[40]},{"i":{"x":[0.667],"y":[1]},"o":{"x":[0.333],"y":[0.217]},"t":668,"s":[70]},{"i":{"x":[0.99],"y":[1]},"o":{"x":[0.01],"y":[0]},"t":724,"s":[0]},{"i":{"x":[0.667],"y":[1.29]},"o":{"x":[0.333],"y":[0]},"t":746,"s":[40]},{"i":{"x":[0.667],"y":[1]},"o":{"x":[0.333],"y":[0.217]},"t":778,"s":[70]},{"i":{"x":[0.99],"y":[1]},"o":{"x":[0.01],"y":[0]},"t":834,"s":[0]},{"i":{"x":[0.667],"y":[1.29]},"o":{"x":[0.333],"y":[0]},"t":850,"s":[40]},{"i":{"x":[0.667],"y":[1]},"o":{"x":[0.333],"y":[0.217]},"t":882,"s":[70]},{"t":938,"s":[0]}],"ix":11},"r":{"a":0,"k":0,"ix":10},"p":{"a":0,"k":[85.5,85.5,0],"ix":2},"a":{"a":0,"k":[0,0,0],"ix":1},"s":{"a":1,"k":[{"i":{"x":[0.667,0.667,0.667],"y":[1,1,1]},"o":{"x":[0.333,0.333,0.333],"y":[0,0,0]},"t":150,"s":[74,74,100]},{"i":{"x":[0.99,0.99,0.99],"y":[1,1,1]},"o":{"x":[0.01,0.01,0.01],"y":[0,0,0]},"t":228,"s":[100,100,100]},{"i":{"x":[0.667,0.667,0.667],"y":[1,1,1]},"o":{"x":[0.333,0.333,0.333],"y":[0,0,0]},"t":278,"s":[74,74,100]},{"i":{"x":[0.99,0.99,0.99],"y":[1,1,1]},"o":{"x":[0.01,0.01,0.01],"y":[0,0,0]},"t":356,"s":[100,100,100]},{"i":{"x":[0.667,0.667,0.667],"y":[1,1,1]},"o":{"x":[0.333,0.333,0.333],"y":[0,0,0]},"t":404,"s":[74,74,100]},{"i":{"x":[0.99,0.99,0.99],"y":[1,1,1]},"o":{"x":[0.01,0.01,0.01],"y":[0,0,0]},"t":482,"s":[100,100,100]},{"i":{"x":[0.667,0.667,0.667],"y":[1,1,1]},"o":{"x":[0.333,0.333,0.333],"y":[0,0,0]},"t":520,"s":[74,74,100]},{"i":{"x":[0.99,0.99,0.99],"y":[1,1,1]},"o":{"x":[0.01,0.01,0.01],"y":[0,0,0]},"t":598,"s":[100,100,100]},{"i":{"x":[0.667,0.667,0.667],"y":[1,1,1]},"o":{"x":[0.333,0.333,0.333],"y":[0,0,0]},"t":636,"s":[74,74,100]},{"i":{"x":[0.99,0.99,0.99],"y":[1,1,1]},"o":{"x":[0.01,0.01,0.01],"y":[0,0,0]},"t":714,"s":[100,100,100]},{"i":{"x":[0.667,0.667,0.667],"y":[1,1,1]},"o":{"x":[0.333,0.333,0.333],"y":[0,0,0]},"t":746,"s":[74,74,100]},{"i":{"x":[0.99,0.99,0.99],"y":[1,1,1]},"o":{"x":[0.01,0.01,0.01],"y":[0,0,0]},"t":824,"s":[100,100,100]},{"i":{"x":[0.667,0.667,0.667],"y":[1,1,1]},"o":{"x":[0.333,0.333,0.333],"y":[0,0,0]},"t":850,"s":[74,74,100]},{"t":928,"s":[100,100,100]}],"ix":6}},"ao":0,"shapes":[{"ty":"gr","it":[{"d":1,"ty":"el","s":{"a":0,"k":[171,171],"ix":2},"p":{"a":0,"k":[0,0],"ix":3},"nm":"椭圆路径 1","mn":"ADBE Vector Shape - Ellipse","hd":false},{"ty":"fl","c":{"a":0,"k":[1,1,1,1],"ix":4},"o":{"a":0,"k":60,"ix":5},"r":1,"bm":0,"nm":"填充 1","mn":"ADBE Vector Graphic - Fill","hd":false},{"ty":"tr","p":{"a":0,"k":[0,0],"ix":2},"a":{"a":0,"k":[0,0],"ix":1},"s":{"a":0,"k":[100,100],"ix":3},"r":{"a":0,"k":0,"ix":6},"o":{"a":0,"k":100,"ix":7},"sk":{"a":0,"k":0,"ix":4},"sa":{"a":0,"k":0,"ix":5},"nm":"变换"}],"nm":"椭圆 1","np":2,"cix":2,"bm":0,"ix":1,"mn":"ADBE Vector Group","hd":false}],"ip":98,"op":904,"st":98,"bm":0},{"ddd":0,"ind":6,"ty":4,"nm":"波纹1-3","sr":1,"ks":{"o":{"a":1,"k":[{"i":{"x":[0.667],"y":[1.29]},"o":{"x":[0.333],"y":[0]},"t":98,"s":[40]},{"i":{"x":[0.667],"y":[1]},"o":{"x":[0.333],"y":[0.217]},"t":130,"s":[70]},{"i":{"x":[0.99],"y":[1]},"o":{"x":[0.01],"y":[0]},"t":186,"s":[0]},{"i":{"x":[0.667],"y":[1.29]},"o":{"x":[0.333],"y":[0]},"t":214,"s":[40]},{"i":{"x":[0.667],"y":[1]},"o":{"x":[0.333],"y":[0.217]},"t":246,"s":[70]},{"i":{"x":[0.99],"y":[1]},"o":{"x":[0.01],"y":[0]},"t":302,"s":[0]},{"i":{"x":[0.667],"y":[1.29]},"o":{"x":[0.333],"y":[0]},"t":326,"s":[40]},{"i":{"x":[0.667],"y":[1]},"o":{"x":[0.333],"y":[0.217]},"t":358,"s":[70]},{"i":{"x":[0.99],"y":[1]},"o":{"x":[0.01],"y":[0]},"t":414,"s":[0]},{"i":{"x":[0.667],"y":[1.29]},"o":{"x":[0.333],"y":[0]},"t":440,"s":[40]},{"i":{"x":[0.667],"y":[1]},"o":{"x":[0.333],"y":[0.217]},"t":472,"s":[70]},{"i":{"x":[0.99],"y":[1]},"o":{"x":[0.01],"y":[0]},"t":528,"s":[0]},{"i":{"x":[0.667],"y":[1.29]},"o":{"x":[0.333],"y":[0]},"t":560,"s":[40]},{"i":{"x":[0.667],"y":[1]},"o":{"x":[0.333],"y":[0.217]},"t":592,"s":[70]},{"i":{"x":[0.99],"y":[1]},"o":{"x":[0.01],"y":[0]},"t":648,"s":[0]},{"i":{"x":[0.667],"y":[1.29]},"o":{"x":[0.333],"y":[0]},"t":676,"s":[40]},{"i":{"x":[0.667],"y":[1]},"o":{"x":[0.333],"y":[0.217]},"t":708,"s":[70]},{"i":{"x":[0.99],"y":[1]},"o":{"x":[0.01],"y":[0]},"t":764,"s":[0]},{"i":{"x":[0.667],"y":[1.29]},"o":{"x":[0.333],"y":[0]},"t":788,"s":[40]},{"i":{"x":[0.667],"y":[1]},"o":{"x":[0.333],"y":[0.217]},"t":820,"s":[70]},{"t":876,"s":[0]}],"ix":11},"r":{"a":0,"k":0,"ix":10},"p":{"a":0,"k":[85.5,85,0],"ix":2},"a":{"a":0,"k":[0,0,0],"ix":1},"s":{"a":1,"k":[{"i":{"x":[0.667,0.667,0.667],"y":[1,1,1]},"o":{"x":[0.333,0.333,0.333],"y":[0,0,0]},"t":98,"s":[74,74,100]},{"i":{"x":[0.99,0.99,0.99],"y":[1,1,1]},"o":{"x":[0.01,0.01,0.01],"y":[0,0,0]},"t":176,"s":[100,100,100]},{"i":{"x":[0.667,0.667,0.667],"y":[1,1,1]},"o":{"x":[0.333,0.333,0.333],"y":[0,0,0]},"t":214,"s":[74,74,100]},{"i":{"x":[0.99,0.99,0.99],"y":[1,1,1]},"o":{"x":[0.01,0.01,0.01],"y":[0,0,0]},"t":292,"s":[100,100,100]},{"i":{"x":[0.667,0.667,0.667],"y":[1,1,1]},"o":{"x":[0.333,0.333,0.333],"y":[0,0,0]},"t":326,"s":[74,74,100]},{"i":{"x":[0.99,0.99,0.99],"y":[1,1,1]},"o":{"x":[0.01,0.01,0.01],"y":[0,0,0]},"t":404,"s":[100,100,100]},{"i":{"x":[0.667,0.667,0.667],"y":[1,1,1]},"o":{"x":[0.333,0.333,0.333],"y":[0,0,0]},"t":440,"s":[74,74,100]},{"i":{"x":[0.99,0.99,0.99],"y":[1,1,1]},"o":{"x":[0.01,0.01,0.01],"y":[0,0,0]},"t":518,"s":[100,100,100]},{"i":{"x":[0.667,0.667,0.667],"y":[1,1,1]},"o":{"x":[0.333,0.333,0.333],"y":[0,0,0]},"t":560,"s":[74,74,100]},{"i":{"x":[0.99,0.99,0.99],"y":[1,1,1]},"o":{"x":[0.01,0.01,0.01],"y":[0,0,0]},"t":638,"s":[100,100,100]},{"i":{"x":[0.667,0.667,0.667],"y":[1,1,1]},"o":{"x":[0.333,0.333,0.333],"y":[0,0,0]},"t":676,"s":[74,74,100]},{"i":{"x":[0.99,0.99,0.99],"y":[1,1,1]},"o":{"x":[0.01,0.01,0.01],"y":[0,0,0]},"t":754,"s":[100,100,100]},{"i":{"x":[0.667,0.667,0.667],"y":[1,1,1]},"o":{"x":[0.333,0.333,0.333],"y":[0,0,0]},"t":788,"s":[74,74,100]},{"t":866,"s":[100,100,100]}],"ix":6}},"ao":0,"shapes":[{"ty":"gr","it":[{"d":1,"ty":"el","s":{"a":0,"k":[171,171],"ix":2},"p":{"a":0,"k":[0,0],"ix":3},"nm":"椭圆路径 1","mn":"ADBE Vector Shape - Ellipse","hd":false},{"ty":"fl","c":{"a":0,"k":[1,1,1,1],"ix":4},"o":{"a":0,"k":60,"ix":5},"r":1,"bm":0,"nm":"填充 1","mn":"ADBE Vector Graphic - Fill","hd":false},{"ty":"tr","p":{"a":0,"k":[0,0],"ix":2},"a":{"a":0,"k":[0,0],"ix":1},"s":{"a":0,"k":[100,100],"ix":3},"r":{"a":0,"k":0,"ix":6},"o":{"a":0,"k":100,"ix":7},"sk":{"a":0,"k":0,"ix":4},"sa":{"a":0,"k":0,"ix":5},"nm":"变换"}],"nm":"椭圆 1","np":2,"cix":2,"bm":0,"ix":1,"mn":"ADBE Vector Group","hd":false}],"ip":98,"op":920,"st":98,"bm":0},{"ddd":0,"ind":7,"ty":4,"nm":"波纹2-2","sr":1,"ks":{"o":{"a":1,"k":[{"i":{"x":[0.667],"y":[1.29]},"o":{"x":[0.333],"y":[0]},"t":70,"s":[40]},{"i":{"x":[0.667],"y":[1]},"o":{"x":[0.333],"y":[0.217]},"t":102,"s":[70]},{"t":158,"s":[0]}],"ix":11},"r":{"a":0,"k":0,"ix":10},"p":{"a":0,"k":[85.5,85.5,0],"ix":2},"a":{"a":0,"k":[0,0,0],"ix":1},"s":{"a":1,"k":[{"i":{"x":[0.667,0.667,0.667],"y":[1,1,1]},"o":{"x":[0.333,0.333,0.333],"y":[0,0,0]},"t":70,"s":[74,74,100]},{"t":148,"s":[100,100,100]}],"ix":6}},"ao":0,"shapes":[{"ty":"gr","it":[{"d":1,"ty":"el","s":{"a":0,"k":[171,171],"ix":2},"p":{"a":0,"k":[0,0],"ix":3},"nm":"椭圆路径 1","mn":"ADBE Vector Shape - Ellipse","hd":false},{"ty":"fl","c":{"a":0,"k":[1,1,1,1],"ix":4},"o":{"a":0,"k":60,"ix":5},"r":1,"bm":0,"nm":"填充 1","mn":"ADBE Vector Graphic - Fill","hd":false},{"ty":"tr","p":{"a":0,"k":[0,0],"ix":2},"a":{"a":0,"k":[0,0],"ix":1},"s":{"a":0,"k":[100,100],"ix":3},"r":{"a":0,"k":0,"ix":6},"o":{"a":0,"k":100,"ix":7},"sk":{"a":0,"k":0,"ix":4},"sa":{"a":0,"k":0,"ix":5},"nm":"变换"}],"nm":"椭圆 1","np":2,"cix":2,"bm":0,"ix":1,"mn":"ADBE Vector Group","hd":false}],"ip":18,"op":920,"st":18,"bm":0},{"ddd":0,"ind":8,"ty":4,"nm":"波纹2-1","sr":1,"ks":{"o":{"a":1,"k":[{"i":{"x":[0.667],"y":[1.29]},"o":{"x":[0.333],"y":[0]},"t":18,"s":[40]},{"i":{"x":[0.667],"y":[1]},"o":{"x":[0.333],"y":[0.217]},"t":50,"s":[70]},{"t":106,"s":[0]}],"ix":11},"r":{"a":0,"k":0,"ix":10},"p":{"a":0,"k":[85.5,85,0],"ix":2},"a":{"a":0,"k":[0,0,0],"ix":1},"s":{"a":1,"k":[{"i":{"x":[0.667,0.667,0.667],"y":[1,1,1]},"o":{"x":[0.333,0.333,0.333],"y":[0,0,0]},"t":18,"s":[74,74,100]},{"t":96,"s":[100,100,100]}],"ix":6}},"ao":0,"shapes":[{"ty":"gr","it":[{"d":1,"ty":"el","s":{"a":0,"k":[171,171],"ix":2},"p":{"a":0,"k":[0,0],"ix":3},"nm":"椭圆路径 1","mn":"ADBE Vector Shape - Ellipse","hd":false},{"ty":"fl","c":{"a":0,"k":[1,1,1,1],"ix":4},"o":{"a":0,"k":60,"ix":5},"r":1,"bm":0,"nm":"填充 1","mn":"ADBE Vector Graphic - Fill","hd":false},{"ty":"tr","p":{"a":0,"k":[0,0],"ix":2},"a":{"a":0,"k":[0,0],"ix":1},"s":{"a":0,"k":[100,100],"ix":3},"r":{"a":0,"k":0,"ix":6},"o":{"a":0,"k":100,"ix":7},"sk":{"a":0,"k":0,"ix":4},"sa":{"a":0,"k":0,"ix":5},"nm":"变换"}],"nm":"椭圆 1","np":2,"cix":2,"bm":0,"ix":1,"mn":"ADBE Vector Group","hd":false}],"ip":18,"op":914,"st":18,"bm":0},{"ddd":0,"ind":9,"ty":4,"nm":"波纹1-2","sr":1,"ks":{"o":{"a":1,"k":[{"i":{"x":[0.667],"y":[1.29]},"o":{"x":[0.333],"y":[0]},"t":-10,"s":[40]},{"i":{"x":[0.667],"y":[1]},"o":{"x":[0.333],"y":[0.217]},"t":22,"s":[70]},{"t":78,"s":[0]}],"ix":11},"r":{"a":0,"k":0,"ix":10},"p":{"a":0,"k":[85.5,85.5,0],"ix":2},"a":{"a":0,"k":[0,0,0],"ix":1},"s":{"a":1,"k":[{"i":{"x":[0.667,0.667,0.667],"y":[1,1,1]},"o":{"x":[0.333,0.333,0.333],"y":[0,0,0]},"t":-10,"s":[74,74,100]},{"t":68,"s":[100,100,100]}],"ix":6}},"ao":0,"shapes":[{"ty":"gr","it":[{"d":1,"ty":"el","s":{"a":0,"k":[171,171],"ix":2},"p":{"a":0,"k":[0,0],"ix":3},"nm":"椭圆路径 1","mn":"ADBE Vector Shape - Ellipse","hd":false},{"ty":"fl","c":{"a":0,"k":[0.980392158031,0.980392158031,0.980392158031,1],"ix":4},"o":{"a":0,"k":60,"ix":5},"r":1,"bm":0,"nm":"填充 1","mn":"ADBE Vector Graphic - Fill","hd":false},{"ty":"tr","p":{"a":0,"k":[0,0],"ix":2},"a":{"a":0,"k":[0,0],"ix":1},"s":{"a":0,"k":[100,100],"ix":3},"r":{"a":0,"k":0,"ix":6},"o":{"a":0,"k":100,"ix":7},"sk":{"a":0,"k":0,"ix":4},"sa":{"a":0,"k":0,"ix":5},"nm":"变换"}],"nm":"椭圆 1","np":2,"cix":2,"bm":0,"ix":1,"mn":"ADBE Vector Group","hd":false}],"ip":0,"op":78,"st":-62,"bm":0},{"ddd":0,"ind":10,"ty":4,"nm":"波纹1-1","sr":1,"ks":{"o":{"a":1,"k":[{"i":{"x":[0.667],"y":[1.29]},"o":{"x":[0.333],"y":[0]},"t":-62,"s":[40]},{"i":{"x":[0.667],"y":[1]},"o":{"x":[0.333],"y":[0.217]},"t":-30,"s":[70]},{"t":26,"s":[0]}],"ix":11},"r":{"a":0,"k":0,"ix":10},"p":{"a":0,"k":[85.5,85,0],"ix":2},"a":{"a":0,"k":[0,0,0],"ix":1},"s":{"a":1,"k":[{"i":{"x":[0.667,0.667,0.667],"y":[1,1,1]},"o":{"x":[0.333,0.333,0.333],"y":[0,0,0]},"t":-62,"s":[74,74,100]},{"t":16,"s":[100,100,100]}],"ix":6}},"ao":0,"shapes":[{"ty":"gr","it":[{"d":1,"ty":"el","s":{"a":0,"k":[171,171],"ix":2},"p":{"a":0,"k":[0,0],"ix":3},"nm":"椭圆路径 1","mn":"ADBE Vector Shape - Ellipse","hd":false},{"ty":"fl","c":{"a":0,"k":[1,1,1,1],"ix":4},"o":{"a":0,"k":60,"ix":5},"r":1,"bm":0,"nm":"填充 1","mn":"ADBE Vector Graphic - Fill","hd":false},{"ty":"tr","p":{"a":0,"k":[0,0],"ix":2},"a":{"a":0,"k":[0,0],"ix":1},"s":{"a":0,"k":[100,100],"ix":3},"r":{"a":0,"k":0,"ix":6},"o":{"a":0,"k":100,"ix":7},"sk":{"a":0,"k":0,"ix":4},"sa":{"a":0,"k":0,"ix":5},"nm":"变换"}],"nm":"椭圆 1","np":2,"cix":2,"bm":0,"ix":1,"mn":"ADBE Vector Group","hd":false}],"ip":0,"op":78,"st":-62,"bm":0}]},{"id":"comp_1","layers":[{"ddd":0,"ind":1,"ty":2,"nm":"未标题-1_0007_图层-1.png","cl":"png","refId":"image_1","sr":1,"ks":{"o":{"a":0,"k":100,"ix":11},"r":{"a":0,"k":0,"ix":10},"p":{"a":0,"k":[540,540,0],"ix":2},"a":{"a":0,"k":[203,38,0],"ix":1},"s":{"a":0,"k":[100,100,100],"ix":6}},"ao":0,"ip":0,"op":10,"st":0,"bm":0},{"ddd":0,"ind":2,"ty":2,"nm":"未标题-1_0006_图层-2.png","cl":"png","refId":"image_2","sr":1,"ks":{"o":{"a":0,"k":100,"ix":11},"r":{"a":0,"k":0,"ix":10},"p":{"a":0,"k":[540,540,0],"ix":2},"a":{"a":0,"k":[203,38,0],"ix":1},"s":{"a":0,"k":[100,100,100],"ix":6}},"ao":0,"ip":10,"op":20,"st":10,"bm":0},{"ddd":0,"ind":3,"ty":2,"nm":"未标题-1_0005_图层-3.png","cl":"png","refId":"image_3","sr":1,"ks":{"o":{"a":0,"k":100,"ix":11},"r":{"a":0,"k":0,"ix":10},"p":{"a":0,"k":[540,540,0],"ix":2},"a":{"a":0,"k":[203,38,0],"ix":1},"s":{"a":0,"k":[100,100,100],"ix":6}},"ao":0,"ip":20,"op":30,"st":20,"bm":0},{"ddd":0,"ind":4,"ty":2,"nm":"未标题-1_0004_图层-4.png","cl":"png","refId":"image_4","sr":1,"ks":{"o":{"a":0,"k":100,"ix":11},"r":{"a":0,"k":0,"ix":10},"p":{"a":0,"k":[540,540,0],"ix":2},"a":{"a":0,"k":[203,38,0],"ix":1},"s":{"a":0,"k":[100,100,100],"ix":6}},"ao":0,"ip":30,"op":40,"st":30,"bm":0},{"ddd":0,"ind":5,"ty":2,"nm":"未标题-1_0003_图层-5.png","cl":"png","refId":"image_5","sr":1,"ks":{"o":{"a":0,"k":100,"ix":11},"r":{"a":0,"k":0,"ix":10},"p":{"a":0,"k":[540,540,0],"ix":2},"a":{"a":0,"k":[203,38,0],"ix":1},"s":{"a":0,"k":[100,100,100],"ix":6}},"ao":0,"ip":40,"op":50,"st":40,"bm":0},{"ddd":0,"ind":6,"ty":2,"nm":"未标题-1_0002_图层-6.png","cl":"png","refId":"image_6","sr":1,"ks":{"o":{"a":0,"k":100,"ix":11},"r":{"a":0,"k":0,"ix":10},"p":{"a":0,"k":[540,540,0],"ix":2},"a":{"a":0,"k":[203,38,0],"ix":1},"s":{"a":0,"k":[100,100,100],"ix":6}},"ao":0,"ip":50,"op":60,"st":50,"bm":0},{"ddd":0,"ind":7,"ty":2,"nm":"未标题-1_0001_图层-7.png","cl":"png","refId":"image_7","sr":1,"ks":{"o":{"a":0,"k":100,"ix":11},"r":{"a":0,"k":0,"ix":10},"p":{"a":0,"k":[540,540,0],"ix":2},"a":{"a":0,"k":[203,38,0],"ix":1},"s":{"a":0,"k":[100,100,100],"ix":6}},"ao":0,"ip":60,"op":70,"st":60,"bm":0},{"ddd":0,"ind":8,"ty":2,"nm":"未标题-1_0000_图层-8.png","cl":"png","refId":"image_8","sr":1,"ks":{"o":{"a":0,"k":100,"ix":11},"r":{"a":0,"k":0,"ix":10},"p":{"a":0,"k":[540,540,0],"ix":2},"a":{"a":0,"k":[203,38,0],"ix":1},"s":{"a":0,"k":[100,100,100],"ix":6}},"ao":0,"ip":70,"op":80,"st":70,"bm":0}]}],"layers":[{"ddd":0,"ind":1,"ty":0,"nm":"波纹 pag","refId":"comp_0","sr":1,"ks":{"o":{"a":0,"k":100,"ix":11},"r":{"a":0,"k":0,"ix":10},"p":{"a":0,"k":[544,974.5,0],"ix":2},"a":{"a":0,"k":[85.5,85.5,0],"ix":1},"s":{"a":0,"k":[250,250,100],"ix":6}},"ao":0,"w":171,"h":171,"ip":0,"op":900,"st":0,"bm":0},{"ddd":0,"ind":2,"ty":0,"nm":"滑动效果","refId":"comp_1","sr":1,"ks":{"o":{"a":0,"k":100,"ix":11},"r":{"a":0,"k":0,"ix":10},"p":{"a":0,"k":[608,1858.5,0],"ix":2},"a":{"a":0,"k":[540,540,0],"ix":1},"s":{"a":0,"k":[79.259,78.519,100],"ix":6}},"ao":0,"w":1080,"h":1080,"ip":0,"op":80,"st":0,"bm":0},{"ddd":0,"ind":3,"ty":2,"nm":"QQ图片20201124211435_0002_图层-3.png","cl":"png","refId":"image_9","sr":1,"ks":{"o":{"a":0,"k":100,"ix":11},"r":{"a":0,"k":0,"ix":10},"p":{"a":0,"k":[300,1858,0],"ix":2},"a":{"a":0,"k":[123.5,124,0],"ix":1},"s":{"a":0,"k":[67.711,71.05,100],"ix":6}},"ao":0,"ip":0,"op":80,"st":0,"bm":0},{"ddd":0,"ind":4,"ty":2,"nm":"QQ图片20201124211435_0003_图层-4.png","cl":"png","refId":"image_10","sr":1,"ks":{"o":{"a":0,"k":43,"ix":11},"r":{"a":0,"k":0,"ix":10},"p":{"a":0,"k":[531.5,1858,0],"ix":2},"a":{"a":0,"k":[422.5,156,0],"ix":1},"s":{"a":0,"k":[77.278,71.795,100],"ix":6}},"ao":0,"ip":0,"op":80,"st":0,"bm":0},{"ddd":0,"ind":5,"ty":4,"nm":"“信息”轮廓","sr":1,"ks":{"o":{"a":0,"k":100,"ix":11},"r":{"a":0,"k":0,"ix":10},"p":{"a":0,"k":[776,1536,0],"ix":2},"a":{"a":0,"k":[0,0,0],"ix":1},"s":{"a":0,"k":[100,100,100],"ix":6}},"ao":0,"shapes":[{"ty":"gr","it":[{"ind":0,"ty":"sh","ix":1,"ks":{"a":0,"k":{"i":[[-0.131,1.563],[0,0],[0,-3.644],[0.128,-1.953],[0,0],[0,0],[0,0],[0,0],[0,0],[0,3.516]],"o":[[0,0],[0.128,1.953],[0,3.516],[0,0],[0,0],[0,0],[0,0],[0,0],[-0.131,-1.825],[0,-3.644]],"v":[[44.141,-12.305],[19.727,-12.305],[19.922,-3.906],[19.727,4.297],[23.633,4.297],[23.633,0.195],[40.43,0.195],[40.43,3.516],[44.141,3.516],[43.945,-4.492]],"c":true},"ix":2},"nm":"信","mn":"ADBE Vector Shape - Group","hd":false},{"ind":1,"ty":"sh","ix":2,"ks":{"a":0,"k":{"i":[[-0.781,0.781],[1.431,0.522],[2.081,-3.97],[1.431,-1.563],[-0.781,-1.3],[-1.563,3.125],[0,0],[0.391,-2.344],[0,0],[0,3.906],[0,0]],"o":[[-1.694,-0.519],[-1.044,4.428],[-2.084,3.973],[1.172,0.781],[1.431,-2.081],[0,0],[0,3.906],[0,0],[-0.131,-2.216],[0,0],[1.691,-4.425]],"v":[[16.602,-38.867],[11.914,-40.43],[7.227,-27.832],[1.953,-19.531],[4.883,-16.406],[9.375,-24.219],[9.375,-4.492],[8.789,4.883],[13.086,4.883],[12.891,-4.297],[12.891,-31.055]],"c":true},"ix":2},"nm":"信","mn":"ADBE Vector Shape - Group","hd":false},{"ind":2,"ty":"sh","ix":3,"ks":{"a":0,"k":{"i":[[0,0],[0,0],[0,0],[0,0]],"o":[[0,0],[0,0],[0,0],[0,0]],"v":[[23.633,-2.93],[23.633,-9.57],[40.43,-9.57],[40.43,-2.93]],"c":true},"ix":2},"nm":"信","mn":"ADBE Vector Shape - Group","hd":false},{"ind":3,"ty":"sh","ix":4,"ks":{"a":0,"k":{"i":[[0,0],[0,0],[0,0],[-7.684,0],[-2.606,-0.128]],"o":[[0,0],[0,0],[2.734,-0.128],[7.681,0],[0,0]],"v":[[47.461,-33.789],[16.406,-33.789],[16.406,-30.469],[32.031,-30.664],[47.461,-30.469]],"c":true},"ix":2},"nm":"信","mn":"ADBE Vector Shape - Group","hd":false},{"ind":4,"ty":"sh","ix":5,"ks":{"a":0,"k":{"i":[[0,0],[6.119,0],[2.472,0.131],[0,0],[-5.859,0],[-2.216,-0.128]],"o":[[-2.216,0.131],[-5.991,0],[0,0],[2.863,-0.128],[5.859,0],[0,0]],"v":[[44.531,-26.758],[32.031,-26.563],[19.336,-26.758],[19.336,-23.438],[32.422,-23.633],[44.531,-23.438]],"c":true},"ix":2},"nm":"信","mn":"ADBE Vector Shape - Group","hd":false},{"ind":5,"ty":"sh","ix":6,"ks":{"a":0,"k":{"i":[[0,0],[6.25,0],[2.734,0.131],[0,0],[-5.991,0],[-1.825,-0.128]],"o":[[-1.694,0.131],[-6.122,0],[0,0],[2.863,-0.128],[6.119,0],[0,0]],"v":[[44.531,-19.922],[32.617,-19.727],[19.336,-19.922],[19.336,-16.602],[32.617,-16.797],[44.531,-16.602]],"c":true},"ix":2},"nm":"信","mn":"ADBE Vector Shape - Group","hd":false},{"ind":6,"ty":"sh","ix":7,"ks":{"a":0,"k":{"i":[[0.391,0.781],[1.3,-0.519],[-0.912,-2.734],[-1.172,0.391],[0.391,0.912]],"o":[[-1.044,0.391],[0.65,0.653],[1.172,-0.259],[-0.391,-1.041],[-0.391,-0.909]],"v":[[31.445,-40.625],[27.93,-39.258],[30.273,-34.18],[33.789,-35.156],[32.617,-38.086]],"c":true},"ix":2},"nm":"信","mn":"ADBE Vector Shape - Group","hd":false},{"ty":"mm","mm":1,"nm":"合并路径 1","mn":"ADBE Vector Filter - Merge","hd":false},{"ty":"st","c":{"a":0,"k":[1,1,1,1],"ix":3},"o":{"a":0,"k":100,"ix":4},"w":{"a":0,"k":1,"ix":5},"lc":1,"lj":1,"ml":4,"bm":0,"nm":"描边 1","mn":"ADBE Vector Graphic - Stroke","hd":false},{"ty":"fl","c":{"a":0,"k":[1,1,1,1],"ix":4},"o":{"a":0,"k":100,"ix":5},"r":1,"bm":0,"nm":"填充 1","mn":"ADBE Vector Graphic - Fill","hd":false},{"ty":"tr","p":{"a":0,"k":[0,0],"ix":2},"a":{"a":0,"k":[0,0],"ix":1},"s":{"a":0,"k":[100,100],"ix":3},"r":{"a":0,"k":0,"ix":6},"o":{"a":0,"k":100,"ix":7},"sk":{"a":0,"k":0,"ix":4},"sa":{"a":0,"k":0,"ix":5},"nm":"变换"}],"nm":"信","np":10,"cix":2,"bm":0,"ix":1,"mn":"ADBE Vector Group","hd":false},{"ty":"gr","it":[{"ind":0,"ty":"sh","ix":1,"ks":{"a":0,"k":{"i":[[-1.303,1.953],[1.431,0.391],[0.391,-1.041],[0,0],[0,-4.425],[0.128,-2.994],[0,0],[0,4.297],[-0.131,2.606],[0,0]],"o":[[-1.825,-0.391],[-0.391,2.734],[0,0],[0.128,2.606],[0,4.297],[0,0],[-0.131,-2.994],[0,-4.425],[0,0],[0.391,-1.041]],"v":[[74.219,-39.844],[69.336,-41.016],[68.164,-35.352],[58.984,-35.352],[59.18,-24.805],[58.984,-13.867],[91.406,-13.867],[91.211,-24.805],[91.406,-35.352],[71.68,-35.352]],"c":true},"ix":2},"nm":"息","mn":"ADBE Vector Shape - Group","hd":false},{"ind":1,"ty":"sh","ix":2,"ks":{"a":0,"k":{"i":[[-0.131,3.516],[0,0],[0.064,-1.822],[-0.327,-0.977],[-2.084,-0.131],[0,0],[-0.522,0.65],[-0.653,2.606],[1.041,0.653],[0.323,-0.391],[0.909,0],[0,0],[0.323,0.323],[0,1.563]],"o":[[0,0],[0.128,3.516],[-0.067,1.825],[0.323,0.977],[0,0],[1.822,-0.131],[0.519,-0.653],[-1.694,-0.391],[-0.131,2.344],[-0.327,0.391],[0,0],[-1.694,0],[-0.327,-0.323],[0,-1.563]],"v":[[68.359,-10.547],[64.258,-10.547],[64.355,-2.539],[64.746,1.66],[68.359,3.32],[82.813,3.32],[86.328,2.148],[88.086,-2.734],[83.984,-4.297],[83.301,-0.195],[81.445,0.391],[71.68,0.391],[68.652,-0.098],[68.164,-2.93]],"c":true},"ix":2},"nm":"息","mn":"ADBE Vector Shape - Group","hd":false},{"ind":2,"ty":"sh","ix":3,"ks":{"a":0,"k":{"i":[[0,0],[0,0],[0,0],[0,0]],"o":[[0,0],[0,0],[0,0],[0,0]],"v":[[62.891,-29.102],[62.891,-32.617],[87.5,-32.617],[87.5,-29.102]],"c":true},"ix":2},"nm":"息","mn":"ADBE Vector Shape - Group","hd":false},{"ind":3,"ty":"sh","ix":4,"ks":{"a":0,"k":{"i":[[0,0],[0,0],[0,0],[0,0]],"o":[[0,0],[0,0],[0,0],[0,0]],"v":[[62.891,-16.602],[62.891,-20.117],[87.5,-20.117],[87.5,-16.602]],"c":true},"ix":2},"nm":"息","mn":"ADBE Vector Shape - Group","hd":false},{"ind":4,"ty":"sh","ix":5,"ks":{"a":0,"k":{"i":[[0,0],[0,0],[0,0],[0,0]],"o":[[0,0],[0,0],[0,0],[0,0]],"v":[[62.891,-22.852],[62.891,-26.367],[87.5,-26.367],[87.5,-22.852]],"c":true},"ix":2},"nm":"息","mn":"ADBE Vector Shape - Group","hd":false},{"ind":5,"ty":"sh","ix":6,"ks":{"a":0,"k":{"i":[[2.213,2.866],[1.041,-0.65],[-2.475,-3.775],[-1.303,0.912]],"o":[[-1.044,1.044],[2.081,2.084],[0.909,-0.909],[-2.475,-2.863]],"v":[[90.82,-11.133],[87.695,-8.594],[94.531,0.195],[97.852,-2.539]],"c":true},"ix":2},"nm":"息","mn":"ADBE Vector Shape - Group","hd":false},{"ind":6,"ty":"sh","ix":7,"ks":{"a":0,"k":{"i":[[-1.563,4.819],[1.041,0.391],[1.563,-2.213],[-1.172,-0.522]],"o":[[-1.434,-0.259],[-1.044,4.297],[1.431,0.391],[0.909,-1.953]],"v":[[59.961,-8.398],[56.25,-9.375],[52.344,0.391],[56.25,1.758]],"c":true},"ix":2},"nm":"息","mn":"ADBE Vector Shape - Group","hd":false},{"ind":7,"ty":"sh","ix":8,"ks":{"a":0,"k":{"i":[[1.431,2.084],[1.172,-0.65],[-0.912,-2.213],[-0.912,0.391]],"o":[[-1.044,0.653],[1.3,1.694],[1.431,-0.909],[-0.912,-1.822]],"v":[[76.172,-11.719],[72.852,-9.766],[76.172,-3.906],[79.688,-5.859]],"c":true},"ix":2},"nm":"息","mn":"ADBE Vector Shape - Group","hd":false},{"ty":"mm","mm":1,"nm":"合并路径 1","mn":"ADBE Vector Filter - Merge","hd":false},{"ty":"st","c":{"a":0,"k":[1,1,1,1],"ix":3},"o":{"a":0,"k":100,"ix":4},"w":{"a":0,"k":1,"ix":5},"lc":1,"lj":1,"ml":4,"bm":0,"nm":"描边 1","mn":"ADBE Vector Graphic - Stroke","hd":false},{"ty":"fl","c":{"a":0,"k":[1,1,1,1],"ix":4},"o":{"a":0,"k":100,"ix":5},"r":1,"bm":0,"nm":"填充 1","mn":"ADBE Vector Graphic - Fill","hd":false},{"ty":"tr","p":{"a":0,"k":[0,0],"ix":2},"a":{"a":0,"k":[0,0],"ix":1},"s":{"a":0,"k":[100,100],"ix":3},"r":{"a":0,"k":0,"ix":6},"o":{"a":0,"k":100,"ix":7},"sk":{"a":0,"k":0,"ix":4},"sa":{"a":0,"k":0,"ix":5},"nm":"变换"}],"nm":"息","np":11,"cix":2,"bm":0,"ix":2,"mn":"ADBE Vector Group","hd":false}],"ip":0,"op":80,"st":0,"bm":0},{"ddd":0,"ind":7,"ty":4,"nm":"“提醒我”轮廓","sr":1,"ks":{"o":{"a":0,"k":100,"ix":11},"r":{"a":0,"k":0,"ix":10},"p":{"a":0,"k":[182,1532,0],"ix":2},"a":{"a":0,"k":[0,0,0],"ix":1},"s":{"a":0,"k":[100,100,100],"ix":6}},"ao":0,"shapes":[{"ty":"gr","it":[{"ind":0,"ty":"sh","ix":1,"ks":{"a":0,"k":{"i":[[-0.131,2.084],[0,0],[0,-3.125],[0.128,-2.603],[0,0],[0,3.647]],"o":[[0,0],[0.128,2.734],[0,2.997],[0,0],[-0.131,-1.953],[0,-3.775]],"v":[[43.75,-39.258],[21.484,-39.258],[21.68,-30.469],[21.484,-22.07],[43.75,-22.07],[43.555,-30.469]],"c":true},"ix":2},"nm":"提","mn":"ADBE Vector Shape - Group","hd":false},{"ind":1,"ty":"sh","ix":2,"ks":{"a":0,"k":{"i":[[0,0],[2.603,0.131],[0,0],[-2.734,0],[0,0],[0,0],[1.691,2.216],[-0.391,0.781],[1.563,0.653],[1.236,-2.93],[2.734,-1.694],[-0.912,-1.044],[-1.172,2.472],[-2.084,-0.912],[-2.866,-0.067],[-3.906,0],[-0.522,0.909],[2.472,0],[1.431,0.262],[0,0],[0,0],[-2.084,-0.128],[0,0],[2.344,0],[0,0],[0,0],[0,0],[-1.953,-0.128],[0,0],[2.213,0]],"o":[[-2.866,0],[0,0],[2.603,-0.128],[0,0],[0,0],[-2.475,-0.65],[0.65,-3.384],[-1.303,-0.128],[0,2.866],[-1.239,2.93],[1.3,0.65],[2.734,-2.216],[1.822,1.694],[2.081,0.909],[2.863,0.064],[0.519,-1.953],[-2.734,0.391],[-2.475,0],[0,0],[0,0],[2.213,0],[0,0],[-2.084,0.131],[0,0],[0,0],[0,0],[2.213,0],[0,0],[-2.084,0.131],[0,0]],"v":[[26.563,-18.555],[18.359,-18.75],[18.359,-15.234],[26.367,-15.43],[30.664,-15.43],[30.664,-1.367],[24.414,-5.664],[25.977,-11.914],[21.68,-13.086],[19.824,-4.395],[13.867,2.539],[17.188,5.078],[23.047,-1.953],[28.906,1.953],[36.328,3.418],[46.484,3.516],[48.047,-0.781],[40.234,-0.195],[34.375,-0.586],[34.375,-6.836],[37.5,-6.836],[43.945,-6.641],[43.945,-10.156],[37.305,-9.961],[34.375,-9.961],[34.375,-15.43],[41.211,-15.43],[47.461,-15.234],[47.461,-18.75],[41.016,-18.555]],"c":true},"ix":2},"nm":"提","mn":"ADBE Vector Shape - Group","hd":false},{"ind":2,"ty":"sh","ix":3,"ks":{"a":0,"k":{"i":[[0,0],[1.691,0.131],[0,0],[-2.344,0],[0,0],[2.344,-0.519],[-0.522,-1.691],[-1.563,0.653],[0,0],[0.65,-0.128],[1.953,0.128],[0,-1.563],[-1.044,0.455],[-0.262,1.822],[0,0],[-1.172,0.653],[0,1.044],[1.691,-0.909],[0,0],[-1.953,-0.128],[0,0],[1.953,0],[0,0],[-0.131,1.434],[0,0],[0,-2.213]],"o":[[-2.344,0],[0,0],[1.691,-0.128],[0,0],[-2.475,1.172],[0.65,0.912],[2.081,-1.3],[0,0],[0,1.044],[-0.653,0.128],[0.781,1.431],[2.603,-0.262],[1.041,-0.458],[0,0],[1.953,-1.041],[-0.131,-1.3],[-1.303,0.781],[0,0],[1.953,0],[0,0],[-1.953,0.131],[0,0],[0,-2.213],[0,0],[0.128,1.563],[0,0]],"v":[[8.789,-29.883],[2.734,-30.078],[2.734,-26.563],[8.789,-26.758],[8.789,-16.602],[1.563,-14.063],[3.32,-10.156],[8.789,-13.086],[8.789,-1.758],[7.813,0],[3.906,0],[5.078,4.492],[10.547,3.418],[12.5,0],[12.5,-14.453],[17.188,-16.992],[16.992,-20.508],[12.5,-17.969],[12.5,-26.758],[18.359,-26.563],[18.359,-30.078],[12.5,-29.883],[12.5,-35.156],[12.695,-40.625],[8.594,-40.625],[8.789,-34.961]],"c":true},"ix":2},"nm":"提","mn":"ADBE Vector Shape - Group","hd":false},{"ind":3,"ty":"sh","ix":4,"ks":{"a":0,"k":{"i":[[0,0],[0,0],[0,0],[0,0]],"o":[[0,0],[0,0],[0,0],[0,0]],"v":[[25.195,-25.195],[25.195,-29.102],[40.039,-29.102],[40.039,-25.195]],"c":true},"ix":2},"nm":"提","mn":"ADBE Vector Shape - Group","hd":false},{"ind":4,"ty":"sh","ix":5,"ks":{"a":0,"k":{"i":[[0,0],[0,0],[0,0],[0,0]],"o":[[0,0],[0,0],[0,0],[0,0]],"v":[[25.195,-32.422],[25.195,-35.938],[40.039,-35.938],[40.039,-32.422]],"c":true},"ix":2},"nm":"提","mn":"ADBE Vector Shape - Group","hd":false},{"ty":"mm","mm":1,"nm":"合并路径 1","mn":"ADBE Vector Filter - Merge","hd":false},{"ty":"st","c":{"a":0,"k":[1,1,1,1],"ix":3},"o":{"a":0,"k":100,"ix":4},"w":{"a":0,"k":1,"ix":5},"lc":1,"lj":1,"ml":4,"bm":0,"nm":"描边 1","mn":"ADBE Vector Graphic - Stroke","hd":false},{"ty":"fl","c":{"a":0,"k":[1,1,1,1],"ix":4},"o":{"a":0,"k":100,"ix":5},"r":1,"bm":0,"nm":"填充 1","mn":"ADBE Vector Graphic - Fill","hd":false},{"ty":"tr","p":{"a":0,"k":[0,0],"ix":2},"a":{"a":0,"k":[0,0],"ix":1},"s":{"a":0,"k":[100,100],"ix":3},"r":{"a":0,"k":0,"ix":6},"o":{"a":0,"k":100,"ix":7},"sk":{"a":0,"k":0,"ix":4},"sa":{"a":0,"k":0,"ix":5},"nm":"变换"}],"nm":"提","np":8,"cix":2,"bm":0,"ix":1,"mn":"ADBE Vector Group","hd":false},{"ty":"gr","it":[{"ind":0,"ty":"sh","ix":1,"ks":{"a":0,"k":{"i":[[0,0],[4.947,0],[1.953,0.131],[0,0],[-2.606,0],[0,0],[0,0],[0,-7.291],[0.128,-4.688],[0,0],[0,0],[0,0],[0,0],[0,0],[0,7.422],[-0.131,2.475],[0,0],[0,0],[-2.866,-0.128]],"o":[[-2.734,0.131],[-4.819,0],[0,0],[1.822,-0.128],[0,0],[0,0],[0.128,3.906],[0,7.162],[0,0],[0,0],[0,0],[0,0],[0,0],[-0.131,-5.469],[0,-7.422],[0,0],[0,0],[1.431,0],[0,0]],"v":[[73.828,-39.063],[62.305,-38.867],[52.148,-39.063],[52.148,-35.547],[58.789,-35.742],[58.789,-29.492],[53.125,-29.492],[53.32,-12.695],[53.125,5.078],[56.445,5.078],[56.445,1.367],[69.727,1.367],[69.727,4.688],[73.242,4.688],[73.047,-14.648],[73.242,-29.492],[67.383,-29.492],[67.383,-35.742],[73.828,-35.547]],"c":true},"ix":2},"nm":"醒","mn":"ADBE Vector Shape - Group","hd":false},{"ind":1,"ty":"sh","ix":2,"ks":{"a":0,"k":{"i":[[-0.131,3.906],[0,0],[0,-2.213],[0.128,-3.644],[0,0],[0,0],[0,0],[-0.522,0.912],[1.041,0.653],[0.781,-2.277],[1.041,-1.563],[-0.912,-1.041],[-0.391,1.434],[0,0],[0,0],[2.081,0.131],[0,0],[-2.475,0],[0,0],[2.081,0.128],[0,0],[-1.825,0],[0,0],[-2.216,-0.131],[0,0],[4.297,0],[0,0],[-2.084,-0.128],[0,0],[2.734,-0.128],[0,0],[-1.563,-0.128],[0,0],[3.644,0],[0,0],[0,0],[0,2.084]],"o":[[0,0],[0.128,3.906],[0,2.084],[0,0],[0,0],[0,0],[0.519,-1.431],[-1.434,-0.259],[-0.391,1.563],[-0.781,2.28],[0.909,0.522],[1.563,-2.603],[0,0],[0,0],[-2.475,0],[0,0],[2.081,-0.128],[0,0],[-4.688,0],[0,0],[1.822,-0.131],[0,0],[2.081,0],[0,0],[-2.084,0.128],[0,0],[2.734,0],[0,0],[-2.084,0],[0,0],[3.775,0],[0,0],[-1.694,0.131],[0,0],[0,0],[-0.131,-3.644],[0,-2.213]],"v":[[96.094,-40.039],[76.953,-40.039],[77.148,-30.859],[76.953,-22.266],[85.156,-22.266],[85.156,-16.016],[80.078,-16.016],[81.641,-19.531],[77.93,-20.898],[76.172,-15.137],[73.438,-9.375],[76.172,-7.031],[79.102,-13.086],[85.156,-13.086],[85.156,-8.008],[78.32,-8.203],[78.32,-4.883],[85.156,-5.078],[85.156,0.586],[75,0.391],[75,3.711],[80.469,3.516],[91.797,3.516],[98.242,3.711],[98.242,0.391],[88.672,0.586],[88.672,-5.078],[95.898,-4.883],[95.898,-8.203],[88.672,-8.008],[88.672,-13.086],[96.68,-12.891],[96.68,-16.211],[88.672,-16.016],[88.672,-22.266],[96.094,-22.266],[95.898,-30.859]],"c":true},"ix":2},"nm":"醒","mn":"ADBE Vector Shape - Group","hd":false},{"ind":2,"ty":"sh","ix":3,"ks":{"a":0,"k":{"i":[[0,0],[0,0],[-1.044,-0.781],[-0.262,2.539],[0,3.125],[0,0],[0,0],[-1.825,-0.391],[0,0],[0,0]],"o":[[0,0],[1.3,0.391],[0.65,-2.081],[0.259,-2.539],[0,0],[0,0],[0,1.694],[0,0],[0,0],[0,0]],"v":[[56.445,-8.594],[56.445,-13.086],[59.961,-11.328],[61.328,-18.262],[61.719,-26.758],[64.063,-26.758],[64.063,-15.625],[66.797,-12.5],[69.727,-12.5],[69.727,-8.594]],"c":true},"ix":2},"nm":"醒","mn":"ADBE Vector Shape - Group","hd":false},{"ind":3,"ty":"sh","ix":4,"ks":{"a":0,"k":{"i":[[0,0],[0,0],[0,0],[0,0]],"o":[[0,0],[0,0],[0,0],[0,0]],"v":[[56.445,-1.563],[56.445,-5.859],[69.727,-5.859],[69.727,-1.563]],"c":true},"ix":2},"nm":"醒","mn":"ADBE Vector Shape - Group","hd":false},{"ind":4,"ty":"sh","ix":5,"ks":{"a":0,"k":{"i":[[0,0],[0,0],[0,0],[0,0]],"o":[[0,0],[0,0],[0,0],[0,0]],"v":[[80.469,-32.422],[80.469,-37.109],[92.578,-37.109],[92.578,-32.422]],"c":true},"ix":2},"nm":"醒","mn":"ADBE Vector Shape - Group","hd":false},{"ind":5,"ty":"sh","ix":6,"ks":{"a":0,"k":{"i":[[0,0],[0,0],[0,0],[0,0]],"o":[[0,0],[0,0],[0,0],[0,0]],"v":[[80.469,-25],[80.469,-29.297],[92.578,-29.297],[92.578,-25]],"c":true},"ix":2},"nm":"醒","mn":"ADBE Vector Shape - Group","hd":false},{"ind":6,"ty":"sh","ix":7,"ks":{"a":0,"k":{"i":[[-0.262,1.953],[0,0],[0,0],[0,0]],"o":[[0,0],[0,0],[0,0],[-1.825,0.262]],"v":[[67.383,-18.164],[67.383,-26.758],[69.727,-26.758],[69.727,-15.625]],"c":true},"ix":2},"nm":"醒","mn":"ADBE Vector Shape - Group","hd":false},{"ind":7,"ty":"sh","ix":8,"ks":{"a":0,"k":{"i":[[0,0],[0,0],[0.323,-2.472],[1.041,-1.431]],"o":[[0,0],[0.128,2.344],[-0.327,2.475],[0,0]],"v":[[56.445,-26.758],[58.789,-26.758],[58.496,-19.531],[56.445,-13.672]],"c":true},"ix":2},"nm":"醒","mn":"ADBE Vector Shape - Group","hd":false},{"ind":8,"ty":"sh","ix":9,"ks":{"a":0,"k":{"i":[[0,0],[0,0],[0,0],[0,0]],"o":[[0,0],[0,0],[0,0],[0,0]],"v":[[61.719,-29.492],[61.719,-35.742],[64.258,-35.742],[64.258,-29.492]],"c":true},"ix":2},"nm":"醒","mn":"ADBE Vector Shape - Group","hd":false},{"ty":"mm","mm":1,"nm":"合并路径 1","mn":"ADBE Vector Filter - Merge","hd":false},{"ty":"st","c":{"a":0,"k":[1,1,1,1],"ix":3},"o":{"a":0,"k":100,"ix":4},"w":{"a":0,"k":1,"ix":5},"lc":1,"lj":1,"ml":4,"bm":0,"nm":"描边 1","mn":"ADBE Vector Graphic - Stroke","hd":false},{"ty":"fl","c":{"a":0,"k":[1,1,1,1],"ix":4},"o":{"a":0,"k":100,"ix":5},"r":1,"bm":0,"nm":"填充 1","mn":"ADBE Vector Graphic - Fill","hd":false},{"ty":"tr","p":{"a":0,"k":[0,0],"ix":2},"a":{"a":0,"k":[0,0],"ix":1},"s":{"a":0,"k":[100,100],"ix":3},"r":{"a":0,"k":0,"ix":6},"o":{"a":0,"k":100,"ix":7},"sk":{"a":0,"k":0,"ix":4},"sa":{"a":0,"k":0,"ix":5},"nm":"变换"}],"nm":"醒","np":12,"cix":2,"bm":0,"ix":2,"mn":"ADBE Vector Group","hd":false},{"ty":"gr","it":[{"ind":0,"ty":"sh","ix":1,"ks":{"a":0,"k":{"i":[[1.3,1.825],[4.102,-0.909],[1.953,0],[-0.391,-1.431],[0,0],[0,0],[2.081,0.131],[0,0],[-5.078,0],[0,0],[2.344,-0.259],[-0.131,-1.822],[-4.95,1.303],[0,0],[0.845,-0.323],[2.603,0],[-0.131,-1.434],[-1.694,0.714],[0.128,2.472],[0,0],[-1.694,0.391],[0.128,1.303],[2.994,-0.65],[0,0],[0,0],[-1.825,-3.644],[3.906,-1.3],[-0.781,-1.434],[-4.428,3.125],[-2.216,-1.172],[-1.172,0.909],[-1.044,3.644],[1.3,0.912],[0.323,-0.977],[0.714,0.195],[1.172,1.044],[1.041,1.563],[-1.694,2.67],[-1.044,1.172],[1.041,0.912],[2.734,-2.603],[0.391,6.25],[0,0],[-2.606,-0.128],[0,0],[1.953,0],[0,0],[0,0],[-0.262,1.953],[1.431,0.262],[0,-3.516],[0,0],[0,0],[-1.172,0.391]],"o":[[-2.084,1.172],[-4.102,0.912],[0.65,1.044],[0,0],[0,0],[-4.95,0],[0,0],[1.953,-0.128],[0,0],[-4.95,1.044],[0.65,1.172],[1.563,-0.519],[0,0],[0,1.172],[-0.848,0.323],[1.172,1.563],[2.213,-0.391],[1.691,-0.717],[0,0],[3.125,-0.781],[-0.131,-1.172],[-1.563,0.653],[0,0],[0,0],[0.391,7.162],[-3.778,2.997],[1.172,0.909],[2.603,-1.303],[2.344,3.253],[2.213,1.172],[1.172,-0.912],[-1.434,-0.65],[-0.131,1.825],[-0.327,0.977],[-0.717,-0.195],[-1.172,-1.041],[1.822,-1.822],[1.691,-2.667],[-1.694,-0.781],[-1.953,5.078],[-1.303,-2.734],[0,0],[1.822,0],[0,0],[-2.606,0.131],[0,0],[0,0],[0,-2.472],[-1.434,0],[0.128,6.25],[0,0],[0,0],[3.775,-0.781],[-0.391,-0.65]],"v":[[122.266,-38.477],[112.988,-35.352],[103.906,-33.984],[105.469,-30.273],[113.672,-32.031],[113.672,-25.586],[103.125,-25.781],[103.125,-22.266],[113.672,-22.461],[113.672,-14.063],[102.734,-12.109],[103.906,-7.617],[113.672,-10.352],[113.672,-2.148],[112.402,0.098],[107.227,0.586],[109.18,5.078],[115.039,3.418],[117.383,-1.367],[117.383,-11.328],[124.609,-13.086],[124.219,-16.797],[117.383,-14.844],[117.383,-22.461],[127.734,-22.461],[131.055,-6.25],[119.531,0.195],[122.461,3.711],[133.008,-2.93],[139.844,3.711],[144.922,4.102],[148.242,-2.734],[144.141,-5.078],[143.457,-0.879],[141.895,0.293],[139.063,-1.563],[135.742,-5.469],[141.016,-12.207],[145.117,-17.969],[141.016,-20.508],[133.984,-8.984],[131.445,-22.461],[140.234,-22.461],[146.875,-22.266],[146.875,-25.781],[140.039,-25.586],[131.25,-25.586],[131.25,-33.203],[131.641,-39.844],[127.344,-40.234],[127.539,-25.586],[117.383,-25.586],[117.383,-33.008],[124.805,-34.766]],"c":true},"ix":2},"nm":"我","mn":"ADBE Vector Shape - Group","hd":false},{"ind":1,"ty":"sh","ix":2,"ks":{"a":0,"k":{"i":[[3.384,3.125],[1.041,-0.909],[-2.084,-2.863],[-1.044,0.781]],"o":[[-0.653,0.912],[2.344,1.825],[1.041,-1.041],[-1.434,-1.563]],"v":[[136.719,-37.891],[134.18,-35.156],[140.82,-28.125],[143.945,-30.859]],"c":true},"ix":2},"nm":"我","mn":"ADBE Vector Shape - Group","hd":false},{"ty":"mm","mm":1,"nm":"合并路径 1","mn":"ADBE Vector Filter - Merge","hd":false},{"ty":"st","c":{"a":0,"k":[1,1,1,1],"ix":3},"o":{"a":0,"k":100,"ix":4},"w":{"a":0,"k":1,"ix":5},"lc":1,"lj":1,"ml":4,"bm":0,"nm":"描边 1","mn":"ADBE Vector Graphic - Stroke","hd":false},{"ty":"fl","c":{"a":0,"k":[1,1,1,1],"ix":4},"o":{"a":0,"k":100,"ix":5},"r":1,"bm":0,"nm":"填充 1","mn":"ADBE Vector Graphic - Fill","hd":false},{"ty":"tr","p":{"a":0,"k":[0,0],"ix":2},"a":{"a":0,"k":[0,0],"ix":1},"s":{"a":0,"k":[100,100],"ix":3},"r":{"a":0,"k":0,"ix":6},"o":{"a":0,"k":100,"ix":7},"sk":{"a":0,"k":0,"ix":4},"sa":{"a":0,"k":0,"ix":5},"nm":"变换"}],"nm":"我","np":5,"cix":2,"bm":0,"ix":3,"mn":"ADBE Vector Group","hd":false}],"ip":0,"op":80,"st":0,"bm":0},{"ddd":0,"ind":9,"ty":2,"nm":"QQ图片20201124211435_0001_图层-2.png","cl":"png","refId":"image_11","sr":1,"ks":{"o":{"a":0,"k":100,"ix":11},"r":{"a":0,"k":0,"ix":10},"p":{"a":0,"k":[825,1425,0],"ix":2},"a":{"a":0,"k":[33,30.5,0],"ix":1},"s":{"a":0,"k":[100,100,100],"ix":6}},"ao":0,"ip":0,"op":80,"st":0,"bm":0},{"ddd":0,"ind":10,"ty":2,"nm":"QQ图片20201124211435_0000_图层-1.png","cl":"png","refId":"image_12","sr":1,"ks":{"o":{"a":0,"k":100,"ix":11},"r":{"a":0,"k":0,"ix":10},"p":{"a":0,"k":[259,1425,0],"ix":2},"a":{"a":0,"k":[28,30,0],"ix":1},"s":{"a":0,"k":[100,100,100],"ix":6}},"ao":0,"ip":0,"op":80,"st":0,"bm":0},{"ddd":0,"ind":11,"ty":4,"nm":"“13145210520”轮廓","sr":1,"ks":{"o":{"a":0,"k":100,"ix":11},"r":{"a":0,"k":0,"ix":10},"p":{"a":0,"k":[231,387,0],"ix":2},"a":{"a":0,"k":[0,0,0],"ix":1},"s":{"a":0,"k":[100,100,100],"ix":6}},"ao":0,"shapes":[{"ty":"gr","it":[{"ind":0,"ty":"sh","ix":1,"ks":{"a":0,"k":{"i":[[0,0],[0,0],[0,0],[0,0],[7.808,-5.31],[0,0],[-4.065,4.065]],"o":[[0,0],[0,0],[0,0],[-5.002,7.192],[0,0],[6.248,-3.75],[0,0]],"v":[[26.25,-2.813],[35.625,-2.813],[35.625,-83.438],[30,-83.438],[10.781,-64.688],[10.781,-55.781],[26.25,-67.5]],"c":true},"ix":2},"nm":"1","mn":"ADBE Vector Shape - Group","hd":false},{"ty":"st","c":{"a":0,"k":[1,1,1,1],"ix":3},"o":{"a":0,"k":100,"ix":4},"w":{"a":0,"k":1,"ix":5},"lc":1,"lj":1,"ml":4,"bm":0,"nm":"描边 1","mn":"ADBE Vector Graphic - Stroke","hd":false},{"ty":"fl","c":{"a":0,"k":[1,1,1,1],"ix":4},"o":{"a":0,"k":100,"ix":5},"r":1,"bm":0,"nm":"填充 1","mn":"ADBE Vector Graphic - Fill","hd":false},{"ty":"tr","p":{"a":0,"k":[0,0],"ix":2},"a":{"a":0,"k":[0,0],"ix":1},"s":{"a":0,"k":[100,100],"ix":3},"r":{"a":0,"k":0,"ix":6},"o":{"a":0,"k":100,"ix":7},"sk":{"a":0,"k":0,"ix":4},"sa":{"a":0,"k":0,"ix":5},"nm":"变换"}],"nm":"1","np":3,"cix":2,"bm":0,"ix":1,"mn":"ADBE Vector Group","hd":false},{"ty":"gr","it":[{"ind":0,"ty":"sh","ix":1,"ks":{"a":0,"k":{"i":[[-4.38,-3.589],[-5.94,-0.154],[-4.688,3.75],[-0.784,6.094],[2.344,3.75],[4.373,1.875],[-1.252,5.002],[1.714,4.219],[4.219,2.036],[5.625,-0.623],[3.281,-3.75],[1.875,-5.625],[0,0],[-4.219,1.567],[-3.75,-2.029],[-0.315,-4.526],[2.966,-2.813],[6.563,-0.623],[0,0],[-2.974,-2.344],[-0.315,-4.219],[2.498,-3.281],[4.219,-0.154],[2.813,2.659],[1.245,4.065],[0,0]],"o":[[4.373,3.596],[5.933,0.161],[4.688,-3.75],[0.776,-6.094],[-2.344,-3.75],[5.933,-3.75],[1.245,-4.995],[-1.721,-4.219],[-4.219,-2.029],[-5.625,0.63],[-3.281,3.75],[0,0],[2.498,-7.185],[4.219,-1.56],[3.75,2.036],[0.308,4.534],[-2.974,2.813],[0,0],[6.563,0.938],[2.966,2.344],[0.308,4.219],[-2.505,3.281],[-4.219,0.161],[-2.813,-2.651],[0,0],[1.245,6.877]],"v":[[73.125,-7.266],[88.594,-1.641],[104.531,-7.031],[112.734,-21.797],[110.391,-36.563],[100.313,-45],[111.094,-58.125],[110.391,-71.953],[101.484,-81.328],[86.719,-83.438],[73.359,-76.875],[65.625,-62.813],[74.063,-61.406],[84.141,-74.531],[96.094,-73.828],[102.188,-63.984],[98.203,-52.969],[83.906,-47.813],[83.906,-41.719],[98.203,-36.797],[103.125,-26.953],[99.844,-15.703],[89.766,-10.547],[79.219,-14.297],[73.125,-24.375],[64.688,-22.969]],"c":true},"ix":2},"nm":"3","mn":"ADBE Vector Shape - Group","hd":false},{"ty":"st","c":{"a":0,"k":[1,1,1,1],"ix":3},"o":{"a":0,"k":100,"ix":4},"w":{"a":0,"k":1,"ix":5},"lc":1,"lj":1,"ml":4,"bm":0,"nm":"描边 1","mn":"ADBE Vector Graphic - Stroke","hd":false},{"ty":"fl","c":{"a":0,"k":[1,1,1,1],"ix":4},"o":{"a":0,"k":100,"ix":5},"r":1,"bm":0,"nm":"填充 1","mn":"ADBE Vector Graphic - Fill","hd":false},{"ty":"tr","p":{"a":0,"k":[0,0],"ix":2},"a":{"a":0,"k":[0,0],"ix":1},"s":{"a":0,"k":[100,100],"ix":3},"r":{"a":0,"k":0,"ix":6},"o":{"a":0,"k":100,"ix":7},"sk":{"a":0,"k":0,"ix":4},"sa":{"a":0,"k":0,"ix":5},"nm":"变换"}],"nm":"3","np":3,"cix":2,"bm":0,"ix":2,"mn":"ADBE Vector Group","hd":false},{"ty":"gr","it":[{"ind":0,"ty":"sh","ix":1,"ks":{"a":0,"k":{"i":[[0,0],[0,0],[0,0],[0,0],[7.808,-5.31],[0,0],[-4.065,4.065]],"o":[[0,0],[0,0],[0,0],[-5.002,7.192],[0,0],[6.248,-3.75],[0,0]],"v":[[146.25,-2.813],[155.625,-2.813],[155.625,-83.438],[150,-83.438],[130.781,-64.688],[130.781,-55.781],[146.25,-67.5]],"c":true},"ix":2},"nm":"1","mn":"ADBE Vector Shape - Group","hd":false},{"ty":"st","c":{"a":0,"k":[1,1,1,1],"ix":3},"o":{"a":0,"k":100,"ix":4},"w":{"a":0,"k":1,"ix":5},"lc":1,"lj":1,"ml":4,"bm":0,"nm":"描边 1","mn":"ADBE Vector Graphic - Stroke","hd":false},{"ty":"fl","c":{"a":0,"k":[1,1,1,1],"ix":4},"o":{"a":0,"k":100,"ix":5},"r":1,"bm":0,"nm":"填充 1","mn":"ADBE Vector Graphic - Fill","hd":false},{"ty":"tr","p":{"a":0,"k":[0,0],"ix":2},"a":{"a":0,"k":[0,0],"ix":1},"s":{"a":0,"k":[100,100],"ix":3},"r":{"a":0,"k":0,"ix":6},"o":{"a":0,"k":100,"ix":7},"sk":{"a":0,"k":0,"ix":4},"sa":{"a":0,"k":0,"ix":5},"nm":"变换"}],"nm":"1","np":3,"cix":2,"bm":0,"ix":3,"mn":"ADBE Vector Group","hd":false},{"ty":"gr","it":[{"ind":0,"ty":"sh","ix":1,"ks":{"a":0,"k":{"i":[[0,0],[0,0],[0,0],[0,0],[0,0],[0,0],[0,0],[0,0],[0,0],[0,0],[0,0]],"o":[[0,0],[0,0],[0,0],[0,0],[0,0],[0,0],[0,0],[0,0],[0,0],[0,0],[0,0]],"v":[[217.5,-2.813],[226.406,-2.813],[226.406,-20.625],[237.656,-20.625],[237.656,-28.594],[226.406,-28.594],[226.406,-83.438],[219.375,-83.438],[181.406,-28.594],[181.406,-20.625],[217.5,-20.625]],"c":true},"ix":2},"nm":"4","mn":"ADBE Vector Shape - Group","hd":false},{"ind":1,"ty":"sh","ix":2,"ks":{"a":0,"k":{"i":[[0,0],[0,0],[0,0]],"o":[[0,0],[0,0],[0,0]],"v":[[191.25,-28.594],[217.5,-65.625],[217.5,-28.594]],"c":true},"ix":2},"nm":"4","mn":"ADBE Vector Shape - Group","hd":false},{"ty":"mm","mm":1,"nm":"合并路径 1","mn":"ADBE Vector Filter - Merge","hd":false},{"ty":"st","c":{"a":0,"k":[1,1,1,1],"ix":3},"o":{"a":0,"k":100,"ix":4},"w":{"a":0,"k":1,"ix":5},"lc":1,"lj":1,"ml":4,"bm":0,"nm":"描边 1","mn":"ADBE Vector Graphic - Stroke","hd":false},{"ty":"fl","c":{"a":0,"k":[1,1,1,1],"ix":4},"o":{"a":0,"k":100,"ix":5},"r":1,"bm":0,"nm":"填充 1","mn":"ADBE Vector Graphic - Fill","hd":false},{"ty":"tr","p":{"a":0,"k":[0,0],"ix":2},"a":{"a":0,"k":[0,0],"ix":1},"s":{"a":0,"k":[100,100],"ix":3},"r":{"a":0,"k":0,"ix":6},"o":{"a":0,"k":100,"ix":7},"sk":{"a":0,"k":0,"ix":4},"sa":{"a":0,"k":0,"ix":5},"nm":"变换"}],"nm":"4","np":5,"cix":2,"bm":0,"ix":4,"mn":"ADBE Vector Group","hd":false},{"ty":"gr","it":[{"ind":0,"ty":"sh","ix":1,"ks":{"a":0,"k":{"i":[[0,0],[-4.219,-3.12],[-4.688,-0.308],[-3.596,1.406],[-2.505,2.344],[-1.252,3.596],[-0.161,3.442],[0.776,2.974],[1.714,2.974],[3.75,1.721],[4.058,0.161],[4.688,-2.183],[-1.567,8.438],[0,0],[0,0],[0,0],[0.623,-1.875],[0,0],[-3.911,0.938],[-3.127,-0.938],[-2.036,-2.813],[-0.161,-4.058],[1.406,-3.281],[3.281,-2.029],[5.31,0.938],[2.183,8.438]],"o":[[1.56,7.5],[4.219,3.127],[4.688,0.315],[3.589,-1.406],[2.498,-2.344],[1.245,-3.589],[0.154,-3.435],[-0.784,-2.966],[-1.721,-2.966],[-3.75,-1.714],[-4.065,-0.154],[1.56,-4.995],[0,0],[0,0],[0,0],[-5.317,25.005],[0,0],[2.498,-3.435],[3.904,-0.938],[3.12,0.938],[2.029,2.813],[0.154,4.065],[-1.406,3.281],[-3.281,2.036],[-5.317,-0.938],[0,0]],"v":[[241.875,-22.5],[250.547,-6.563],[263.906,-1.406],[276.328,-3.047],[285.469,-8.672],[291.094,-17.578],[293.203,-28.125],[292.266,-37.734],[288.516,-46.641],[280.313,-53.672],[268.594,-56.484],[255.469,-53.438],[260.156,-73.594],[290.156,-73.594],[290.156,-82.031],[253.125,-82.031],[244.219,-41.719],[252.188,-40.781],[261.797,-47.344],[272.344,-47.344],[280.078,-41.719],[283.359,-31.406],[281.484,-20.391],[274.453,-12.422],[261.563,-10.781],[250.313,-24.844]],"c":true},"ix":2},"nm":"5","mn":"ADBE Vector Shape - Group","hd":false},{"ty":"st","c":{"a":0,"k":[1,1,1,1],"ix":3},"o":{"a":0,"k":100,"ix":4},"w":{"a":0,"k":1,"ix":5},"lc":1,"lj":1,"ml":4,"bm":0,"nm":"描边 1","mn":"ADBE Vector Graphic - Stroke","hd":false},{"ty":"fl","c":{"a":0,"k":[1,1,1,1],"ix":4},"o":{"a":0,"k":100,"ix":5},"r":1,"bm":0,"nm":"填充 1","mn":"ADBE Vector Graphic - Fill","hd":false},{"ty":"tr","p":{"a":0,"k":[0,0],"ix":2},"a":{"a":0,"k":[0,0],"ix":1},"s":{"a":0,"k":[100,100],"ix":3},"r":{"a":0,"k":0,"ix":6},"o":{"a":0,"k":100,"ix":7},"sk":{"a":0,"k":0,"ix":4},"sa":{"a":0,"k":0,"ix":5},"nm":"变换"}],"nm":"5","np":3,"cix":2,"bm":0,"ix":5,"mn":"ADBE Vector Group","hd":false},{"ty":"gr","it":[{"ind":0,"ty":"sh","ix":1,"ks":{"a":0,"k":{"i":[[0,0],[0,0],[0,0],[0,0],[-4.38,6.724],[-0.469,4.849],[1.714,3.442],[2.651,1.721],[2.498,0.469],[3.12,-0.308],[3.904,-3.281],[2.498,-7.185],[0,0],[-2.974,2.19],[-3.281,0.315],[-2.505,-2.029],[-0.469,-3.12],[1.875,-4.373],[6.248,-7.969],[4.058,-3.75],[0.308,-4.688]],"o":[[0,0],[0,0],[0,0],[12.495,-14.37],[4.373,-6.716],[0.469,-4.841],[-1.721,-3.435],[-2.659,-1.714],[-2.505,-0.469],[-5.317,0.315],[-3.911,3.281],[0,0],[1.56,-4.373],[2.966,-2.183],[3.281,-0.308],[2.498,2.036],[0.469,3.127],[-1.875,4.38],[-6.255,7.969],[-4.065,3.75],[0,0]],"v":[[305.625,-2.813],[352.969,-2.813],[352.969,-11.25],[319.219,-11.25],[344.531,-42.891],[351.797,-60.234],[349.922,-72.656],[343.359,-80.391],[335.625,-83.672],[327.188,-83.906],[313.359,-78.516],[303.75,-62.813],[312.656,-61.406],[319.453,-71.25],[328.828,-75],[337.5,-72.422],[341.953,-64.688],[339.844,-53.438],[327.656,-34.922],[312.188,-17.344],[305.625,-4.688]],"c":true},"ix":2},"nm":"2","mn":"ADBE Vector Shape - Group","hd":false},{"ty":"st","c":{"a":0,"k":[1,1,1,1],"ix":3},"o":{"a":0,"k":100,"ix":4},"w":{"a":0,"k":1,"ix":5},"lc":1,"lj":1,"ml":4,"bm":0,"nm":"描边 1","mn":"ADBE Vector Graphic - Stroke","hd":false},{"ty":"fl","c":{"a":0,"k":[1,1,1,1],"ix":4},"o":{"a":0,"k":100,"ix":5},"r":1,"bm":0,"nm":"填充 1","mn":"ADBE Vector Graphic - Fill","hd":false},{"ty":"tr","p":{"a":0,"k":[0,0],"ix":2},"a":{"a":0,"k":[0,0],"ix":1},"s":{"a":0,"k":[100,100],"ix":3},"r":{"a":0,"k":0,"ix":6},"o":{"a":0,"k":100,"ix":7},"sk":{"a":0,"k":0,"ix":4},"sa":{"a":0,"k":0,"ix":5},"nm":"变换"}],"nm":"2","np":3,"cix":2,"bm":0,"ix":6,"mn":"ADBE Vector Group","hd":false},{"ty":"gr","it":[{"ind":0,"ty":"sh","ix":1,"ks":{"a":0,"k":{"i":[[0,0],[0,0],[0,0],[0,0],[7.808,-5.31],[0,0],[-4.065,4.065]],"o":[[0,0],[0,0],[0,0],[-5.002,7.192],[0,0],[6.248,-3.75],[0,0]],"v":[[386.25,-2.813],[395.625,-2.813],[395.625,-83.438],[390,-83.438],[370.781,-64.688],[370.781,-55.781],[386.25,-67.5]],"c":true},"ix":2},"nm":"1","mn":"ADBE Vector Shape - Group","hd":false},{"ty":"st","c":{"a":0,"k":[1,1,1,1],"ix":3},"o":{"a":0,"k":100,"ix":4},"w":{"a":0,"k":1,"ix":5},"lc":1,"lj":1,"ml":4,"bm":0,"nm":"描边 1","mn":"ADBE Vector Graphic - Stroke","hd":false},{"ty":"fl","c":{"a":0,"k":[1,1,1,1],"ix":4},"o":{"a":0,"k":100,"ix":5},"r":1,"bm":0,"nm":"填充 1","mn":"ADBE Vector Graphic - Fill","hd":false},{"ty":"tr","p":{"a":0,"k":[0,0],"ix":2},"a":{"a":0,"k":[0,0],"ix":1},"s":{"a":0,"k":[100,100],"ix":3},"r":{"a":0,"k":0,"ix":6},"o":{"a":0,"k":100,"ix":7},"sk":{"a":0,"k":0,"ix":4},"sa":{"a":0,"k":0,"ix":5},"nm":"变换"}],"nm":"1","np":3,"cix":2,"bm":0,"ix":7,"mn":"ADBE Vector Group","hd":false},{"ty":"gr","it":[{"ind":0,"ty":"sh","ix":1,"ks":{"a":0,"k":{"i":[[-0.938,-4.841],[-2.19,-4.373],[-5.317,-2.651],[-5.317,2.19],[-2.659,5.625],[-0.469,8.906],[1.245,6.877],[4.058,4.534],[5.464,0],[3.75,-3.12],[2.029,-4.841],[0.308,-8.276]],"o":[[0.938,4.849],[2.183,4.38],[5.31,2.659],[5.31,-2.183],[2.651,-5.625],[0.469,-8.906],[-1.252,-6.87],[-4.065,-4.526],[-5.471,0],[-3.75,3.127],[-2.036,4.849],[-0.315,8.284]],"v":[[425.156,-27.891],[429.844,-14.063],[441.094,-3.516],[457.031,-2.813],[468.984,-14.531],[473.672,-36.328],[472.5,-60],[464.531,-77.109],[450.234,-83.906],[436.406,-79.219],[427.734,-67.266],[424.219,-47.578]],"c":true},"ix":2},"nm":"0","mn":"ADBE Vector Shape - Group","hd":false},{"ind":1,"ty":"sh","ix":2,"ks":{"a":0,"k":{"i":[[-2.974,4.065],[-3.911,-0.154],[-2.344,-4.058],[-0.469,-4.995],[0,-6.094],[1.714,-5.156],[3.75,-1.714],[3.589,2.813],[1.56,6.724],[-0.938,8.599]],"o":[[2.966,-4.058],[3.904,0.161],[2.344,4.065],[0.469,5.002],[0,6.094],[-1.721,5.156],[-3.75,1.721],[-3.596,-2.813],[-1.567,-6.716],[0.938,-8.591]],"v":[[439.922,-69.375],[450.234,-75.234],[459.609,-68.906],[463.828,-55.313],[464.531,-38.672],[461.953,-21.797],[453.75,-11.484],[442.734,-13.125],[435,-27.422],[434.063,-50.391]],"c":true},"ix":2},"nm":"0","mn":"ADBE Vector Shape - Group","hd":false},{"ty":"mm","mm":1,"nm":"合并路径 1","mn":"ADBE Vector Filter - Merge","hd":false},{"ty":"st","c":{"a":0,"k":[1,1,1,1],"ix":3},"o":{"a":0,"k":100,"ix":4},"w":{"a":0,"k":1,"ix":5},"lc":1,"lj":1,"ml":4,"bm":0,"nm":"描边 1","mn":"ADBE Vector Graphic - Stroke","hd":false},{"ty":"fl","c":{"a":0,"k":[1,1,1,1],"ix":4},"o":{"a":0,"k":100,"ix":5},"r":1,"bm":0,"nm":"填充 1","mn":"ADBE Vector Graphic - Fill","hd":false},{"ty":"tr","p":{"a":0,"k":[0,0],"ix":2},"a":{"a":0,"k":[0,0],"ix":1},"s":{"a":0,"k":[100,100],"ix":3},"r":{"a":0,"k":0,"ix":6},"o":{"a":0,"k":100,"ix":7},"sk":{"a":0,"k":0,"ix":4},"sa":{"a":0,"k":0,"ix":5},"nm":"变换"}],"nm":"0","np":5,"cix":2,"bm":0,"ix":8,"mn":"ADBE Vector Group","hd":false},{"ty":"gr","it":[{"ind":0,"ty":"sh","ix":1,"ks":{"a":0,"k":{"i":[[0,0],[-4.219,-3.12],[-4.688,-0.308],[-3.596,1.406],[-2.505,2.344],[-1.252,3.596],[-0.161,3.442],[0.776,2.974],[1.714,2.974],[3.75,1.721],[4.058,0.161],[4.688,-2.183],[-1.567,8.438],[0,0],[0,0],[0,0],[0.623,-1.875],[0,0],[-3.911,0.938],[-3.127,-0.938],[-2.036,-2.813],[-0.161,-4.058],[1.406,-3.281],[3.281,-2.029],[5.31,0.938],[2.183,8.438]],"o":[[1.56,7.5],[4.219,3.127],[4.688,0.315],[3.589,-1.406],[2.498,-2.344],[1.245,-3.589],[0.154,-3.435],[-0.784,-2.966],[-1.721,-2.966],[-3.75,-1.714],[-4.065,-0.154],[1.56,-4.995],[0,0],[0,0],[0,0],[-5.317,25.005],[0,0],[2.498,-3.435],[3.904,-0.938],[3.12,0.938],[2.029,2.813],[0.154,4.065],[-1.406,3.281],[-3.281,2.036],[-5.317,-0.938],[0,0]],"v":[[481.875,-22.5],[490.547,-6.563],[503.906,-1.406],[516.328,-3.047],[525.469,-8.672],[531.094,-17.578],[533.203,-28.125],[532.266,-37.734],[528.516,-46.641],[520.313,-53.672],[508.594,-56.484],[495.469,-53.438],[500.156,-73.594],[530.156,-73.594],[530.156,-82.031],[493.125,-82.031],[484.219,-41.719],[492.188,-40.781],[501.797,-47.344],[512.344,-47.344],[520.078,-41.719],[523.359,-31.406],[521.484,-20.391],[514.453,-12.422],[501.563,-10.781],[490.313,-24.844]],"c":true},"ix":2},"nm":"5","mn":"ADBE Vector Shape - Group","hd":false},{"ty":"st","c":{"a":0,"k":[1,1,1,1],"ix":3},"o":{"a":0,"k":100,"ix":4},"w":{"a":0,"k":1,"ix":5},"lc":1,"lj":1,"ml":4,"bm":0,"nm":"描边 1","mn":"ADBE Vector Graphic - Stroke","hd":false},{"ty":"fl","c":{"a":0,"k":[1,1,1,1],"ix":4},"o":{"a":0,"k":100,"ix":5},"r":1,"bm":0,"nm":"填充 1","mn":"ADBE Vector Graphic - Fill","hd":false},{"ty":"tr","p":{"a":0,"k":[0,0],"ix":2},"a":{"a":0,"k":[0,0],"ix":1},"s":{"a":0,"k":[100,100],"ix":3},"r":{"a":0,"k":0,"ix":6},"o":{"a":0,"k":100,"ix":7},"sk":{"a":0,"k":0,"ix":4},"sa":{"a":0,"k":0,"ix":5},"nm":"变换"}],"nm":"5","np":3,"cix":2,"bm":0,"ix":9,"mn":"ADBE Vector Group","hd":false},{"ty":"gr","it":[{"ind":0,"ty":"sh","ix":1,"ks":{"a":0,"k":{"i":[[0,0],[0,0],[0,0],[0,0],[-4.38,6.724],[-0.469,4.849],[1.714,3.442],[2.651,1.721],[2.498,0.469],[3.12,-0.308],[3.904,-3.281],[2.498,-7.185],[0,0],[-2.974,2.19],[-3.281,0.315],[-2.505,-2.029],[-0.469,-3.12],[1.875,-4.373],[6.248,-7.969],[4.058,-3.75],[0.308,-4.688]],"o":[[0,0],[0,0],[0,0],[12.495,-14.37],[4.373,-6.716],[0.469,-4.841],[-1.721,-3.435],[-2.659,-1.714],[-2.505,-0.469],[-5.317,0.315],[-3.911,3.281],[0,0],[1.56,-4.373],[2.966,-2.183],[3.281,-0.308],[2.498,2.036],[0.469,3.127],[-1.875,4.38],[-6.255,7.969],[-4.065,3.75],[0,0]],"v":[[545.625,-2.813],[592.969,-2.813],[592.969,-11.25],[559.219,-11.25],[584.531,-42.891],[591.797,-60.234],[589.922,-72.656],[583.359,-80.391],[575.625,-83.672],[567.188,-83.906],[553.359,-78.516],[543.75,-62.813],[552.656,-61.406],[559.453,-71.25],[568.828,-75],[577.5,-72.422],[581.953,-64.688],[579.844,-53.438],[567.656,-34.922],[552.188,-17.344],[545.625,-4.688]],"c":true},"ix":2},"nm":"2","mn":"ADBE Vector Shape - Group","hd":false},{"ty":"st","c":{"a":0,"k":[1,1,1,1],"ix":3},"o":{"a":0,"k":100,"ix":4},"w":{"a":0,"k":1,"ix":5},"lc":1,"lj":1,"ml":4,"bm":0,"nm":"描边 1","mn":"ADBE Vector Graphic - Stroke","hd":false},{"ty":"fl","c":{"a":0,"k":[1,1,1,1],"ix":4},"o":{"a":0,"k":100,"ix":5},"r":1,"bm":0,"nm":"填充 1","mn":"ADBE Vector Graphic - Fill","hd":false},{"ty":"tr","p":{"a":0,"k":[0,0],"ix":2},"a":{"a":0,"k":[0,0],"ix":1},"s":{"a":0,"k":[100,100],"ix":3},"r":{"a":0,"k":0,"ix":6},"o":{"a":0,"k":100,"ix":7},"sk":{"a":0,"k":0,"ix":4},"sa":{"a":0,"k":0,"ix":5},"nm":"变换"}],"nm":"2","np":3,"cix":2,"bm":0,"ix":10,"mn":"ADBE Vector Group","hd":false},{"ty":"gr","it":[{"ind":0,"ty":"sh","ix":1,"ks":{"a":0,"k":{"i":[[-0.938,-4.841],[-2.19,-4.373],[-5.317,-2.651],[-5.317,2.19],[-2.659,5.625],[-0.469,8.906],[1.245,6.877],[4.058,4.534],[5.464,0],[3.75,-3.12],[2.029,-4.841],[0.308,-8.276]],"o":[[0.938,4.849],[2.183,4.38],[5.31,2.659],[5.31,-2.183],[2.651,-5.625],[0.469,-8.906],[-1.252,-6.87],[-4.065,-4.526],[-5.471,0],[-3.75,3.127],[-2.036,4.849],[-0.315,8.284]],"v":[[605.156,-27.891],[609.844,-14.063],[621.094,-3.516],[637.031,-2.813],[648.984,-14.531],[653.672,-36.328],[652.5,-60],[644.531,-77.109],[630.234,-83.906],[616.406,-79.219],[607.734,-67.266],[604.219,-47.578]],"c":true},"ix":2},"nm":"0","mn":"ADBE Vector Shape - Group","hd":false},{"ind":1,"ty":"sh","ix":2,"ks":{"a":0,"k":{"i":[[-2.974,4.065],[-3.911,-0.154],[-2.344,-4.058],[-0.469,-4.995],[0,-6.094],[1.714,-5.156],[3.75,-1.714],[3.589,2.813],[1.56,6.724],[-0.938,8.599]],"o":[[2.966,-4.058],[3.904,0.161],[2.344,4.065],[0.469,5.002],[0,6.094],[-1.721,5.156],[-3.75,1.721],[-3.596,-2.813],[-1.567,-6.716],[0.938,-8.591]],"v":[[619.922,-69.375],[630.234,-75.234],[639.609,-68.906],[643.828,-55.313],[644.531,-38.672],[641.953,-21.797],[633.75,-11.484],[622.734,-13.125],[615,-27.422],[614.063,-50.391]],"c":true},"ix":2},"nm":"0","mn":"ADBE Vector Shape - Group","hd":false},{"ty":"mm","mm":1,"nm":"合并路径 1","mn":"ADBE Vector Filter - Merge","hd":false},{"ty":"st","c":{"a":0,"k":[1,1,1,1],"ix":3},"o":{"a":0,"k":100,"ix":4},"w":{"a":0,"k":1,"ix":5},"lc":1,"lj":1,"ml":4,"bm":0,"nm":"描边 1","mn":"ADBE Vector Graphic - Stroke","hd":false},{"ty":"fl","c":{"a":0,"k":[1,1,1,1],"ix":4},"o":{"a":0,"k":100,"ix":5},"r":1,"bm":0,"nm":"填充 1","mn":"ADBE Vector Graphic - Fill","hd":false},{"ty":"tr","p":{"a":0,"k":[0,0],"ix":2},"a":{"a":0,"k":[0,0],"ix":1},"s":{"a":0,"k":[100,100],"ix":3},"r":{"a":0,"k":0,"ix":6},"o":{"a":0,"k":100,"ix":7},"sk":{"a":0,"k":0,"ix":4},"sa":{"a":0,"k":0,"ix":5},"nm":"变换"}],"nm":"0","np":5,"cix":2,"bm":0,"ix":11,"mn":"ADBE Vector Group","hd":false}],"ip":0,"op":80,"st":0,"bm":0},{"ddd":0,"ind":13,"ty":4,"nm":"“宝贝 老公”轮廓","sr":1,"ks":{"o":{"a":0,"k":100,"ix":11},"r":{"a":0,"k":0,"ix":10},"p":{"a":0,"k":[392,494,0],"ix":2},"a":{"a":0,"k":[0,0,0],"ix":1},"s":{"a":0,"k":[100,100,100],"ix":6}},"ao":0,"shapes":[{"ty":"gr","it":[{"ind":0,"ty":"sh","ix":1,"ks":{"a":0,"k":{"i":[[0,0],[3.644,0.184],[0,0],[-4.196,0],[0,0],[0,0],[0,0],[3.461,0.184],[0,0],[-3.465,0],[0,0],[0,0],[0,0],[3.461,0.184],[0,0],[-3.465,0],[0,0],[-3.465,-0.184],[0,0],[3.828,0],[0,0],[0,0],[0,0],[-3.828,-0.179],[0,0],[3.281,0],[0,0],[0,0],[0,0],[-4.196,-0.179],[0,0],[4.008,0]],"o":[[-3.828,0],[0,0],[3.644,-0.179],[0,0],[0,0],[0,0],[-4.196,0],[0,0],[4.191,-0.179],[0,0],[0,0],[0,0],[-3.281,0],[0,0],[3.461,-0.184],[0,0],[4.738,0],[0,0],[-4.012,0.184],[0,0],[0,0],[0,0],[3.098,0],[0,0],[-3.828,0.184],[0,0],[0,0],[0,0],[4.008,0],[0,0],[-4.196,0.184],[0,0]],"v":[[25.156,-35],[13.945,-35.273],[13.945,-30.078],[25.703,-30.352],[32.266,-30.352],[32.266,-19.688],[22.695,-19.688],[11.211,-19.961],[11.211,-14.766],[22.695,-15.039],[32.266,-15.039],[32.266,-0.547],[15.039,-0.547],[4.922,-0.82],[4.922,4.375],[15.313,4.102],[52.773,4.102],[65.078,4.375],[65.078,-1.094],[53.32,-0.82],[37.734,-0.82],[37.734,-15.039],[48.945,-15.039],[59.336,-14.766],[59.336,-19.961],[48.672,-19.688],[37.734,-19.688],[37.734,-30.352],[44.844,-30.352],[57.148,-30.078],[57.148,-35.273],[44.844,-35]],"c":true},"ix":2},"nm":"宝","mn":"ADBE Vector Shape - Group","hd":false},{"ind":1,"ty":"sh","ix":2,"ks":{"a":0,"k":{"i":[[1.82,4.742],[2.188,-0.363],[-0.731,-2.914],[0,0],[0,-1.82],[0.363,-2.551],[0,0],[0,0],[0,0],[0,0],[0,0],[0,2.008],[-0.184,2.188],[0,0]],"o":[[-1.641,1.094],[0.91,2.008],[0,0],[0.179,3.281],[0,1.824],[0,0],[0,0],[0,0],[0,0],[0,0],[-0.184,-2.188],[0,-2.188],[0,0],[-0.184,-1.641]],"v":[[36.094,-57.969],[30.352,-55.781],[32.813,-48.398],[4.375,-48.398],[4.648,-40.742],[4.102,-34.18],[10.391,-34.18],[10.391,-43.477],[60.156,-43.477],[60.156,-35.547],[65.898,-35.547],[65.625,-41.836],[65.898,-48.398],[39.102,-48.398]],"c":true},"ix":2},"nm":"宝","mn":"ADBE Vector Shape - Group","hd":false},{"ind":2,"ty":"sh","ix":3,"ks":{"a":0,"k":{"i":[[3.098,3.649],[1.641,-1.273],[-1.277,-2.367],[-1.461,0.731]],"o":[[-1.277,1.277],[2.914,3.281],[1.82,-1.82],[-1.461,-2.004]],"v":[[50.039,-13.398],[45.664,-9.57],[51.953,-1.094],[56.875,-4.922]],"c":true},"ix":2},"nm":"宝","mn":"ADBE Vector Shape - Group","hd":false},{"ty":"mm","mm":1,"nm":"合并路径 1","mn":"ADBE Vector Filter - Merge","hd":false},{"ty":"st","c":{"a":0,"k":[1,1,1,1],"ix":3},"o":{"a":0,"k":100,"ix":4},"w":{"a":0,"k":1,"ix":5},"lc":1,"lj":1,"ml":4,"bm":0,"nm":"描边 1","mn":"ADBE Vector Graphic - Stroke","hd":false},{"ty":"fl","c":{"a":0,"k":[1,1,1,1],"ix":4},"o":{"a":0,"k":100,"ix":5},"r":1,"bm":0,"nm":"填充 1","mn":"ADBE Vector Graphic - Fill","hd":false},{"ty":"tr","p":{"a":0,"k":[0,0],"ix":2},"a":{"a":0,"k":[0,0],"ix":1},"s":{"a":0,"k":[100,100],"ix":3},"r":{"a":0,"k":0,"ix":6},"o":{"a":0,"k":100,"ix":7},"sk":{"a":0,"k":0,"ix":4},"sa":{"a":0,"k":0,"ix":5},"nm":"变换"}],"nm":"宝","np":6,"cix":2,"bm":0,"ix":1,"mn":"ADBE Vector Group","hd":false},{"ty":"gr","it":[{"ind":0,"ty":"sh","ix":1,"ks":{"a":0,"k":{"i":[[-0.184,4.559],[0,0],[0,-8.929],[0.179,-3.828],[0,0],[0,0],[0,0],[0,0],[0,0],[0,8.934]],"o":[[0,0],[0.179,5.106],[0,8.934],[0,0],[0,0],[0,0],[0,0],[0,0],[-0.184,-4.008],[0,-8.929]],"v":[[128.516,-53.594],[82.305,-53.594],[82.578,-32.539],[82.305,-13.398],[88.047,-13.398],[88.047,-48.945],[122.773,-48.945],[122.773,-13.945],[128.516,-13.945],[128.242,-33.359]],"c":true},"ix":2},"nm":"贝","mn":"ADBE Vector Shape - Group","hd":false},{"ind":1,"ty":"sh","ix":2,"ks":{"a":0,"k":{"i":[[-0.547,3.649],[2.004,0.547],[0.453,-4.554],[1.641,-3.828],[3.918,-2.551],[5.832,-1.461],[-1.094,-2.008],[-3.738,3.555],[-1.461,5.106],[-0.367,4.559]],"o":[[-2.734,0],[0.363,5.289],[-0.457,4.559],[-1.824,3.465],[-3.922,2.555],[1.641,1.641],[8.566,-3.649],[3.734,-3.555],[0.91,-2.734],[0.363,-4.554]],"v":[[109.102,-39.922],[101.992,-40.742],[101.855,-25.977],[98.711,-13.398],[90.098,-4.375],[75.469,1.641],[79.57,7.109],[98.027,-3.691],[105.82,-16.68],[107.734,-27.617]],"c":true},"ix":2},"nm":"贝","mn":"ADBE Vector Shape - Group","hd":false},{"ind":2,"ty":"sh","ix":3,"ks":{"a":0,"k":{"i":[[4.554,3.281],[1.094,-1.457],[-3.555,-2.734],[-4.196,-3.828],[-1.461,1.457]],"o":[[-0.914,1.641],[2.914,2.188],[3.555,2.734],[1.457,-2.008],[-10.574,-7.836]],"v":[[112.656,-15.859],[109.648,-11.211],[119.355,-3.828],[130.977,6.016],[135.352,0.82]],"c":true},"ix":2},"nm":"贝","mn":"ADBE Vector Shape - Group","hd":false},{"ty":"mm","mm":1,"nm":"合并路径 1","mn":"ADBE Vector Filter - Merge","hd":false},{"ty":"st","c":{"a":0,"k":[1,1,1,1],"ix":3},"o":{"a":0,"k":100,"ix":4},"w":{"a":0,"k":1,"ix":5},"lc":1,"lj":1,"ml":4,"bm":0,"nm":"描边 1","mn":"ADBE Vector Graphic - Stroke","hd":false},{"ty":"fl","c":{"a":0,"k":[1,1,1,1],"ix":4},"o":{"a":0,"k":100,"ix":5},"r":1,"bm":0,"nm":"填充 1","mn":"ADBE Vector Graphic - Fill","hd":false},{"ty":"tr","p":{"a":0,"k":[0,0],"ix":2},"a":{"a":0,"k":[0,0],"ix":1},"s":{"a":0,"k":[100,100],"ix":3},"r":{"a":0,"k":0,"ix":6},"o":{"a":0,"k":100,"ix":7},"sk":{"a":0,"k":0,"ix":4},"sa":{"a":0,"k":0,"ix":5},"nm":"变换"}],"nm":"贝","np":6,"cix":2,"bm":0,"ix":2,"mn":"ADBE Vector Group","hd":false},{"ty":"gr","it":[{"ind":0,"ty":"sh","ix":1,"ks":{"a":0,"k":{"i":[[0,0],[0,0],[4.191,-1.914],[2.367,-0.726],[-0.731,-1.641],[-2.188,1.188],[-1.824,1.277],[0,0],[-4.375,0],[-6.199,0.547],[-1.551,1],[-1.824,3.828],[1.457,1.094],[1,-0.726],[3.828,0],[3.461,0.363],[-0.184,2.734],[0,0],[-5.195,2.098],[-2.008,1.094],[0.91,2.188],[9.297,-2.734],[0,0],[-2.734,2.098],[-2.188,1.641],[0,0],[-3.102,-0.179],[0,0],[2.551,0],[0,0],[-2.098,2.734],[-1.641,1.641],[1.457,1.277],[2.367,-3.098],[3.644,-4.008],[0,0],[0,0],[-6.016,-0.179],[0,0],[3.644,0],[-0.184,2.008],[0,0],[0,-4.191],[0,0],[3.281,0.184],[0,0],[-3.102,0],[0,0],[0,0],[0,0],[4.008,0.184],[0,0],[-2.555,0],[0,0],[2.367,-1.457]],"o":[[0,0],[-2.555,1.824],[-4.196,1.914],[1.641,1.641],[4.738,-2.367],[2.188,-1.183],[0,0],[0,4.554],[6.379,0.547],[3.644,-0.184],[1.547,-1.004],[-2.555,-0.91],[-0.731,3.649],[-1.004,0.726],[-3.465,0.363],[-4.742,0.179],[0,0],[5.469,-1.641],[5.195,-2.094],[-1.277,-1.273],[-6.383,4.559],[0,0],[1.82,-1.094],[2.734,-2.094],[0,0],[2.551,0],[0,0],[-3.102,0.184],[0,0],[4.008,-4.554],[2.094,-2.734],[-2.188,-1.094],[-2.008,3.828],[-2.371,3.102],[0,0],[0,0],[3.644,0],[0,0],[-6.016,0.184],[0,-4.922],[0,0],[0.179,2.734],[0,0],[-2.918,0],[0,0],[3.281,-0.363],[0,0],[0,0],[0,0],[-2.371,0],[0,0],[4.008,-0.179],[0,0],[-2.188,2.008],[0,0]],"v":[[197.695,-21.875],[197.695,-19.141],[187.578,-13.535],[177.734,-9.57],[181.289,-4.648],[191.68,-9.98],[197.695,-13.672],[197.695,-1.641],[204.258,5.195],[223.125,5.195],[230.918,3.418],[235.977,-3.828],[229.961,-6.836],[227.363,-0.273],[220.117,0.82],[209.727,0.82],[202.891,-3.008],[202.891,-7.109],[218.887,-12.715],[229.688,-17.5],[226.406,-22.695],[202.891,-11.758],[202.891,-16.68],[209.727,-21.465],[217.109,-27.07],[231.875,-27.07],[240.352,-26.797],[240.352,-31.719],[231.875,-31.445],[221.211,-31.445],[230.371,-42.383],[235.977,-48.945],[230.508,-52.5],[223.945,-42.109],[214.922,-31.445],[208.086,-31.445],[208.086,-41.563],[222.578,-41.289],[222.578,-46.211],[208.086,-45.938],[208.359,-56.328],[202.617,-56.328],[202.891,-45.938],[196.602,-45.938],[187.305,-46.211],[187.305,-41.016],[196.875,-41.563],[202.891,-41.563],[202.891,-31.445],[189.219,-31.445],[179.648,-31.719],[179.648,-26.797],[189.492,-27.07],[209.453,-27.07],[202.617,-21.875]],"c":true},"ix":2},"nm":"老","mn":"ADBE Vector Shape - Group","hd":false},{"ty":"st","c":{"a":0,"k":[1,1,1,1],"ix":3},"o":{"a":0,"k":100,"ix":4},"w":{"a":0,"k":1,"ix":5},"lc":1,"lj":1,"ml":4,"bm":0,"nm":"描边 1","mn":"ADBE Vector Graphic - Stroke","hd":false},{"ty":"fl","c":{"a":0,"k":[1,1,1,1],"ix":4},"o":{"a":0,"k":100,"ix":5},"r":1,"bm":0,"nm":"填充 1","mn":"ADBE Vector Graphic - Fill","hd":false},{"ty":"tr","p":{"a":0,"k":[0,0],"ix":2},"a":{"a":0,"k":[0,0],"ix":1},"s":{"a":0,"k":[100,100],"ix":3},"r":{"a":0,"k":0,"ix":6},"o":{"a":0,"k":100,"ix":7},"sk":{"a":0,"k":0,"ix":4},"sa":{"a":0,"k":0,"ix":5},"nm":"变换"}],"nm":"老","np":3,"cix":2,"bm":0,"ix":3,"mn":"ADBE Vector Group","hd":false},{"ty":"gr","it":[{"ind":0,"ty":"sh","ix":1,"ks":{"a":0,"k":{"i":[[-1.461,-2.551],[8.383,-0.726],[-3.375,6.199],[-2.008,3.102],[2.734,1.641],[3.187,-5.832],[1.641,-1.82],[1.82,-0.726],[-0.547,-1.824],[-5.016,0.726],[-12.215,1.641],[-1.094,-2.188],[-2.008,1.094],[2.367,3.922],[2.734,4.012],[1.82,-1.094]],"o":[[-9.844,1.094],[1.457,-1.82],[3.371,-6.195],[-1.461,-0.363],[-1.277,4.375],[-3.192,5.836],[-1.641,1.824],[1.457,2.188],[2.188,-0.914],[5.012,-0.731],[1.82,3.098],[1.457,-0.914],[-1.277,-2.371],[-2.371,-3.918],[-1.277,1.094],[2.551,3.281]],"v":[[293.672,-6.016],[266.328,-3.281],[273.574,-15.313],[281.641,-29.258],[275.352,-32.266],[268.652,-16.953],[261.406,-5.469],[256.211,-1.641],[259.219,4.375],[270.02,1.914],[295.859,-1.641],[300.234,6.289],[305.43,3.281],[299.961,-6.152],[292.305,-18.047],[287.656,-14.766]],"c":true},"ix":2},"nm":"公","mn":"ADBE Vector Shape - Group","hd":false},{"ind":1,"ty":"sh","ix":2,"ks":{"a":0,"k":{"i":[[3.461,9.297],[2.004,-0.363],[-3.828,-6.016],[-5.469,-4.554],[-2.555,1.277],[3.918,4.742]],"o":[[-1.641,0.914],[2.367,6.199],[3.828,6.016],[0.91,-1.82],[-4.012,-2.188],[-3.922,-4.738]],"v":[[289.023,-56.875],[283.555,-54.961],[292.852,-36.641],[306.797,-20.781],[311.992,-25.43],[300.098,-35.82]],"c":true},"ix":2},"nm":"公","mn":"ADBE Vector Shape - Group","hd":false},{"ind":2,"ty":"sh","ix":3,"ks":{"a":0,"k":{"i":[[-3.465,7.293],[1.273,0.914],[4.191,-6.016],[3.828,-2.914],[-1.461,-2.004],[-3.649,5.469]],"o":[[-2.371,-0.726],[-1.824,5.652],[-4.196,6.016],[1.641,0.914],[3.828,-3.644],[3.644,-5.469]],"v":[[274.805,-52.227],[269.336,-54.688],[260.313,-37.188],[248.281,-23.789],[252.93,-19.414],[264.141,-33.086]],"c":true},"ix":2},"nm":"公","mn":"ADBE Vector Shape - Group","hd":false},{"ty":"mm","mm":1,"nm":"合并路径 1","mn":"ADBE Vector Filter - Merge","hd":false},{"ty":"st","c":{"a":0,"k":[1,1,1,1],"ix":3},"o":{"a":0,"k":100,"ix":4},"w":{"a":0,"k":1,"ix":5},"lc":1,"lj":1,"ml":4,"bm":0,"nm":"描边 1","mn":"ADBE Vector Graphic - Stroke","hd":false},{"ty":"fl","c":{"a":0,"k":[1,1,1,1],"ix":4},"o":{"a":0,"k":100,"ix":5},"r":1,"bm":0,"nm":"填充 1","mn":"ADBE Vector Graphic - Fill","hd":false},{"ty":"tr","p":{"a":0,"k":[0,0],"ix":2},"a":{"a":0,"k":[0,0],"ix":1},"s":{"a":0,"k":[100,100],"ix":3},"r":{"a":0,"k":0,"ix":6},"o":{"a":0,"k":100,"ix":7},"sk":{"a":0,"k":0,"ix":4},"sa":{"a":0,"k":0,"ix":5},"nm":"变换"}],"nm":"公","np":6,"cix":2,"bm":0,"ix":4,"mn":"ADBE Vector Group","hd":false}],"ip":0,"op":80,"st":0,"bm":0},{"ddd":0,"ind":15,"ty":1,"nm":"黑色 纯色 1","sr":1,"ks":{"o":{"a":0,"k":20,"ix":11},"r":{"a":0,"k":0,"ix":10},"p":{"a":0,"k":[540,1114.5,0],"ix":2},"a":{"a":0,"k":[540,1114.5,0],"ix":1},"s":{"a":0,"k":[115.556,100,100],"ix":6}},"ao":0,"ef":[{"ty":29,"nm":"高斯模糊","np":5,"mn":"ADBE Gaussian Blur 2","ix":1,"en":1,"ef":[{"ty":0,"nm":"模糊度","mn":"ADBE Gaussian Blur 2-0001","ix":1,"v":{"a":0,"k":100,"ix":1}},{"ty":7,"nm":"模糊方向","mn":"ADBE Gaussian Blur 2-0002","ix":2,"v":{"a":0,"k":1,"ix":2}},{"ty":7,"nm":"重复边缘像素","mn":"ADBE Gaussian Blur 2-0003","ix":3,"v":{"a":0,"k":0,"ix":3}}]}],"sw":1080,"sh":2229,"sc":"#000000","ip":0,"op":80,"st":0,"bm":0},{"ddd":0,"ind":19,"ty":1,"nm":"深色 红色 纯色 1","sr":1,"ks":{"o":{"a":0,"k":100,"ix":11},"r":{"a":0,"k":0,"ix":10},"p":{"a":0,"k":[540,1114.5,0],"ix":2},"a":{"a":0,"k":[540,1114.5,0],"ix":1},"s":{"a":0,"k":[100,100,100],"ix":6}},"ao":0,"sw":1080,"sh":2229,"sc":"#151414","ip":0,"op":80,"st":0,"bm":0}],"markers":[]}