{"v":"5.6.6","fr":1,"ip":0,"op":17,"w":947,"h":1855,"nm":"QQ图片20200625125113_00000","ddd":0,"assets":[{"id":"image_0","w":947,"h":1855,"u":"images/","p":"img_0.jpg","e":0}],"layers":[{"ddd":0,"ind":1,"ty":2,"nm":"QQ图片20200625125113_00000.png","cl":"png","refId":"image_0","sr":1,"ks":{"o":{"a":0,"k":100,"ix":11},"r":{"a":0,"k":0,"ix":10},"p":{"a":0,"k":[473.5,927.5,0],"ix":2},"a":{"a":0,"k":[473.5,927.5,0],"ix":1},"s":{"a":0,"k":[100,100,100],"ix":6}},"ao":0,"ip":0,"op":17,"st":0,"bm":0}],"markers":[]}