{"v":"5.6.6","fr":12,"ip":0,"op":168,"w":563,"h":1000,"nm":"QQ视频_73b17aee29467fa6b864990ced9138fb1595749751_00000","ddd":0,"assets":[{"id":"image_0","w":563,"h":1000,"u":"images/","p":"img_0.jpg","e":0},{"id":"image_1","w":563,"h":1000,"u":"images/","p":"img_1.jpg","e":0},{"id":"image_2","w":563,"h":1000,"u":"images/","p":"img_2.jpg","e":0},{"id":"image_3","w":563,"h":1000,"u":"images/","p":"img_3.jpg","e":0},{"id":"image_4","w":563,"h":1000,"u":"images/","p":"img_4.jpg","e":0},{"id":"image_5","w":563,"h":1000,"u":"images/","p":"img_5.jpg","e":0},{"id":"image_6","w":563,"h":1000,"u":"images/","p":"img_6.jpg","e":0},{"id":"image_7","w":563,"h":1000,"u":"images/","p":"img_7.jpg","e":0},{"id":"image_8","w":563,"h":1000,"u":"images/","p":"img_8.jpg","e":0},{"id":"image_9","w":563,"h":1000,"u":"images/","p":"img_9.jpg","e":0},{"id":"image_10","w":563,"h":1000,"u":"images/","p":"img_10.jpg","e":0},{"id":"image_11","w":563,"h":1000,"u":"images/","p":"img_11.jpg","e":0},{"id":"image_12","w":563,"h":1000,"u":"images/","p":"img_12.jpg","e":0},{"id":"image_13","w":563,"h":1000,"u":"images/","p":"img_13.jpg","e":0},{"id":"image_14","w":563,"h":1000,"u":"images/","p":"img_14.jpg","e":0},{"id":"image_15","w":563,"h":1000,"u":"images/","p":"img_15.jpg","e":0},{"id":"image_16","w":563,"h":1000,"u":"images/","p":"img_16.jpg","e":0},{"id":"image_17","w":563,"h":1000,"u":"images/","p":"img_17.jpg","e":0},{"id":"image_18","w":563,"h":1000,"u":"images/","p":"img_18.jpg","e":0},{"id":"image_19","w":563,"h":1000,"u":"images/","p":"img_19.jpg","e":0},{"id":"image_20","w":563,"h":1000,"u":"images/","p":"img_20.jpg","e":0},{"id":"image_21","w":563,"h":1000,"u":"images/","p":"img_21.jpg","e":0},{"id":"image_22","w":563,"h":1000,"u":"images/","p":"img_22.jpg","e":0},{"id":"image_23","w":563,"h":1000,"u":"images/","p":"img_23.jpg","e":0},{"id":"image_24","w":563,"h":1000,"u":"images/","p":"img_24.jpg","e":0},{"id":"image_25","w":563,"h":1000,"u":"images/","p":"img_25.jpg","e":0},{"id":"image_26","w":563,"h":1000,"u":"images/","p":"img_26.jpg","e":0},{"id":"image_27","w":563,"h":1000,"u":"images/","p":"img_27.jpg","e":0},{"id":"image_28","w":563,"h":1000,"u":"images/","p":"img_28.jpg","e":0},{"id":"image_29","w":563,"h":1000,"u":"images/","p":"img_29.jpg","e":0},{"id":"image_30","w":563,"h":1000,"u":"images/","p":"img_30.jpg","e":0},{"id":"image_31","w":563,"h":1000,"u":"images/","p":"img_31.jpg","e":0},{"id":"image_32","w":563,"h":1000,"u":"images/","p":"img_32.jpg","e":0},{"id":"image_33","w":563,"h":1000,"u":"images/","p":"img_33.jpg","e":0},{"id":"image_34","w":563,"h":1000,"u":"images/","p":"img_34.jpg","e":0},{"id":"image_35","w":563,"h":1000,"u":"images/","p":"img_35.jpg","e":0},{"id":"image_36","w":563,"h":1000,"u":"images/","p":"img_36.jpg","e":0},{"id":"image_37","w":563,"h":1000,"u":"images/","p":"img_37.jpg","e":0},{"id":"image_38","w":563,"h":1000,"u":"images/","p":"img_38.jpg","e":0},{"id":"image_39","w":563,"h":1000,"u":"images/","p":"img_39.jpg","e":0},{"id":"image_40","w":563,"h":1000,"u":"images/","p":"img_40.jpg","e":0},{"id":"image_41","w":563,"h":1000,"u":"images/","p":"img_41.jpg","e":0},{"id":"image_42","w":563,"h":1000,"u":"images/","p":"img_42.jpg","e":0},{"id":"image_43","w":563,"h":1000,"u":"images/","p":"img_43.jpg","e":0},{"id":"image_44","w":563,"h":1000,"u":"images/","p":"img_44.jpg","e":0},{"id":"image_45","w":563,"h":1000,"u":"images/","p":"img_45.jpg","e":0},{"id":"image_46","w":563,"h":1000,"u":"images/","p":"img_46.jpg","e":0},{"id":"image_47","w":563,"h":1000,"u":"images/","p":"img_47.jpg","e":0},{"id":"image_48","w":563,"h":1000,"u":"images/","p":"img_48.jpg","e":0},{"id":"image_49","w":563,"h":1000,"u":"images/","p":"img_49.jpg","e":0},{"id":"image_50","w":563,"h":1000,"u":"images/","p":"img_50.jpg","e":0},{"id":"image_51","w":563,"h":1000,"u":"images/","p":"img_51.jpg","e":0},{"id":"image_52","w":563,"h":1000,"u":"images/","p":"img_52.jpg","e":0},{"id":"image_53","w":563,"h":1000,"u":"images/","p":"img_53.jpg","e":0},{"id":"image_54","w":563,"h":1000,"u":"images/","p":"img_54.jpg","e":0},{"id":"image_55","w":563,"h":1000,"u":"images/","p":"img_55.jpg","e":0},{"id":"image_56","w":563,"h":1000,"u":"images/","p":"img_56.jpg","e":0},{"id":"image_57","w":563,"h":1000,"u":"images/","p":"img_57.jpg","e":0},{"id":"image_58","w":563,"h":1000,"u":"images/","p":"img_58.jpg","e":0},{"id":"image_59","w":563,"h":1000,"u":"images/","p":"img_59.jpg","e":0},{"id":"image_60","w":563,"h":1000,"u":"images/","p":"img_60.jpg","e":0},{"id":"image_61","w":563,"h":1000,"u":"images/","p":"img_61.jpg","e":0},{"id":"image_62","w":563,"h":1000,"u":"images/","p":"img_62.jpg","e":0},{"id":"image_63","w":563,"h":1000,"u":"images/","p":"img_63.jpg","e":0},{"id":"image_64","w":563,"h":1000,"u":"images/","p":"img_64.jpg","e":0},{"id":"image_65","w":563,"h":1000,"u":"images/","p":"img_65.jpg","e":0},{"id":"image_66","w":563,"h":1000,"u":"images/","p":"img_66.jpg","e":0},{"id":"image_67","w":563,"h":1000,"u":"images/","p":"img_67.jpg","e":0},{"id":"image_68","w":563,"h":1000,"u":"images/","p":"img_68.jpg","e":0},{"id":"image_69","w":563,"h":1000,"u":"images/","p":"img_69.jpg","e":0},{"id":"image_70","w":563,"h":1000,"u":"images/","p":"img_70.jpg","e":0},{"id":"image_71","w":563,"h":1000,"u":"images/","p":"img_71.jpg","e":0},{"id":"image_72","w":563,"h":1000,"u":"images/","p":"img_72.jpg","e":0},{"id":"image_73","w":563,"h":1000,"u":"images/","p":"img_73.jpg","e":0},{"id":"image_74","w":563,"h":1000,"u":"images/","p":"img_74.jpg","e":0},{"id":"image_75","w":563,"h":1000,"u":"images/","p":"img_75.jpg","e":0},{"id":"image_76","w":563,"h":1000,"u":"images/","p":"img_76.jpg","e":0},{"id":"image_77","w":563,"h":1000,"u":"images/","p":"img_77.jpg","e":0},{"id":"image_78","w":563,"h":1000,"u":"images/","p":"img_78.jpg","e":0},{"id":"image_79","w":563,"h":1000,"u":"images/","p":"img_79.jpg","e":0},{"id":"image_80","w":563,"h":1000,"u":"images/","p":"img_80.jpg","e":0},{"id":"image_81","w":563,"h":1000,"u":"images/","p":"img_81.jpg","e":0},{"id":"image_82","w":563,"h":1000,"u":"images/","p":"img_82.jpg","e":0},{"id":"image_83","w":563,"h":1000,"u":"images/","p":"img_83.jpg","e":0},{"id":"image_84","w":563,"h":1000,"u":"images/","p":"img_84.jpg","e":0},{"id":"image_85","w":563,"h":1000,"u":"images/","p":"img_85.jpg","e":0},{"id":"image_86","w":563,"h":1000,"u":"images/","p":"img_86.jpg","e":0},{"id":"image_87","w":563,"h":1000,"u":"images/","p":"img_87.jpg","e":0},{"id":"image_88","w":563,"h":1000,"u":"images/","p":"img_88.jpg","e":0},{"id":"image_89","w":563,"h":1000,"u":"images/","p":"img_89.jpg","e":0},{"id":"image_90","w":563,"h":1000,"u":"images/","p":"img_90.jpg","e":0},{"id":"image_91","w":563,"h":1000,"u":"images/","p":"img_91.jpg","e":0},{"id":"image_92","w":563,"h":1000,"u":"images/","p":"img_92.jpg","e":0},{"id":"image_93","w":563,"h":1000,"u":"images/","p":"img_93.jpg","e":0},{"id":"image_94","w":563,"h":1000,"u":"images/","p":"img_94.jpg","e":0},{"id":"image_95","w":563,"h":1000,"u":"images/","p":"img_95.jpg","e":0},{"id":"image_96","w":563,"h":1000,"u":"images/","p":"img_96.jpg","e":0},{"id":"image_97","w":563,"h":1000,"u":"images/","p":"img_97.jpg","e":0},{"id":"image_98","w":563,"h":1000,"u":"images/","p":"img_98.jpg","e":0},{"id":"image_99","w":563,"h":1000,"u":"images/","p":"img_99.jpg","e":0},{"id":"image_100","w":563,"h":1000,"u":"images/","p":"img_100.jpg","e":0},{"id":"image_101","w":563,"h":1000,"u":"images/","p":"img_101.jpg","e":0},{"id":"image_102","w":563,"h":1000,"u":"images/","p":"img_102.jpg","e":0},{"id":"image_103","w":563,"h":1000,"u":"images/","p":"img_103.jpg","e":0},{"id":"image_104","w":563,"h":1000,"u":"images/","p":"img_104.jpg","e":0},{"id":"image_105","w":563,"h":1000,"u":"images/","p":"img_105.jpg","e":0},{"id":"image_106","w":563,"h":1000,"u":"images/","p":"img_106.jpg","e":0},{"id":"image_107","w":563,"h":1000,"u":"images/","p":"img_107.jpg","e":0},{"id":"image_108","w":563,"h":1000,"u":"images/","p":"img_108.jpg","e":0},{"id":"image_109","w":563,"h":1000,"u":"images/","p":"img_109.jpg","e":0},{"id":"image_110","w":563,"h":1000,"u":"images/","p":"img_110.jpg","e":0},{"id":"image_111","w":563,"h":1000,"u":"images/","p":"img_111.jpg","e":0},{"id":"image_112","w":563,"h":1000,"u":"images/","p":"img_112.jpg","e":0},{"id":"image_113","w":563,"h":1000,"u":"images/","p":"img_113.jpg","e":0},{"id":"image_114","w":563,"h":1000,"u":"images/","p":"img_114.jpg","e":0},{"id":"image_115","w":563,"h":1000,"u":"images/","p":"img_115.jpg","e":0},{"id":"image_116","w":563,"h":1000,"u":"images/","p":"img_116.jpg","e":0},{"id":"image_117","w":563,"h":1000,"u":"images/","p":"img_117.jpg","e":0},{"id":"image_118","w":563,"h":1000,"u":"images/","p":"img_118.jpg","e":0},{"id":"image_119","w":563,"h":1000,"u":"images/","p":"img_119.jpg","e":0},{"id":"image_120","w":563,"h":1000,"u":"images/","p":"img_120.jpg","e":0},{"id":"image_121","w":563,"h":1000,"u":"images/","p":"img_121.jpg","e":0},{"id":"image_122","w":563,"h":1000,"u":"images/","p":"img_122.jpg","e":0},{"id":"image_123","w":563,"h":1000,"u":"images/","p":"img_123.jpg","e":0},{"id":"image_124","w":563,"h":1000,"u":"images/","p":"img_124.jpg","e":0},{"id":"image_125","w":563,"h":1000,"u":"images/","p":"img_125.jpg","e":0},{"id":"image_126","w":563,"h":1000,"u":"images/","p":"img_126.jpg","e":0},{"id":"image_127","w":563,"h":1000,"u":"images/","p":"img_127.jpg","e":0},{"id":"image_128","w":563,"h":1000,"u":"images/","p":"img_128.jpg","e":0},{"id":"image_129","w":563,"h":1000,"u":"images/","p":"img_129.jpg","e":0},{"id":"image_130","w":563,"h":1000,"u":"images/","p":"img_130.jpg","e":0},{"id":"image_131","w":563,"h":1000,"u":"images/","p":"img_131.jpg","e":0},{"id":"image_132","w":563,"h":1000,"u":"images/","p":"img_132.jpg","e":0},{"id":"image_133","w":563,"h":1000,"u":"images/","p":"img_133.jpg","e":0},{"id":"image_134","w":563,"h":1000,"u":"images/","p":"img_134.jpg","e":0},{"id":"image_135","w":563,"h":1000,"u":"images/","p":"img_135.jpg","e":0},{"id":"image_136","w":563,"h":1000,"u":"images/","p":"img_136.jpg","e":0},{"id":"image_137","w":563,"h":1000,"u":"images/","p":"img_137.jpg","e":0},{"id":"image_138","w":563,"h":1000,"u":"images/","p":"img_138.jpg","e":0},{"id":"image_139","w":563,"h":1000,"u":"images/","p":"img_139.jpg","e":0}],"layers":[{"ddd":0,"ind":1,"ty":2,"nm":"QQ视频_73b17aee29467fa6b864990ced9138fb1595749751_00000.jpg","cl":"jpg","refId":"image_0","sr":1,"ks":{"o":{"a":0,"k":100,"ix":11},"r":{"a":0,"k":0,"ix":10},"p":{"a":0,"k":[281.5,500,0],"ix":2},"a":{"a":0,"k":[281.5,500,0],"ix":1},"s":{"a":0,"k":[100,100,100],"ix":6}},"ao":0,"ip":0,"op":1.2,"st":0,"bm":0},{"ddd":0,"ind":2,"ty":2,"nm":"QQ视频_73b17aee29467fa6b864990ced9138fb1595749751_00001.jpg","cl":"jpg","refId":"image_1","sr":1,"ks":{"o":{"a":0,"k":100,"ix":11},"r":{"a":0,"k":0,"ix":10},"p":{"a":0,"k":[281.5,500,0],"ix":2},"a":{"a":0,"k":[281.5,500,0],"ix":1},"s":{"a":0,"k":[100,100,100],"ix":6}},"ao":0,"ip":1.2,"op":2.4,"st":1.2,"bm":0},{"ddd":0,"ind":3,"ty":2,"nm":"QQ视频_73b17aee29467fa6b864990ced9138fb1595749751_00002.jpg","cl":"jpg","refId":"image_2","sr":1,"ks":{"o":{"a":0,"k":100,"ix":11},"r":{"a":0,"k":0,"ix":10},"p":{"a":0,"k":[281.5,500,0],"ix":2},"a":{"a":0,"k":[281.5,500,0],"ix":1},"s":{"a":0,"k":[100,100,100],"ix":6}},"ao":0,"ip":2.4,"op":3.6,"st":2.4,"bm":0},{"ddd":0,"ind":4,"ty":2,"nm":"QQ视频_73b17aee29467fa6b864990ced9138fb1595749751_00003.jpg","cl":"jpg","refId":"image_3","sr":1,"ks":{"o":{"a":0,"k":100,"ix":11},"r":{"a":0,"k":0,"ix":10},"p":{"a":0,"k":[281.5,500,0],"ix":2},"a":{"a":0,"k":[281.5,500,0],"ix":1},"s":{"a":0,"k":[100,100,100],"ix":6}},"ao":0,"ip":3.6,"op":4.8,"st":3.6,"bm":0},{"ddd":0,"ind":5,"ty":2,"nm":"QQ视频_73b17aee29467fa6b864990ced9138fb1595749751_00004.jpg","cl":"jpg","refId":"image_4","sr":1,"ks":{"o":{"a":0,"k":100,"ix":11},"r":{"a":0,"k":0,"ix":10},"p":{"a":0,"k":[281.5,500,0],"ix":2},"a":{"a":0,"k":[281.5,500,0],"ix":1},"s":{"a":0,"k":[100,100,100],"ix":6}},"ao":0,"ip":4.8,"op":6,"st":4.8,"bm":0},{"ddd":0,"ind":6,"ty":2,"nm":"QQ视频_73b17aee29467fa6b864990ced9138fb1595749751_00005.jpg","cl":"jpg","refId":"image_5","sr":1,"ks":{"o":{"a":0,"k":100,"ix":11},"r":{"a":0,"k":0,"ix":10},"p":{"a":0,"k":[281.5,500,0],"ix":2},"a":{"a":0,"k":[281.5,500,0],"ix":1},"s":{"a":0,"k":[100,100,100],"ix":6}},"ao":0,"ip":6,"op":7.2,"st":6,"bm":0},{"ddd":0,"ind":7,"ty":2,"nm":"QQ视频_73b17aee29467fa6b864990ced9138fb1595749751_00006.jpg","cl":"jpg","refId":"image_6","sr":1,"ks":{"o":{"a":0,"k":100,"ix":11},"r":{"a":0,"k":0,"ix":10},"p":{"a":0,"k":[281.5,500,0],"ix":2},"a":{"a":0,"k":[281.5,500,0],"ix":1},"s":{"a":0,"k":[100,100,100],"ix":6}},"ao":0,"ip":7.2,"op":8.4,"st":7.2,"bm":0},{"ddd":0,"ind":8,"ty":2,"nm":"QQ视频_73b17aee29467fa6b864990ced9138fb1595749751_00007.jpg","cl":"jpg","refId":"image_7","sr":1,"ks":{"o":{"a":0,"k":100,"ix":11},"r":{"a":0,"k":0,"ix":10},"p":{"a":0,"k":[281.5,500,0],"ix":2},"a":{"a":0,"k":[281.5,500,0],"ix":1},"s":{"a":0,"k":[100,100,100],"ix":6}},"ao":0,"ip":8.4,"op":9.6,"st":8.4,"bm":0},{"ddd":0,"ind":9,"ty":2,"nm":"QQ视频_73b17aee29467fa6b864990ced9138fb1595749751_00008.jpg","cl":"jpg","refId":"image_8","sr":1,"ks":{"o":{"a":0,"k":100,"ix":11},"r":{"a":0,"k":0,"ix":10},"p":{"a":0,"k":[281.5,500,0],"ix":2},"a":{"a":0,"k":[281.5,500,0],"ix":1},"s":{"a":0,"k":[100,100,100],"ix":6}},"ao":0,"ip":9.6,"op":10.8,"st":9.6,"bm":0},{"ddd":0,"ind":10,"ty":2,"nm":"QQ视频_73b17aee29467fa6b864990ced9138fb1595749751_00009.jpg","cl":"jpg","refId":"image_9","sr":1,"ks":{"o":{"a":0,"k":100,"ix":11},"r":{"a":0,"k":0,"ix":10},"p":{"a":0,"k":[281.5,500,0],"ix":2},"a":{"a":0,"k":[281.5,500,0],"ix":1},"s":{"a":0,"k":[100,100,100],"ix":6}},"ao":0,"ip":10.8,"op":12,"st":10.8,"bm":0},{"ddd":0,"ind":11,"ty":2,"nm":"QQ视频_73b17aee29467fa6b864990ced9138fb1595749751_00010.jpg","cl":"jpg","refId":"image_10","sr":1,"ks":{"o":{"a":0,"k":100,"ix":11},"r":{"a":0,"k":0,"ix":10},"p":{"a":0,"k":[281.5,500,0],"ix":2},"a":{"a":0,"k":[281.5,500,0],"ix":1},"s":{"a":0,"k":[100,100,100],"ix":6}},"ao":0,"ip":12,"op":13.2,"st":12,"bm":0},{"ddd":0,"ind":12,"ty":2,"nm":"QQ视频_73b17aee29467fa6b864990ced9138fb1595749751_00011.jpg","cl":"jpg","refId":"image_11","sr":1,"ks":{"o":{"a":0,"k":100,"ix":11},"r":{"a":0,"k":0,"ix":10},"p":{"a":0,"k":[281.5,500,0],"ix":2},"a":{"a":0,"k":[281.5,500,0],"ix":1},"s":{"a":0,"k":[100,100,100],"ix":6}},"ao":0,"ip":13.2,"op":14.4,"st":13.2,"bm":0},{"ddd":0,"ind":13,"ty":2,"nm":"QQ视频_73b17aee29467fa6b864990ced9138fb1595749751_00012.jpg","cl":"jpg","refId":"image_12","sr":1,"ks":{"o":{"a":0,"k":100,"ix":11},"r":{"a":0,"k":0,"ix":10},"p":{"a":0,"k":[281.5,500,0],"ix":2},"a":{"a":0,"k":[281.5,500,0],"ix":1},"s":{"a":0,"k":[100,100,100],"ix":6}},"ao":0,"ip":14.4,"op":15.6,"st":14.4,"bm":0},{"ddd":0,"ind":14,"ty":2,"nm":"QQ视频_73b17aee29467fa6b864990ced9138fb1595749751_00013.jpg","cl":"jpg","refId":"image_13","sr":1,"ks":{"o":{"a":0,"k":100,"ix":11},"r":{"a":0,"k":0,"ix":10},"p":{"a":0,"k":[281.5,500,0],"ix":2},"a":{"a":0,"k":[281.5,500,0],"ix":1},"s":{"a":0,"k":[100,100,100],"ix":6}},"ao":0,"ip":15.6,"op":16.8,"st":15.6,"bm":0},{"ddd":0,"ind":15,"ty":2,"nm":"QQ视频_73b17aee29467fa6b864990ced9138fb1595749751_00014.jpg","cl":"jpg","refId":"image_14","sr":1,"ks":{"o":{"a":0,"k":100,"ix":11},"r":{"a":0,"k":0,"ix":10},"p":{"a":0,"k":[281.5,500,0],"ix":2},"a":{"a":0,"k":[281.5,500,0],"ix":1},"s":{"a":0,"k":[100,100,100],"ix":6}},"ao":0,"ip":16.8,"op":18,"st":16.8,"bm":0},{"ddd":0,"ind":16,"ty":2,"nm":"QQ视频_73b17aee29467fa6b864990ced9138fb1595749751_00015.jpg","cl":"jpg","refId":"image_15","sr":1,"ks":{"o":{"a":0,"k":100,"ix":11},"r":{"a":0,"k":0,"ix":10},"p":{"a":0,"k":[281.5,500,0],"ix":2},"a":{"a":0,"k":[281.5,500,0],"ix":1},"s":{"a":0,"k":[100,100,100],"ix":6}},"ao":0,"ip":18,"op":19.2,"st":18,"bm":0},{"ddd":0,"ind":17,"ty":2,"nm":"QQ视频_73b17aee29467fa6b864990ced9138fb1595749751_00016.jpg","cl":"jpg","refId":"image_16","sr":1,"ks":{"o":{"a":0,"k":100,"ix":11},"r":{"a":0,"k":0,"ix":10},"p":{"a":0,"k":[281.5,500,0],"ix":2},"a":{"a":0,"k":[281.5,500,0],"ix":1},"s":{"a":0,"k":[100,100,100],"ix":6}},"ao":0,"ip":19.2,"op":20.4,"st":19.2,"bm":0},{"ddd":0,"ind":18,"ty":2,"nm":"QQ视频_73b17aee29467fa6b864990ced9138fb1595749751_00017.jpg","cl":"jpg","refId":"image_17","sr":1,"ks":{"o":{"a":0,"k":100,"ix":11},"r":{"a":0,"k":0,"ix":10},"p":{"a":0,"k":[281.5,500,0],"ix":2},"a":{"a":0,"k":[281.5,500,0],"ix":1},"s":{"a":0,"k":[100,100,100],"ix":6}},"ao":0,"ip":20.4,"op":21.6,"st":20.4,"bm":0},{"ddd":0,"ind":19,"ty":2,"nm":"QQ视频_73b17aee29467fa6b864990ced9138fb1595749751_00018.jpg","cl":"jpg","refId":"image_18","sr":1,"ks":{"o":{"a":0,"k":100,"ix":11},"r":{"a":0,"k":0,"ix":10},"p":{"a":0,"k":[281.5,500,0],"ix":2},"a":{"a":0,"k":[281.5,500,0],"ix":1},"s":{"a":0,"k":[100,100,100],"ix":6}},"ao":0,"ip":21.6,"op":22.8,"st":21.6,"bm":0},{"ddd":0,"ind":20,"ty":2,"nm":"QQ视频_73b17aee29467fa6b864990ced9138fb1595749751_00019.jpg","cl":"jpg","refId":"image_19","sr":1,"ks":{"o":{"a":0,"k":100,"ix":11},"r":{"a":0,"k":0,"ix":10},"p":{"a":0,"k":[281.5,500,0],"ix":2},"a":{"a":0,"k":[281.5,500,0],"ix":1},"s":{"a":0,"k":[100,100,100],"ix":6}},"ao":0,"ip":22.8,"op":24,"st":22.8,"bm":0},{"ddd":0,"ind":21,"ty":2,"nm":"QQ视频_73b17aee29467fa6b864990ced9138fb1595749751_00020.jpg","cl":"jpg","refId":"image_20","sr":1,"ks":{"o":{"a":0,"k":100,"ix":11},"r":{"a":0,"k":0,"ix":10},"p":{"a":0,"k":[281.5,500,0],"ix":2},"a":{"a":0,"k":[281.5,500,0],"ix":1},"s":{"a":0,"k":[100,100,100],"ix":6}},"ao":0,"ip":24,"op":25.2,"st":24,"bm":0},{"ddd":0,"ind":22,"ty":2,"nm":"QQ视频_73b17aee29467fa6b864990ced9138fb1595749751_00021.jpg","cl":"jpg","refId":"image_21","sr":1,"ks":{"o":{"a":0,"k":100,"ix":11},"r":{"a":0,"k":0,"ix":10},"p":{"a":0,"k":[281.5,500,0],"ix":2},"a":{"a":0,"k":[281.5,500,0],"ix":1},"s":{"a":0,"k":[100,100,100],"ix":6}},"ao":0,"ip":25.2,"op":26.4,"st":25.2,"bm":0},{"ddd":0,"ind":23,"ty":2,"nm":"QQ视频_73b17aee29467fa6b864990ced9138fb1595749751_00022.jpg","cl":"jpg","refId":"image_22","sr":1,"ks":{"o":{"a":0,"k":100,"ix":11},"r":{"a":0,"k":0,"ix":10},"p":{"a":0,"k":[281.5,500,0],"ix":2},"a":{"a":0,"k":[281.5,500,0],"ix":1},"s":{"a":0,"k":[100,100,100],"ix":6}},"ao":0,"ip":26.4,"op":27.6,"st":26.4,"bm":0},{"ddd":0,"ind":24,"ty":2,"nm":"QQ视频_73b17aee29467fa6b864990ced9138fb1595749751_00023.jpg","cl":"jpg","refId":"image_23","sr":1,"ks":{"o":{"a":0,"k":100,"ix":11},"r":{"a":0,"k":0,"ix":10},"p":{"a":0,"k":[281.5,500,0],"ix":2},"a":{"a":0,"k":[281.5,500,0],"ix":1},"s":{"a":0,"k":[100,100,100],"ix":6}},"ao":0,"ip":27.6,"op":28.8,"st":27.6,"bm":0},{"ddd":0,"ind":25,"ty":2,"nm":"QQ视频_73b17aee29467fa6b864990ced9138fb1595749751_00024.jpg","cl":"jpg","refId":"image_24","sr":1,"ks":{"o":{"a":0,"k":100,"ix":11},"r":{"a":0,"k":0,"ix":10},"p":{"a":0,"k":[281.5,500,0],"ix":2},"a":{"a":0,"k":[281.5,500,0],"ix":1},"s":{"a":0,"k":[100,100,100],"ix":6}},"ao":0,"ip":28.8,"op":30,"st":28.8,"bm":0},{"ddd":0,"ind":26,"ty":2,"nm":"QQ视频_73b17aee29467fa6b864990ced9138fb1595749751_00025.jpg","cl":"jpg","refId":"image_25","sr":1,"ks":{"o":{"a":0,"k":100,"ix":11},"r":{"a":0,"k":0,"ix":10},"p":{"a":0,"k":[281.5,500,0],"ix":2},"a":{"a":0,"k":[281.5,500,0],"ix":1},"s":{"a":0,"k":[100,100,100],"ix":6}},"ao":0,"ip":30,"op":31.2,"st":30,"bm":0},{"ddd":0,"ind":27,"ty":2,"nm":"QQ视频_73b17aee29467fa6b864990ced9138fb1595749751_00026.jpg","cl":"jpg","refId":"image_26","sr":1,"ks":{"o":{"a":0,"k":100,"ix":11},"r":{"a":0,"k":0,"ix":10},"p":{"a":0,"k":[281.5,500,0],"ix":2},"a":{"a":0,"k":[281.5,500,0],"ix":1},"s":{"a":0,"k":[100,100,100],"ix":6}},"ao":0,"ip":31.2,"op":32.4,"st":31.2,"bm":0},{"ddd":0,"ind":28,"ty":2,"nm":"QQ视频_73b17aee29467fa6b864990ced9138fb1595749751_00027.jpg","cl":"jpg","refId":"image_27","sr":1,"ks":{"o":{"a":0,"k":100,"ix":11},"r":{"a":0,"k":0,"ix":10},"p":{"a":0,"k":[281.5,500,0],"ix":2},"a":{"a":0,"k":[281.5,500,0],"ix":1},"s":{"a":0,"k":[100,100,100],"ix":6}},"ao":0,"ip":32.4,"op":33.6,"st":32.4,"bm":0},{"ddd":0,"ind":29,"ty":2,"nm":"QQ视频_73b17aee29467fa6b864990ced9138fb1595749751_00028.jpg","cl":"jpg","refId":"image_28","sr":1,"ks":{"o":{"a":0,"k":100,"ix":11},"r":{"a":0,"k":0,"ix":10},"p":{"a":0,"k":[281.5,500,0],"ix":2},"a":{"a":0,"k":[281.5,500,0],"ix":1},"s":{"a":0,"k":[100,100,100],"ix":6}},"ao":0,"ip":33.6,"op":34.8,"st":33.6,"bm":0},{"ddd":0,"ind":30,"ty":2,"nm":"QQ视频_73b17aee29467fa6b864990ced9138fb1595749751_00029.jpg","cl":"jpg","refId":"image_29","sr":1,"ks":{"o":{"a":0,"k":100,"ix":11},"r":{"a":0,"k":0,"ix":10},"p":{"a":0,"k":[281.5,500,0],"ix":2},"a":{"a":0,"k":[281.5,500,0],"ix":1},"s":{"a":0,"k":[100,100,100],"ix":6}},"ao":0,"ip":34.8,"op":36,"st":34.8,"bm":0},{"ddd":0,"ind":31,"ty":2,"nm":"QQ视频_73b17aee29467fa6b864990ced9138fb1595749751_00030.jpg","cl":"jpg","refId":"image_30","sr":1,"ks":{"o":{"a":0,"k":100,"ix":11},"r":{"a":0,"k":0,"ix":10},"p":{"a":0,"k":[281.5,500,0],"ix":2},"a":{"a":0,"k":[281.5,500,0],"ix":1},"s":{"a":0,"k":[100,100,100],"ix":6}},"ao":0,"ip":36,"op":37.2,"st":36,"bm":0},{"ddd":0,"ind":32,"ty":2,"nm":"QQ视频_73b17aee29467fa6b864990ced9138fb1595749751_00031.jpg","cl":"jpg","refId":"image_31","sr":1,"ks":{"o":{"a":0,"k":100,"ix":11},"r":{"a":0,"k":0,"ix":10},"p":{"a":0,"k":[281.5,500,0],"ix":2},"a":{"a":0,"k":[281.5,500,0],"ix":1},"s":{"a":0,"k":[100,100,100],"ix":6}},"ao":0,"ip":37.2,"op":38.4,"st":37.2,"bm":0},{"ddd":0,"ind":33,"ty":2,"nm":"QQ视频_73b17aee29467fa6b864990ced9138fb1595749751_00032.jpg","cl":"jpg","refId":"image_32","sr":1,"ks":{"o":{"a":0,"k":100,"ix":11},"r":{"a":0,"k":0,"ix":10},"p":{"a":0,"k":[281.5,500,0],"ix":2},"a":{"a":0,"k":[281.5,500,0],"ix":1},"s":{"a":0,"k":[100,100,100],"ix":6}},"ao":0,"ip":38.4,"op":39.6,"st":38.4,"bm":0},{"ddd":0,"ind":34,"ty":2,"nm":"QQ视频_73b17aee29467fa6b864990ced9138fb1595749751_00033.jpg","cl":"jpg","refId":"image_33","sr":1,"ks":{"o":{"a":0,"k":100,"ix":11},"r":{"a":0,"k":0,"ix":10},"p":{"a":0,"k":[281.5,500,0],"ix":2},"a":{"a":0,"k":[281.5,500,0],"ix":1},"s":{"a":0,"k":[100,100,100],"ix":6}},"ao":0,"ip":39.6,"op":40.8,"st":39.6,"bm":0},{"ddd":0,"ind":35,"ty":2,"nm":"QQ视频_73b17aee29467fa6b864990ced9138fb1595749751_00034.jpg","cl":"jpg","refId":"image_34","sr":1,"ks":{"o":{"a":0,"k":100,"ix":11},"r":{"a":0,"k":0,"ix":10},"p":{"a":0,"k":[281.5,500,0],"ix":2},"a":{"a":0,"k":[281.5,500,0],"ix":1},"s":{"a":0,"k":[100,100,100],"ix":6}},"ao":0,"ip":40.8,"op":42,"st":40.8,"bm":0},{"ddd":0,"ind":36,"ty":2,"nm":"QQ视频_73b17aee29467fa6b864990ced9138fb1595749751_00035.jpg","cl":"jpg","refId":"image_35","sr":1,"ks":{"o":{"a":0,"k":100,"ix":11},"r":{"a":0,"k":0,"ix":10},"p":{"a":0,"k":[281.5,500,0],"ix":2},"a":{"a":0,"k":[281.5,500,0],"ix":1},"s":{"a":0,"k":[100,100,100],"ix":6}},"ao":0,"ip":42,"op":43.2,"st":42,"bm":0},{"ddd":0,"ind":37,"ty":2,"nm":"QQ视频_73b17aee29467fa6b864990ced9138fb1595749751_00036.jpg","cl":"jpg","refId":"image_36","sr":1,"ks":{"o":{"a":0,"k":100,"ix":11},"r":{"a":0,"k":0,"ix":10},"p":{"a":0,"k":[281.5,500,0],"ix":2},"a":{"a":0,"k":[281.5,500,0],"ix":1},"s":{"a":0,"k":[100,100,100],"ix":6}},"ao":0,"ip":43.2,"op":44.4,"st":43.2,"bm":0},{"ddd":0,"ind":38,"ty":2,"nm":"QQ视频_73b17aee29467fa6b864990ced9138fb1595749751_00037.jpg","cl":"jpg","refId":"image_37","sr":1,"ks":{"o":{"a":0,"k":100,"ix":11},"r":{"a":0,"k":0,"ix":10},"p":{"a":0,"k":[281.5,500,0],"ix":2},"a":{"a":0,"k":[281.5,500,0],"ix":1},"s":{"a":0,"k":[100,100,100],"ix":6}},"ao":0,"ip":44.4,"op":45.6,"st":44.4,"bm":0},{"ddd":0,"ind":39,"ty":2,"nm":"QQ视频_73b17aee29467fa6b864990ced9138fb1595749751_00038.jpg","cl":"jpg","refId":"image_38","sr":1,"ks":{"o":{"a":0,"k":100,"ix":11},"r":{"a":0,"k":0,"ix":10},"p":{"a":0,"k":[281.5,500,0],"ix":2},"a":{"a":0,"k":[281.5,500,0],"ix":1},"s":{"a":0,"k":[100,100,100],"ix":6}},"ao":0,"ip":45.6,"op":46.8,"st":45.6,"bm":0},{"ddd":0,"ind":40,"ty":2,"nm":"QQ视频_73b17aee29467fa6b864990ced9138fb1595749751_00039.jpg","cl":"jpg","refId":"image_39","sr":1,"ks":{"o":{"a":0,"k":100,"ix":11},"r":{"a":0,"k":0,"ix":10},"p":{"a":0,"k":[281.5,500,0],"ix":2},"a":{"a":0,"k":[281.5,500,0],"ix":1},"s":{"a":0,"k":[100,100,100],"ix":6}},"ao":0,"ip":46.8,"op":48,"st":46.8,"bm":0},{"ddd":0,"ind":41,"ty":2,"nm":"QQ视频_73b17aee29467fa6b864990ced9138fb1595749751_00040.jpg","cl":"jpg","refId":"image_40","sr":1,"ks":{"o":{"a":0,"k":100,"ix":11},"r":{"a":0,"k":0,"ix":10},"p":{"a":0,"k":[281.5,500,0],"ix":2},"a":{"a":0,"k":[281.5,500,0],"ix":1},"s":{"a":0,"k":[100,100,100],"ix":6}},"ao":0,"ip":48,"op":49.2,"st":48,"bm":0},{"ddd":0,"ind":42,"ty":2,"nm":"QQ视频_73b17aee29467fa6b864990ced9138fb1595749751_00041.jpg","cl":"jpg","refId":"image_41","sr":1,"ks":{"o":{"a":0,"k":100,"ix":11},"r":{"a":0,"k":0,"ix":10},"p":{"a":0,"k":[281.5,500,0],"ix":2},"a":{"a":0,"k":[281.5,500,0],"ix":1},"s":{"a":0,"k":[100,100,100],"ix":6}},"ao":0,"ip":49.2,"op":50.4,"st":49.2,"bm":0},{"ddd":0,"ind":43,"ty":2,"nm":"QQ视频_73b17aee29467fa6b864990ced9138fb1595749751_00042.jpg","cl":"jpg","refId":"image_42","sr":1,"ks":{"o":{"a":0,"k":100,"ix":11},"r":{"a":0,"k":0,"ix":10},"p":{"a":0,"k":[281.5,500,0],"ix":2},"a":{"a":0,"k":[281.5,500,0],"ix":1},"s":{"a":0,"k":[100,100,100],"ix":6}},"ao":0,"ip":50.4,"op":51.6,"st":50.4,"bm":0},{"ddd":0,"ind":44,"ty":2,"nm":"QQ视频_73b17aee29467fa6b864990ced9138fb1595749751_00043.jpg","cl":"jpg","refId":"image_43","sr":1,"ks":{"o":{"a":0,"k":100,"ix":11},"r":{"a":0,"k":0,"ix":10},"p":{"a":0,"k":[281.5,500,0],"ix":2},"a":{"a":0,"k":[281.5,500,0],"ix":1},"s":{"a":0,"k":[100,100,100],"ix":6}},"ao":0,"ip":51.6,"op":52.8,"st":51.6,"bm":0},{"ddd":0,"ind":45,"ty":2,"nm":"QQ视频_73b17aee29467fa6b864990ced9138fb1595749751_00044.jpg","cl":"jpg","refId":"image_44","sr":1,"ks":{"o":{"a":0,"k":100,"ix":11},"r":{"a":0,"k":0,"ix":10},"p":{"a":0,"k":[281.5,500,0],"ix":2},"a":{"a":0,"k":[281.5,500,0],"ix":1},"s":{"a":0,"k":[100,100,100],"ix":6}},"ao":0,"ip":52.8,"op":54,"st":52.8,"bm":0},{"ddd":0,"ind":46,"ty":2,"nm":"QQ视频_73b17aee29467fa6b864990ced9138fb1595749751_00045.jpg","cl":"jpg","refId":"image_45","sr":1,"ks":{"o":{"a":0,"k":100,"ix":11},"r":{"a":0,"k":0,"ix":10},"p":{"a":0,"k":[281.5,500,0],"ix":2},"a":{"a":0,"k":[281.5,500,0],"ix":1},"s":{"a":0,"k":[100,100,100],"ix":6}},"ao":0,"ip":54,"op":55.2,"st":54,"bm":0},{"ddd":0,"ind":47,"ty":2,"nm":"QQ视频_73b17aee29467fa6b864990ced9138fb1595749751_00046.jpg","cl":"jpg","refId":"image_46","sr":1,"ks":{"o":{"a":0,"k":100,"ix":11},"r":{"a":0,"k":0,"ix":10},"p":{"a":0,"k":[281.5,500,0],"ix":2},"a":{"a":0,"k":[281.5,500,0],"ix":1},"s":{"a":0,"k":[100,100,100],"ix":6}},"ao":0,"ip":55.2,"op":56.4,"st":55.2,"bm":0},{"ddd":0,"ind":48,"ty":2,"nm":"QQ视频_73b17aee29467fa6b864990ced9138fb1595749751_00047.jpg","cl":"jpg","refId":"image_47","sr":1,"ks":{"o":{"a":0,"k":100,"ix":11},"r":{"a":0,"k":0,"ix":10},"p":{"a":0,"k":[281.5,500,0],"ix":2},"a":{"a":0,"k":[281.5,500,0],"ix":1},"s":{"a":0,"k":[100,100,100],"ix":6}},"ao":0,"ip":56.4,"op":57.6,"st":56.4,"bm":0},{"ddd":0,"ind":49,"ty":2,"nm":"QQ视频_73b17aee29467fa6b864990ced9138fb1595749751_00048.jpg","cl":"jpg","refId":"image_48","sr":1,"ks":{"o":{"a":0,"k":100,"ix":11},"r":{"a":0,"k":0,"ix":10},"p":{"a":0,"k":[281.5,500,0],"ix":2},"a":{"a":0,"k":[281.5,500,0],"ix":1},"s":{"a":0,"k":[100,100,100],"ix":6}},"ao":0,"ip":57.6,"op":58.8,"st":57.6,"bm":0},{"ddd":0,"ind":50,"ty":2,"nm":"QQ视频_73b17aee29467fa6b864990ced9138fb1595749751_00049.jpg","cl":"jpg","refId":"image_49","sr":1,"ks":{"o":{"a":0,"k":100,"ix":11},"r":{"a":0,"k":0,"ix":10},"p":{"a":0,"k":[281.5,500,0],"ix":2},"a":{"a":0,"k":[281.5,500,0],"ix":1},"s":{"a":0,"k":[100,100,100],"ix":6}},"ao":0,"ip":58.8,"op":60,"st":58.8,"bm":0},{"ddd":0,"ind":51,"ty":2,"nm":"QQ视频_73b17aee29467fa6b864990ced9138fb1595749751_00050.jpg","cl":"jpg","refId":"image_50","sr":1,"ks":{"o":{"a":0,"k":100,"ix":11},"r":{"a":0,"k":0,"ix":10},"p":{"a":0,"k":[281.5,500,0],"ix":2},"a":{"a":0,"k":[281.5,500,0],"ix":1},"s":{"a":0,"k":[100,100,100],"ix":6}},"ao":0,"ip":60,"op":61.2,"st":60,"bm":0},{"ddd":0,"ind":52,"ty":2,"nm":"QQ视频_73b17aee29467fa6b864990ced9138fb1595749751_00051.jpg","cl":"jpg","refId":"image_51","sr":1,"ks":{"o":{"a":0,"k":100,"ix":11},"r":{"a":0,"k":0,"ix":10},"p":{"a":0,"k":[281.5,500,0],"ix":2},"a":{"a":0,"k":[281.5,500,0],"ix":1},"s":{"a":0,"k":[100,100,100],"ix":6}},"ao":0,"ip":61.2,"op":62.4,"st":61.2,"bm":0},{"ddd":0,"ind":53,"ty":2,"nm":"QQ视频_73b17aee29467fa6b864990ced9138fb1595749751_00052.jpg","cl":"jpg","refId":"image_52","sr":1,"ks":{"o":{"a":0,"k":100,"ix":11},"r":{"a":0,"k":0,"ix":10},"p":{"a":0,"k":[281.5,500,0],"ix":2},"a":{"a":0,"k":[281.5,500,0],"ix":1},"s":{"a":0,"k":[100,100,100],"ix":6}},"ao":0,"ip":62.4,"op":63.6,"st":62.4,"bm":0},{"ddd":0,"ind":54,"ty":2,"nm":"QQ视频_73b17aee29467fa6b864990ced9138fb1595749751_00053.jpg","cl":"jpg","refId":"image_53","sr":1,"ks":{"o":{"a":0,"k":100,"ix":11},"r":{"a":0,"k":0,"ix":10},"p":{"a":0,"k":[281.5,500,0],"ix":2},"a":{"a":0,"k":[281.5,500,0],"ix":1},"s":{"a":0,"k":[100,100,100],"ix":6}},"ao":0,"ip":63.6,"op":64.8,"st":63.6,"bm":0},{"ddd":0,"ind":55,"ty":2,"nm":"QQ视频_73b17aee29467fa6b864990ced9138fb1595749751_00054.jpg","cl":"jpg","refId":"image_54","sr":1,"ks":{"o":{"a":0,"k":100,"ix":11},"r":{"a":0,"k":0,"ix":10},"p":{"a":0,"k":[281.5,500,0],"ix":2},"a":{"a":0,"k":[281.5,500,0],"ix":1},"s":{"a":0,"k":[100,100,100],"ix":6}},"ao":0,"ip":64.8,"op":66,"st":64.8,"bm":0},{"ddd":0,"ind":56,"ty":2,"nm":"QQ视频_73b17aee29467fa6b864990ced9138fb1595749751_00055.jpg","cl":"jpg","refId":"image_55","sr":1,"ks":{"o":{"a":0,"k":100,"ix":11},"r":{"a":0,"k":0,"ix":10},"p":{"a":0,"k":[281.5,500,0],"ix":2},"a":{"a":0,"k":[281.5,500,0],"ix":1},"s":{"a":0,"k":[100,100,100],"ix":6}},"ao":0,"ip":66,"op":67.2,"st":66,"bm":0},{"ddd":0,"ind":57,"ty":2,"nm":"QQ视频_73b17aee29467fa6b864990ced9138fb1595749751_00056.jpg","cl":"jpg","refId":"image_56","sr":1,"ks":{"o":{"a":0,"k":100,"ix":11},"r":{"a":0,"k":0,"ix":10},"p":{"a":0,"k":[281.5,500,0],"ix":2},"a":{"a":0,"k":[281.5,500,0],"ix":1},"s":{"a":0,"k":[100,100,100],"ix":6}},"ao":0,"ip":67.2,"op":68.4,"st":67.2,"bm":0},{"ddd":0,"ind":58,"ty":2,"nm":"QQ视频_73b17aee29467fa6b864990ced9138fb1595749751_00057.jpg","cl":"jpg","refId":"image_57","sr":1,"ks":{"o":{"a":0,"k":100,"ix":11},"r":{"a":0,"k":0,"ix":10},"p":{"a":0,"k":[281.5,500,0],"ix":2},"a":{"a":0,"k":[281.5,500,0],"ix":1},"s":{"a":0,"k":[100,100,100],"ix":6}},"ao":0,"ip":68.4,"op":69.6,"st":68.4,"bm":0},{"ddd":0,"ind":59,"ty":2,"nm":"QQ视频_73b17aee29467fa6b864990ced9138fb1595749751_00058.jpg","cl":"jpg","refId":"image_58","sr":1,"ks":{"o":{"a":0,"k":100,"ix":11},"r":{"a":0,"k":0,"ix":10},"p":{"a":0,"k":[281.5,500,0],"ix":2},"a":{"a":0,"k":[281.5,500,0],"ix":1},"s":{"a":0,"k":[100,100,100],"ix":6}},"ao":0,"ip":69.6,"op":70.8,"st":69.6,"bm":0},{"ddd":0,"ind":60,"ty":2,"nm":"QQ视频_73b17aee29467fa6b864990ced9138fb1595749751_00059.jpg","cl":"jpg","refId":"image_59","sr":1,"ks":{"o":{"a":0,"k":100,"ix":11},"r":{"a":0,"k":0,"ix":10},"p":{"a":0,"k":[281.5,500,0],"ix":2},"a":{"a":0,"k":[281.5,500,0],"ix":1},"s":{"a":0,"k":[100,100,100],"ix":6}},"ao":0,"ip":70.8,"op":72,"st":70.8,"bm":0},{"ddd":0,"ind":61,"ty":2,"nm":"QQ视频_73b17aee29467fa6b864990ced9138fb1595749751_00060.jpg","cl":"jpg","refId":"image_60","sr":1,"ks":{"o":{"a":0,"k":100,"ix":11},"r":{"a":0,"k":0,"ix":10},"p":{"a":0,"k":[281.5,500,0],"ix":2},"a":{"a":0,"k":[281.5,500,0],"ix":1},"s":{"a":0,"k":[100,100,100],"ix":6}},"ao":0,"ip":72,"op":73.2,"st":72,"bm":0},{"ddd":0,"ind":62,"ty":2,"nm":"QQ视频_73b17aee29467fa6b864990ced9138fb1595749751_00061.jpg","cl":"jpg","refId":"image_61","sr":1,"ks":{"o":{"a":0,"k":100,"ix":11},"r":{"a":0,"k":0,"ix":10},"p":{"a":0,"k":[281.5,500,0],"ix":2},"a":{"a":0,"k":[281.5,500,0],"ix":1},"s":{"a":0,"k":[100,100,100],"ix":6}},"ao":0,"ip":73.2,"op":74.4,"st":73.2,"bm":0},{"ddd":0,"ind":63,"ty":2,"nm":"QQ视频_73b17aee29467fa6b864990ced9138fb1595749751_00062.jpg","cl":"jpg","refId":"image_62","sr":1,"ks":{"o":{"a":0,"k":100,"ix":11},"r":{"a":0,"k":0,"ix":10},"p":{"a":0,"k":[281.5,500,0],"ix":2},"a":{"a":0,"k":[281.5,500,0],"ix":1},"s":{"a":0,"k":[100,100,100],"ix":6}},"ao":0,"ip":74.4,"op":75.6,"st":74.4,"bm":0},{"ddd":0,"ind":64,"ty":2,"nm":"QQ视频_73b17aee29467fa6b864990ced9138fb1595749751_00063.jpg","cl":"jpg","refId":"image_63","sr":1,"ks":{"o":{"a":0,"k":100,"ix":11},"r":{"a":0,"k":0,"ix":10},"p":{"a":0,"k":[281.5,500,0],"ix":2},"a":{"a":0,"k":[281.5,500,0],"ix":1},"s":{"a":0,"k":[100,100,100],"ix":6}},"ao":0,"ip":75.6,"op":76.8,"st":75.6,"bm":0},{"ddd":0,"ind":65,"ty":2,"nm":"QQ视频_73b17aee29467fa6b864990ced9138fb1595749751_00064.jpg","cl":"jpg","refId":"image_64","sr":1,"ks":{"o":{"a":0,"k":100,"ix":11},"r":{"a":0,"k":0,"ix":10},"p":{"a":0,"k":[281.5,500,0],"ix":2},"a":{"a":0,"k":[281.5,500,0],"ix":1},"s":{"a":0,"k":[100,100,100],"ix":6}},"ao":0,"ip":76.8,"op":78,"st":76.8,"bm":0},{"ddd":0,"ind":66,"ty":2,"nm":"QQ视频_73b17aee29467fa6b864990ced9138fb1595749751_00065.jpg","cl":"jpg","refId":"image_65","sr":1,"ks":{"o":{"a":0,"k":100,"ix":11},"r":{"a":0,"k":0,"ix":10},"p":{"a":0,"k":[281.5,500,0],"ix":2},"a":{"a":0,"k":[281.5,500,0],"ix":1},"s":{"a":0,"k":[100,100,100],"ix":6}},"ao":0,"ip":78,"op":79.2,"st":78,"bm":0},{"ddd":0,"ind":67,"ty":2,"nm":"QQ视频_73b17aee29467fa6b864990ced9138fb1595749751_00066.jpg","cl":"jpg","refId":"image_66","sr":1,"ks":{"o":{"a":0,"k":100,"ix":11},"r":{"a":0,"k":0,"ix":10},"p":{"a":0,"k":[281.5,500,0],"ix":2},"a":{"a":0,"k":[281.5,500,0],"ix":1},"s":{"a":0,"k":[100,100,100],"ix":6}},"ao":0,"ip":79.2,"op":80.4,"st":79.2,"bm":0},{"ddd":0,"ind":68,"ty":2,"nm":"QQ视频_73b17aee29467fa6b864990ced9138fb1595749751_00067.jpg","cl":"jpg","refId":"image_67","sr":1,"ks":{"o":{"a":0,"k":100,"ix":11},"r":{"a":0,"k":0,"ix":10},"p":{"a":0,"k":[281.5,500,0],"ix":2},"a":{"a":0,"k":[281.5,500,0],"ix":1},"s":{"a":0,"k":[100,100,100],"ix":6}},"ao":0,"ip":80.4,"op":81.6,"st":80.4,"bm":0},{"ddd":0,"ind":69,"ty":2,"nm":"QQ视频_73b17aee29467fa6b864990ced9138fb1595749751_00068.jpg","cl":"jpg","refId":"image_68","sr":1,"ks":{"o":{"a":0,"k":100,"ix":11},"r":{"a":0,"k":0,"ix":10},"p":{"a":0,"k":[281.5,500,0],"ix":2},"a":{"a":0,"k":[281.5,500,0],"ix":1},"s":{"a":0,"k":[100,100,100],"ix":6}},"ao":0,"ip":81.6,"op":82.8,"st":81.6,"bm":0},{"ddd":0,"ind":70,"ty":2,"nm":"QQ视频_73b17aee29467fa6b864990ced9138fb1595749751_00069.jpg","cl":"jpg","refId":"image_69","sr":1,"ks":{"o":{"a":0,"k":100,"ix":11},"r":{"a":0,"k":0,"ix":10},"p":{"a":0,"k":[281.5,500,0],"ix":2},"a":{"a":0,"k":[281.5,500,0],"ix":1},"s":{"a":0,"k":[100,100,100],"ix":6}},"ao":0,"ip":82.8,"op":84,"st":82.8,"bm":0},{"ddd":0,"ind":71,"ty":2,"nm":"QQ视频_73b17aee29467fa6b864990ced9138fb1595749751_00070.jpg","cl":"jpg","refId":"image_70","sr":1,"ks":{"o":{"a":0,"k":100,"ix":11},"r":{"a":0,"k":0,"ix":10},"p":{"a":0,"k":[281.5,500,0],"ix":2},"a":{"a":0,"k":[281.5,500,0],"ix":1},"s":{"a":0,"k":[100,100,100],"ix":6}},"ao":0,"ip":84,"op":85.2,"st":84,"bm":0},{"ddd":0,"ind":72,"ty":2,"nm":"QQ视频_73b17aee29467fa6b864990ced9138fb1595749751_00071.jpg","cl":"jpg","refId":"image_71","sr":1,"ks":{"o":{"a":0,"k":100,"ix":11},"r":{"a":0,"k":0,"ix":10},"p":{"a":0,"k":[281.5,500,0],"ix":2},"a":{"a":0,"k":[281.5,500,0],"ix":1},"s":{"a":0,"k":[100,100,100],"ix":6}},"ao":0,"ip":85.2,"op":86.4,"st":85.2,"bm":0},{"ddd":0,"ind":73,"ty":2,"nm":"QQ视频_73b17aee29467fa6b864990ced9138fb1595749751_00072.jpg","cl":"jpg","refId":"image_72","sr":1,"ks":{"o":{"a":0,"k":100,"ix":11},"r":{"a":0,"k":0,"ix":10},"p":{"a":0,"k":[281.5,500,0],"ix":2},"a":{"a":0,"k":[281.5,500,0],"ix":1},"s":{"a":0,"k":[100,100,100],"ix":6}},"ao":0,"ip":86.4,"op":87.6,"st":86.4,"bm":0},{"ddd":0,"ind":74,"ty":2,"nm":"QQ视频_73b17aee29467fa6b864990ced9138fb1595749751_00073.jpg","cl":"jpg","refId":"image_73","sr":1,"ks":{"o":{"a":0,"k":100,"ix":11},"r":{"a":0,"k":0,"ix":10},"p":{"a":0,"k":[281.5,500,0],"ix":2},"a":{"a":0,"k":[281.5,500,0],"ix":1},"s":{"a":0,"k":[100,100,100],"ix":6}},"ao":0,"ip":87.6,"op":88.8,"st":87.6,"bm":0},{"ddd":0,"ind":75,"ty":2,"nm":"QQ视频_73b17aee29467fa6b864990ced9138fb1595749751_00074.jpg","cl":"jpg","refId":"image_74","sr":1,"ks":{"o":{"a":0,"k":100,"ix":11},"r":{"a":0,"k":0,"ix":10},"p":{"a":0,"k":[281.5,500,0],"ix":2},"a":{"a":0,"k":[281.5,500,0],"ix":1},"s":{"a":0,"k":[100,100,100],"ix":6}},"ao":0,"ip":88.8,"op":90,"st":88.8,"bm":0},{"ddd":0,"ind":76,"ty":2,"nm":"QQ视频_73b17aee29467fa6b864990ced9138fb1595749751_00075.jpg","cl":"jpg","refId":"image_75","sr":1,"ks":{"o":{"a":0,"k":100,"ix":11},"r":{"a":0,"k":0,"ix":10},"p":{"a":0,"k":[281.5,500,0],"ix":2},"a":{"a":0,"k":[281.5,500,0],"ix":1},"s":{"a":0,"k":[100,100,100],"ix":6}},"ao":0,"ip":90,"op":91.2,"st":90,"bm":0},{"ddd":0,"ind":77,"ty":2,"nm":"QQ视频_73b17aee29467fa6b864990ced9138fb1595749751_00076.jpg","cl":"jpg","refId":"image_76","sr":1,"ks":{"o":{"a":0,"k":100,"ix":11},"r":{"a":0,"k":0,"ix":10},"p":{"a":0,"k":[281.5,500,0],"ix":2},"a":{"a":0,"k":[281.5,500,0],"ix":1},"s":{"a":0,"k":[100,100,100],"ix":6}},"ao":0,"ip":91.2,"op":92.4,"st":91.2,"bm":0},{"ddd":0,"ind":78,"ty":2,"nm":"QQ视频_73b17aee29467fa6b864990ced9138fb1595749751_00077.jpg","cl":"jpg","refId":"image_77","sr":1,"ks":{"o":{"a":0,"k":100,"ix":11},"r":{"a":0,"k":0,"ix":10},"p":{"a":0,"k":[281.5,500,0],"ix":2},"a":{"a":0,"k":[281.5,500,0],"ix":1},"s":{"a":0,"k":[100,100,100],"ix":6}},"ao":0,"ip":92.4,"op":93.6,"st":92.4,"bm":0},{"ddd":0,"ind":79,"ty":2,"nm":"QQ视频_73b17aee29467fa6b864990ced9138fb1595749751_00078.jpg","cl":"jpg","refId":"image_78","sr":1,"ks":{"o":{"a":0,"k":100,"ix":11},"r":{"a":0,"k":0,"ix":10},"p":{"a":0,"k":[281.5,500,0],"ix":2},"a":{"a":0,"k":[281.5,500,0],"ix":1},"s":{"a":0,"k":[100,100,100],"ix":6}},"ao":0,"ip":93.6,"op":94.8,"st":93.6,"bm":0},{"ddd":0,"ind":80,"ty":2,"nm":"QQ视频_73b17aee29467fa6b864990ced9138fb1595749751_00079.jpg","cl":"jpg","refId":"image_79","sr":1,"ks":{"o":{"a":0,"k":100,"ix":11},"r":{"a":0,"k":0,"ix":10},"p":{"a":0,"k":[281.5,500,0],"ix":2},"a":{"a":0,"k":[281.5,500,0],"ix":1},"s":{"a":0,"k":[100,100,100],"ix":6}},"ao":0,"ip":94.8,"op":96,"st":94.8,"bm":0},{"ddd":0,"ind":81,"ty":2,"nm":"QQ视频_73b17aee29467fa6b864990ced9138fb1595749751_00080.jpg","cl":"jpg","refId":"image_80","sr":1,"ks":{"o":{"a":0,"k":100,"ix":11},"r":{"a":0,"k":0,"ix":10},"p":{"a":0,"k":[281.5,500,0],"ix":2},"a":{"a":0,"k":[281.5,500,0],"ix":1},"s":{"a":0,"k":[100,100,100],"ix":6}},"ao":0,"ip":96,"op":97.2,"st":96,"bm":0},{"ddd":0,"ind":82,"ty":2,"nm":"QQ视频_73b17aee29467fa6b864990ced9138fb1595749751_00081.jpg","cl":"jpg","refId":"image_81","sr":1,"ks":{"o":{"a":0,"k":100,"ix":11},"r":{"a":0,"k":0,"ix":10},"p":{"a":0,"k":[281.5,500,0],"ix":2},"a":{"a":0,"k":[281.5,500,0],"ix":1},"s":{"a":0,"k":[100,100,100],"ix":6}},"ao":0,"ip":97.2,"op":98.4,"st":97.2,"bm":0},{"ddd":0,"ind":83,"ty":2,"nm":"QQ视频_73b17aee29467fa6b864990ced9138fb1595749751_00082.jpg","cl":"jpg","refId":"image_82","sr":1,"ks":{"o":{"a":0,"k":100,"ix":11},"r":{"a":0,"k":0,"ix":10},"p":{"a":0,"k":[281.5,500,0],"ix":2},"a":{"a":0,"k":[281.5,500,0],"ix":1},"s":{"a":0,"k":[100,100,100],"ix":6}},"ao":0,"ip":98.4,"op":99.6,"st":98.4,"bm":0},{"ddd":0,"ind":84,"ty":2,"nm":"QQ视频_73b17aee29467fa6b864990ced9138fb1595749751_00083.jpg","cl":"jpg","refId":"image_83","sr":1,"ks":{"o":{"a":0,"k":100,"ix":11},"r":{"a":0,"k":0,"ix":10},"p":{"a":0,"k":[281.5,500,0],"ix":2},"a":{"a":0,"k":[281.5,500,0],"ix":1},"s":{"a":0,"k":[100,100,100],"ix":6}},"ao":0,"ip":99.6,"op":100.8,"st":99.6,"bm":0},{"ddd":0,"ind":85,"ty":2,"nm":"QQ视频_73b17aee29467fa6b864990ced9138fb1595749751_00084.jpg","cl":"jpg","refId":"image_84","sr":1,"ks":{"o":{"a":0,"k":100,"ix":11},"r":{"a":0,"k":0,"ix":10},"p":{"a":0,"k":[281.5,500,0],"ix":2},"a":{"a":0,"k":[281.5,500,0],"ix":1},"s":{"a":0,"k":[100,100,100],"ix":6}},"ao":0,"ip":100.8,"op":102,"st":100.8,"bm":0},{"ddd":0,"ind":86,"ty":2,"nm":"QQ视频_73b17aee29467fa6b864990ced9138fb1595749751_00085.jpg","cl":"jpg","refId":"image_85","sr":1,"ks":{"o":{"a":0,"k":100,"ix":11},"r":{"a":0,"k":0,"ix":10},"p":{"a":0,"k":[281.5,500,0],"ix":2},"a":{"a":0,"k":[281.5,500,0],"ix":1},"s":{"a":0,"k":[100,100,100],"ix":6}},"ao":0,"ip":102,"op":103.2,"st":102,"bm":0},{"ddd":0,"ind":87,"ty":2,"nm":"QQ视频_73b17aee29467fa6b864990ced9138fb1595749751_00086.jpg","cl":"jpg","refId":"image_86","sr":1,"ks":{"o":{"a":0,"k":100,"ix":11},"r":{"a":0,"k":0,"ix":10},"p":{"a":0,"k":[281.5,500,0],"ix":2},"a":{"a":0,"k":[281.5,500,0],"ix":1},"s":{"a":0,"k":[100,100,100],"ix":6}},"ao":0,"ip":103.2,"op":104.4,"st":103.2,"bm":0},{"ddd":0,"ind":88,"ty":2,"nm":"QQ视频_73b17aee29467fa6b864990ced9138fb1595749751_00087.jpg","cl":"jpg","refId":"image_87","sr":1,"ks":{"o":{"a":0,"k":100,"ix":11},"r":{"a":0,"k":0,"ix":10},"p":{"a":0,"k":[281.5,500,0],"ix":2},"a":{"a":0,"k":[281.5,500,0],"ix":1},"s":{"a":0,"k":[100,100,100],"ix":6}},"ao":0,"ip":104.4,"op":105.6,"st":104.4,"bm":0},{"ddd":0,"ind":89,"ty":2,"nm":"QQ视频_73b17aee29467fa6b864990ced9138fb1595749751_00088.jpg","cl":"jpg","refId":"image_88","sr":1,"ks":{"o":{"a":0,"k":100,"ix":11},"r":{"a":0,"k":0,"ix":10},"p":{"a":0,"k":[281.5,500,0],"ix":2},"a":{"a":0,"k":[281.5,500,0],"ix":1},"s":{"a":0,"k":[100,100,100],"ix":6}},"ao":0,"ip":105.6,"op":106.8,"st":105.6,"bm":0},{"ddd":0,"ind":90,"ty":2,"nm":"QQ视频_73b17aee29467fa6b864990ced9138fb1595749751_00089.jpg","cl":"jpg","refId":"image_89","sr":1,"ks":{"o":{"a":0,"k":100,"ix":11},"r":{"a":0,"k":0,"ix":10},"p":{"a":0,"k":[281.5,500,0],"ix":2},"a":{"a":0,"k":[281.5,500,0],"ix":1},"s":{"a":0,"k":[100,100,100],"ix":6}},"ao":0,"ip":106.8,"op":108,"st":106.8,"bm":0},{"ddd":0,"ind":91,"ty":2,"nm":"QQ视频_73b17aee29467fa6b864990ced9138fb1595749751_00090.jpg","cl":"jpg","refId":"image_90","sr":1,"ks":{"o":{"a":0,"k":100,"ix":11},"r":{"a":0,"k":0,"ix":10},"p":{"a":0,"k":[281.5,500,0],"ix":2},"a":{"a":0,"k":[281.5,500,0],"ix":1},"s":{"a":0,"k":[100,100,100],"ix":6}},"ao":0,"ip":108,"op":109.2,"st":108,"bm":0},{"ddd":0,"ind":92,"ty":2,"nm":"QQ视频_73b17aee29467fa6b864990ced9138fb1595749751_00091.jpg","cl":"jpg","refId":"image_91","sr":1,"ks":{"o":{"a":0,"k":100,"ix":11},"r":{"a":0,"k":0,"ix":10},"p":{"a":0,"k":[281.5,500,0],"ix":2},"a":{"a":0,"k":[281.5,500,0],"ix":1},"s":{"a":0,"k":[100,100,100],"ix":6}},"ao":0,"ip":109.2,"op":110.4,"st":109.2,"bm":0},{"ddd":0,"ind":93,"ty":2,"nm":"QQ视频_73b17aee29467fa6b864990ced9138fb1595749751_00092.jpg","cl":"jpg","refId":"image_92","sr":1,"ks":{"o":{"a":0,"k":100,"ix":11},"r":{"a":0,"k":0,"ix":10},"p":{"a":0,"k":[281.5,500,0],"ix":2},"a":{"a":0,"k":[281.5,500,0],"ix":1},"s":{"a":0,"k":[100,100,100],"ix":6}},"ao":0,"ip":110.4,"op":111.6,"st":110.4,"bm":0},{"ddd":0,"ind":94,"ty":2,"nm":"QQ视频_73b17aee29467fa6b864990ced9138fb1595749751_00093.jpg","cl":"jpg","refId":"image_93","sr":1,"ks":{"o":{"a":0,"k":100,"ix":11},"r":{"a":0,"k":0,"ix":10},"p":{"a":0,"k":[281.5,500,0],"ix":2},"a":{"a":0,"k":[281.5,500,0],"ix":1},"s":{"a":0,"k":[100,100,100],"ix":6}},"ao":0,"ip":111.6,"op":112.8,"st":111.6,"bm":0},{"ddd":0,"ind":95,"ty":2,"nm":"QQ视频_73b17aee29467fa6b864990ced9138fb1595749751_00094.jpg","cl":"jpg","refId":"image_94","sr":1,"ks":{"o":{"a":0,"k":100,"ix":11},"r":{"a":0,"k":0,"ix":10},"p":{"a":0,"k":[281.5,500,0],"ix":2},"a":{"a":0,"k":[281.5,500,0],"ix":1},"s":{"a":0,"k":[100,100,100],"ix":6}},"ao":0,"ip":112.8,"op":114,"st":112.8,"bm":0},{"ddd":0,"ind":96,"ty":2,"nm":"QQ视频_73b17aee29467fa6b864990ced9138fb1595749751_00095.jpg","cl":"jpg","refId":"image_95","sr":1,"ks":{"o":{"a":0,"k":100,"ix":11},"r":{"a":0,"k":0,"ix":10},"p":{"a":0,"k":[281.5,500,0],"ix":2},"a":{"a":0,"k":[281.5,500,0],"ix":1},"s":{"a":0,"k":[100,100,100],"ix":6}},"ao":0,"ip":114,"op":115.2,"st":114,"bm":0},{"ddd":0,"ind":97,"ty":2,"nm":"QQ视频_73b17aee29467fa6b864990ced9138fb1595749751_00096.jpg","cl":"jpg","refId":"image_96","sr":1,"ks":{"o":{"a":0,"k":100,"ix":11},"r":{"a":0,"k":0,"ix":10},"p":{"a":0,"k":[281.5,500,0],"ix":2},"a":{"a":0,"k":[281.5,500,0],"ix":1},"s":{"a":0,"k":[100,100,100],"ix":6}},"ao":0,"ip":115.2,"op":116.4,"st":115.2,"bm":0},{"ddd":0,"ind":98,"ty":2,"nm":"QQ视频_73b17aee29467fa6b864990ced9138fb1595749751_00097.jpg","cl":"jpg","refId":"image_97","sr":1,"ks":{"o":{"a":0,"k":100,"ix":11},"r":{"a":0,"k":0,"ix":10},"p":{"a":0,"k":[281.5,500,0],"ix":2},"a":{"a":0,"k":[281.5,500,0],"ix":1},"s":{"a":0,"k":[100,100,100],"ix":6}},"ao":0,"ip":116.4,"op":117.6,"st":116.4,"bm":0},{"ddd":0,"ind":99,"ty":2,"nm":"QQ视频_73b17aee29467fa6b864990ced9138fb1595749751_00098.jpg","cl":"jpg","refId":"image_98","sr":1,"ks":{"o":{"a":0,"k":100,"ix":11},"r":{"a":0,"k":0,"ix":10},"p":{"a":0,"k":[281.5,500,0],"ix":2},"a":{"a":0,"k":[281.5,500,0],"ix":1},"s":{"a":0,"k":[100,100,100],"ix":6}},"ao":0,"ip":117.6,"op":118.8,"st":117.6,"bm":0},{"ddd":0,"ind":100,"ty":2,"nm":"QQ视频_73b17aee29467fa6b864990ced9138fb1595749751_00099.jpg","cl":"jpg","refId":"image_99","sr":1,"ks":{"o":{"a":0,"k":100,"ix":11},"r":{"a":0,"k":0,"ix":10},"p":{"a":0,"k":[281.5,500,0],"ix":2},"a":{"a":0,"k":[281.5,500,0],"ix":1},"s":{"a":0,"k":[100,100,100],"ix":6}},"ao":0,"ip":118.8,"op":120,"st":118.8,"bm":0},{"ddd":0,"ind":101,"ty":2,"nm":"QQ视频_73b17aee29467fa6b864990ced9138fb1595749751_00100.jpg","cl":"jpg","refId":"image_100","sr":1,"ks":{"o":{"a":0,"k":100,"ix":11},"r":{"a":0,"k":0,"ix":10},"p":{"a":0,"k":[281.5,500,0],"ix":2},"a":{"a":0,"k":[281.5,500,0],"ix":1},"s":{"a":0,"k":[100,100,100],"ix":6}},"ao":0,"ip":120,"op":121.2,"st":120,"bm":0},{"ddd":0,"ind":102,"ty":2,"nm":"QQ视频_73b17aee29467fa6b864990ced9138fb1595749751_00101.jpg","cl":"jpg","refId":"image_101","sr":1,"ks":{"o":{"a":0,"k":100,"ix":11},"r":{"a":0,"k":0,"ix":10},"p":{"a":0,"k":[281.5,500,0],"ix":2},"a":{"a":0,"k":[281.5,500,0],"ix":1},"s":{"a":0,"k":[100,100,100],"ix":6}},"ao":0,"ip":121.2,"op":122.4,"st":121.2,"bm":0},{"ddd":0,"ind":103,"ty":2,"nm":"QQ视频_73b17aee29467fa6b864990ced9138fb1595749751_00102.jpg","cl":"jpg","refId":"image_102","sr":1,"ks":{"o":{"a":0,"k":100,"ix":11},"r":{"a":0,"k":0,"ix":10},"p":{"a":0,"k":[281.5,500,0],"ix":2},"a":{"a":0,"k":[281.5,500,0],"ix":1},"s":{"a":0,"k":[100,100,100],"ix":6}},"ao":0,"ip":122.4,"op":123.6,"st":122.4,"bm":0},{"ddd":0,"ind":104,"ty":2,"nm":"QQ视频_73b17aee29467fa6b864990ced9138fb1595749751_00103.jpg","cl":"jpg","refId":"image_103","sr":1,"ks":{"o":{"a":0,"k":100,"ix":11},"r":{"a":0,"k":0,"ix":10},"p":{"a":0,"k":[281.5,500,0],"ix":2},"a":{"a":0,"k":[281.5,500,0],"ix":1},"s":{"a":0,"k":[100,100,100],"ix":6}},"ao":0,"ip":123.6,"op":124.8,"st":123.6,"bm":0},{"ddd":0,"ind":105,"ty":2,"nm":"QQ视频_73b17aee29467fa6b864990ced9138fb1595749751_00104.jpg","cl":"jpg","refId":"image_104","sr":1,"ks":{"o":{"a":0,"k":100,"ix":11},"r":{"a":0,"k":0,"ix":10},"p":{"a":0,"k":[281.5,500,0],"ix":2},"a":{"a":0,"k":[281.5,500,0],"ix":1},"s":{"a":0,"k":[100,100,100],"ix":6}},"ao":0,"ip":124.8,"op":126,"st":124.8,"bm":0},{"ddd":0,"ind":106,"ty":2,"nm":"QQ视频_73b17aee29467fa6b864990ced9138fb1595749751_00105.jpg","cl":"jpg","refId":"image_105","sr":1,"ks":{"o":{"a":0,"k":100,"ix":11},"r":{"a":0,"k":0,"ix":10},"p":{"a":0,"k":[281.5,500,0],"ix":2},"a":{"a":0,"k":[281.5,500,0],"ix":1},"s":{"a":0,"k":[100,100,100],"ix":6}},"ao":0,"ip":126,"op":127.2,"st":126,"bm":0},{"ddd":0,"ind":107,"ty":2,"nm":"QQ视频_73b17aee29467fa6b864990ced9138fb1595749751_00106.jpg","cl":"jpg","refId":"image_106","sr":1,"ks":{"o":{"a":0,"k":100,"ix":11},"r":{"a":0,"k":0,"ix":10},"p":{"a":0,"k":[281.5,500,0],"ix":2},"a":{"a":0,"k":[281.5,500,0],"ix":1},"s":{"a":0,"k":[100,100,100],"ix":6}},"ao":0,"ip":127.2,"op":128.4,"st":127.2,"bm":0},{"ddd":0,"ind":108,"ty":2,"nm":"QQ视频_73b17aee29467fa6b864990ced9138fb1595749751_00107.jpg","cl":"jpg","refId":"image_107","sr":1,"ks":{"o":{"a":0,"k":100,"ix":11},"r":{"a":0,"k":0,"ix":10},"p":{"a":0,"k":[281.5,500,0],"ix":2},"a":{"a":0,"k":[281.5,500,0],"ix":1},"s":{"a":0,"k":[100,100,100],"ix":6}},"ao":0,"ip":128.4,"op":129.6,"st":128.4,"bm":0},{"ddd":0,"ind":109,"ty":2,"nm":"QQ视频_73b17aee29467fa6b864990ced9138fb1595749751_00108.jpg","cl":"jpg","refId":"image_108","sr":1,"ks":{"o":{"a":0,"k":100,"ix":11},"r":{"a":0,"k":0,"ix":10},"p":{"a":0,"k":[281.5,500,0],"ix":2},"a":{"a":0,"k":[281.5,500,0],"ix":1},"s":{"a":0,"k":[100,100,100],"ix":6}},"ao":0,"ip":129.6,"op":130.8,"st":129.6,"bm":0},{"ddd":0,"ind":110,"ty":2,"nm":"QQ视频_73b17aee29467fa6b864990ced9138fb1595749751_00109.jpg","cl":"jpg","refId":"image_109","sr":1,"ks":{"o":{"a":0,"k":100,"ix":11},"r":{"a":0,"k":0,"ix":10},"p":{"a":0,"k":[281.5,500,0],"ix":2},"a":{"a":0,"k":[281.5,500,0],"ix":1},"s":{"a":0,"k":[100,100,100],"ix":6}},"ao":0,"ip":130.8,"op":132,"st":130.8,"bm":0},{"ddd":0,"ind":111,"ty":2,"nm":"QQ视频_73b17aee29467fa6b864990ced9138fb1595749751_00110.jpg","cl":"jpg","refId":"image_110","sr":1,"ks":{"o":{"a":0,"k":100,"ix":11},"r":{"a":0,"k":0,"ix":10},"p":{"a":0,"k":[281.5,500,0],"ix":2},"a":{"a":0,"k":[281.5,500,0],"ix":1},"s":{"a":0,"k":[100,100,100],"ix":6}},"ao":0,"ip":132,"op":133.2,"st":132,"bm":0},{"ddd":0,"ind":112,"ty":2,"nm":"QQ视频_73b17aee29467fa6b864990ced9138fb1595749751_00111.jpg","cl":"jpg","refId":"image_111","sr":1,"ks":{"o":{"a":0,"k":100,"ix":11},"r":{"a":0,"k":0,"ix":10},"p":{"a":0,"k":[281.5,500,0],"ix":2},"a":{"a":0,"k":[281.5,500,0],"ix":1},"s":{"a":0,"k":[100,100,100],"ix":6}},"ao":0,"ip":133.2,"op":134.4,"st":133.2,"bm":0},{"ddd":0,"ind":113,"ty":2,"nm":"QQ视频_73b17aee29467fa6b864990ced9138fb1595749751_00112.jpg","cl":"jpg","refId":"image_112","sr":1,"ks":{"o":{"a":0,"k":100,"ix":11},"r":{"a":0,"k":0,"ix":10},"p":{"a":0,"k":[281.5,500,0],"ix":2},"a":{"a":0,"k":[281.5,500,0],"ix":1},"s":{"a":0,"k":[100,100,100],"ix":6}},"ao":0,"ip":134.4,"op":135.6,"st":134.4,"bm":0},{"ddd":0,"ind":114,"ty":2,"nm":"QQ视频_73b17aee29467fa6b864990ced9138fb1595749751_00113.jpg","cl":"jpg","refId":"image_113","sr":1,"ks":{"o":{"a":0,"k":100,"ix":11},"r":{"a":0,"k":0,"ix":10},"p":{"a":0,"k":[281.5,500,0],"ix":2},"a":{"a":0,"k":[281.5,500,0],"ix":1},"s":{"a":0,"k":[100,100,100],"ix":6}},"ao":0,"ip":135.6,"op":136.8,"st":135.6,"bm":0},{"ddd":0,"ind":115,"ty":2,"nm":"QQ视频_73b17aee29467fa6b864990ced9138fb1595749751_00114.jpg","cl":"jpg","refId":"image_114","sr":1,"ks":{"o":{"a":0,"k":100,"ix":11},"r":{"a":0,"k":0,"ix":10},"p":{"a":0,"k":[281.5,500,0],"ix":2},"a":{"a":0,"k":[281.5,500,0],"ix":1},"s":{"a":0,"k":[100,100,100],"ix":6}},"ao":0,"ip":136.8,"op":138,"st":136.8,"bm":0},{"ddd":0,"ind":116,"ty":2,"nm":"QQ视频_73b17aee29467fa6b864990ced9138fb1595749751_00115.jpg","cl":"jpg","refId":"image_115","sr":1,"ks":{"o":{"a":0,"k":100,"ix":11},"r":{"a":0,"k":0,"ix":10},"p":{"a":0,"k":[281.5,500,0],"ix":2},"a":{"a":0,"k":[281.5,500,0],"ix":1},"s":{"a":0,"k":[100,100,100],"ix":6}},"ao":0,"ip":138,"op":139.2,"st":138,"bm":0},{"ddd":0,"ind":117,"ty":2,"nm":"QQ视频_73b17aee29467fa6b864990ced9138fb1595749751_00116.jpg","cl":"jpg","refId":"image_116","sr":1,"ks":{"o":{"a":0,"k":100,"ix":11},"r":{"a":0,"k":0,"ix":10},"p":{"a":0,"k":[281.5,500,0],"ix":2},"a":{"a":0,"k":[281.5,500,0],"ix":1},"s":{"a":0,"k":[100,100,100],"ix":6}},"ao":0,"ip":139.2,"op":140.4,"st":139.2,"bm":0},{"ddd":0,"ind":118,"ty":2,"nm":"QQ视频_73b17aee29467fa6b864990ced9138fb1595749751_00117.jpg","cl":"jpg","refId":"image_117","sr":1,"ks":{"o":{"a":0,"k":100,"ix":11},"r":{"a":0,"k":0,"ix":10},"p":{"a":0,"k":[281.5,500,0],"ix":2},"a":{"a":0,"k":[281.5,500,0],"ix":1},"s":{"a":0,"k":[100,100,100],"ix":6}},"ao":0,"ip":140.4,"op":141.6,"st":140.4,"bm":0},{"ddd":0,"ind":119,"ty":2,"nm":"QQ视频_73b17aee29467fa6b864990ced9138fb1595749751_00118.jpg","cl":"jpg","refId":"image_118","sr":1,"ks":{"o":{"a":0,"k":100,"ix":11},"r":{"a":0,"k":0,"ix":10},"p":{"a":0,"k":[281.5,500,0],"ix":2},"a":{"a":0,"k":[281.5,500,0],"ix":1},"s":{"a":0,"k":[100,100,100],"ix":6}},"ao":0,"ip":141.6,"op":142.8,"st":141.6,"bm":0},{"ddd":0,"ind":120,"ty":2,"nm":"QQ视频_73b17aee29467fa6b864990ced9138fb1595749751_00119.jpg","cl":"jpg","refId":"image_119","sr":1,"ks":{"o":{"a":0,"k":100,"ix":11},"r":{"a":0,"k":0,"ix":10},"p":{"a":0,"k":[281.5,500,0],"ix":2},"a":{"a":0,"k":[281.5,500,0],"ix":1},"s":{"a":0,"k":[100,100,100],"ix":6}},"ao":0,"ip":142.8,"op":144,"st":142.8,"bm":0},{"ddd":0,"ind":121,"ty":2,"nm":"QQ视频_73b17aee29467fa6b864990ced9138fb1595749751_00120.jpg","cl":"jpg","refId":"image_120","sr":1,"ks":{"o":{"a":0,"k":100,"ix":11},"r":{"a":0,"k":0,"ix":10},"p":{"a":0,"k":[281.5,500,0],"ix":2},"a":{"a":0,"k":[281.5,500,0],"ix":1},"s":{"a":0,"k":[100,100,100],"ix":6}},"ao":0,"ip":144,"op":145.2,"st":144,"bm":0},{"ddd":0,"ind":122,"ty":2,"nm":"QQ视频_73b17aee29467fa6b864990ced9138fb1595749751_00121.jpg","cl":"jpg","refId":"image_121","sr":1,"ks":{"o":{"a":0,"k":100,"ix":11},"r":{"a":0,"k":0,"ix":10},"p":{"a":0,"k":[281.5,500,0],"ix":2},"a":{"a":0,"k":[281.5,500,0],"ix":1},"s":{"a":0,"k":[100,100,100],"ix":6}},"ao":0,"ip":145.2,"op":146.4,"st":145.2,"bm":0},{"ddd":0,"ind":123,"ty":2,"nm":"QQ视频_73b17aee29467fa6b864990ced9138fb1595749751_00122.jpg","cl":"jpg","refId":"image_122","sr":1,"ks":{"o":{"a":0,"k":100,"ix":11},"r":{"a":0,"k":0,"ix":10},"p":{"a":0,"k":[281.5,500,0],"ix":2},"a":{"a":0,"k":[281.5,500,0],"ix":1},"s":{"a":0,"k":[100,100,100],"ix":6}},"ao":0,"ip":146.4,"op":147.6,"st":146.4,"bm":0},{"ddd":0,"ind":124,"ty":2,"nm":"QQ视频_73b17aee29467fa6b864990ced9138fb1595749751_00123.jpg","cl":"jpg","refId":"image_123","sr":1,"ks":{"o":{"a":0,"k":100,"ix":11},"r":{"a":0,"k":0,"ix":10},"p":{"a":0,"k":[281.5,500,0],"ix":2},"a":{"a":0,"k":[281.5,500,0],"ix":1},"s":{"a":0,"k":[100,100,100],"ix":6}},"ao":0,"ip":147.6,"op":148.8,"st":147.6,"bm":0},{"ddd":0,"ind":125,"ty":2,"nm":"QQ视频_73b17aee29467fa6b864990ced9138fb1595749751_00124.jpg","cl":"jpg","refId":"image_124","sr":1,"ks":{"o":{"a":0,"k":100,"ix":11},"r":{"a":0,"k":0,"ix":10},"p":{"a":0,"k":[281.5,500,0],"ix":2},"a":{"a":0,"k":[281.5,500,0],"ix":1},"s":{"a":0,"k":[100,100,100],"ix":6}},"ao":0,"ip":148.8,"op":150,"st":148.8,"bm":0},{"ddd":0,"ind":126,"ty":2,"nm":"QQ视频_73b17aee29467fa6b864990ced9138fb1595749751_00125.jpg","cl":"jpg","refId":"image_125","sr":1,"ks":{"o":{"a":0,"k":100,"ix":11},"r":{"a":0,"k":0,"ix":10},"p":{"a":0,"k":[281.5,500,0],"ix":2},"a":{"a":0,"k":[281.5,500,0],"ix":1},"s":{"a":0,"k":[100,100,100],"ix":6}},"ao":0,"ip":150,"op":151.2,"st":150,"bm":0},{"ddd":0,"ind":127,"ty":2,"nm":"QQ视频_73b17aee29467fa6b864990ced9138fb1595749751_00126.jpg","cl":"jpg","refId":"image_126","sr":1,"ks":{"o":{"a":0,"k":100,"ix":11},"r":{"a":0,"k":0,"ix":10},"p":{"a":0,"k":[281.5,500,0],"ix":2},"a":{"a":0,"k":[281.5,500,0],"ix":1},"s":{"a":0,"k":[100,100,100],"ix":6}},"ao":0,"ip":151.2,"op":152.4,"st":151.2,"bm":0},{"ddd":0,"ind":128,"ty":2,"nm":"QQ视频_73b17aee29467fa6b864990ced9138fb1595749751_00127.jpg","cl":"jpg","refId":"image_127","sr":1,"ks":{"o":{"a":0,"k":100,"ix":11},"r":{"a":0,"k":0,"ix":10},"p":{"a":0,"k":[281.5,500,0],"ix":2},"a":{"a":0,"k":[281.5,500,0],"ix":1},"s":{"a":0,"k":[100,100,100],"ix":6}},"ao":0,"ip":152.4,"op":153.6,"st":152.4,"bm":0},{"ddd":0,"ind":129,"ty":2,"nm":"QQ视频_73b17aee29467fa6b864990ced9138fb1595749751_00128.jpg","cl":"jpg","refId":"image_128","sr":1,"ks":{"o":{"a":0,"k":100,"ix":11},"r":{"a":0,"k":0,"ix":10},"p":{"a":0,"k":[281.5,500,0],"ix":2},"a":{"a":0,"k":[281.5,500,0],"ix":1},"s":{"a":0,"k":[100,100,100],"ix":6}},"ao":0,"ip":153.6,"op":154.8,"st":153.6,"bm":0},{"ddd":0,"ind":130,"ty":2,"nm":"QQ视频_73b17aee29467fa6b864990ced9138fb1595749751_00129.jpg","cl":"jpg","refId":"image_129","sr":1,"ks":{"o":{"a":0,"k":100,"ix":11},"r":{"a":0,"k":0,"ix":10},"p":{"a":0,"k":[281.5,500,0],"ix":2},"a":{"a":0,"k":[281.5,500,0],"ix":1},"s":{"a":0,"k":[100,100,100],"ix":6}},"ao":0,"ip":154.8,"op":156,"st":154.8,"bm":0},{"ddd":0,"ind":131,"ty":2,"nm":"QQ视频_73b17aee29467fa6b864990ced9138fb1595749751_00130.jpg","cl":"jpg","refId":"image_130","sr":1,"ks":{"o":{"a":0,"k":100,"ix":11},"r":{"a":0,"k":0,"ix":10},"p":{"a":0,"k":[281.5,500,0],"ix":2},"a":{"a":0,"k":[281.5,500,0],"ix":1},"s":{"a":0,"k":[100,100,100],"ix":6}},"ao":0,"ip":156,"op":157.2,"st":156,"bm":0},{"ddd":0,"ind":132,"ty":2,"nm":"QQ视频_73b17aee29467fa6b864990ced9138fb1595749751_00131.jpg","cl":"jpg","refId":"image_131","sr":1,"ks":{"o":{"a":0,"k":100,"ix":11},"r":{"a":0,"k":0,"ix":10},"p":{"a":0,"k":[281.5,500,0],"ix":2},"a":{"a":0,"k":[281.5,500,0],"ix":1},"s":{"a":0,"k":[100,100,100],"ix":6}},"ao":0,"ip":157.2,"op":158.4,"st":157.2,"bm":0},{"ddd":0,"ind":133,"ty":2,"nm":"QQ视频_73b17aee29467fa6b864990ced9138fb1595749751_00132.jpg","cl":"jpg","refId":"image_132","sr":1,"ks":{"o":{"a":0,"k":100,"ix":11},"r":{"a":0,"k":0,"ix":10},"p":{"a":0,"k":[281.5,500,0],"ix":2},"a":{"a":0,"k":[281.5,500,0],"ix":1},"s":{"a":0,"k":[100,100,100],"ix":6}},"ao":0,"ip":158.4,"op":159.6,"st":158.4,"bm":0},{"ddd":0,"ind":134,"ty":2,"nm":"QQ视频_73b17aee29467fa6b864990ced9138fb1595749751_00133.jpg","cl":"jpg","refId":"image_133","sr":1,"ks":{"o":{"a":0,"k":100,"ix":11},"r":{"a":0,"k":0,"ix":10},"p":{"a":0,"k":[281.5,500,0],"ix":2},"a":{"a":0,"k":[281.5,500,0],"ix":1},"s":{"a":0,"k":[100,100,100],"ix":6}},"ao":0,"ip":159.6,"op":160.8,"st":159.6,"bm":0},{"ddd":0,"ind":135,"ty":2,"nm":"QQ视频_73b17aee29467fa6b864990ced9138fb1595749751_00134.jpg","cl":"jpg","refId":"image_134","sr":1,"ks":{"o":{"a":0,"k":100,"ix":11},"r":{"a":0,"k":0,"ix":10},"p":{"a":0,"k":[281.5,500,0],"ix":2},"a":{"a":0,"k":[281.5,500,0],"ix":1},"s":{"a":0,"k":[100,100,100],"ix":6}},"ao":0,"ip":160.8,"op":162,"st":160.8,"bm":0},{"ddd":0,"ind":136,"ty":2,"nm":"QQ视频_73b17aee29467fa6b864990ced9138fb1595749751_00135.jpg","cl":"jpg","refId":"image_135","sr":1,"ks":{"o":{"a":0,"k":100,"ix":11},"r":{"a":0,"k":0,"ix":10},"p":{"a":0,"k":[281.5,500,0],"ix":2},"a":{"a":0,"k":[281.5,500,0],"ix":1},"s":{"a":0,"k":[100,100,100],"ix":6}},"ao":0,"ip":162,"op":163.2,"st":162,"bm":0},{"ddd":0,"ind":137,"ty":2,"nm":"QQ视频_73b17aee29467fa6b864990ced9138fb1595749751_00136.jpg","cl":"jpg","refId":"image_136","sr":1,"ks":{"o":{"a":0,"k":100,"ix":11},"r":{"a":0,"k":0,"ix":10},"p":{"a":0,"k":[281.5,500,0],"ix":2},"a":{"a":0,"k":[281.5,500,0],"ix":1},"s":{"a":0,"k":[100,100,100],"ix":6}},"ao":0,"ip":163.2,"op":164.4,"st":163.2,"bm":0},{"ddd":0,"ind":138,"ty":2,"nm":"QQ视频_73b17aee29467fa6b864990ced9138fb1595749751_00137.jpg","cl":"jpg","refId":"image_137","sr":1,"ks":{"o":{"a":0,"k":100,"ix":11},"r":{"a":0,"k":0,"ix":10},"p":{"a":0,"k":[281.5,500,0],"ix":2},"a":{"a":0,"k":[281.5,500,0],"ix":1},"s":{"a":0,"k":[100,100,100],"ix":6}},"ao":0,"ip":164.4,"op":165.6,"st":164.4,"bm":0},{"ddd":0,"ind":139,"ty":2,"nm":"QQ视频_73b17aee29467fa6b864990ced9138fb1595749751_00138.jpg","cl":"jpg","refId":"image_138","sr":1,"ks":{"o":{"a":0,"k":100,"ix":11},"r":{"a":0,"k":0,"ix":10},"p":{"a":0,"k":[281.5,500,0],"ix":2},"a":{"a":0,"k":[281.5,500,0],"ix":1},"s":{"a":0,"k":[100,100,100],"ix":6}},"ao":0,"ip":165.6,"op":166.8,"st":165.6,"bm":0},{"ddd":0,"ind":140,"ty":2,"nm":"QQ视频_73b17aee29467fa6b864990ced9138fb1595749751_00139.jpg","cl":"jpg","refId":"image_139","sr":1,"ks":{"o":{"a":0,"k":100,"ix":11},"r":{"a":0,"k":0,"ix":10},"p":{"a":0,"k":[281.5,500,0],"ix":2},"a":{"a":0,"k":[281.5,500,0],"ix":1},"s":{"a":0,"k":[100,100,100],"ix":6}},"ao":0,"ip":166.8,"op":168,"st":166.8,"bm":0}],"markers":[]}