{"v":"5.6.6","fr":10,"ip":0,"op":102,"w":281,"h":500,"nm":"小姐姐 (7)_00000","ddd":0,"assets":[{"id":"image_0","w":281,"h":500,"u":"images/","p":"_____7__00000.png","e":0},{"id":"image_1","w":281,"h":500,"u":"images/","p":"_____7__00001.png","e":0},{"id":"image_2","w":281,"h":500,"u":"images/","p":"_____7__00002.png","e":0},{"id":"image_3","w":281,"h":500,"u":"images/","p":"_____7__00003.png","e":0},{"id":"image_4","w":281,"h":500,"u":"images/","p":"_____7__00004.png","e":0},{"id":"image_5","w":281,"h":500,"u":"images/","p":"_____7__00005.png","e":0},{"id":"image_6","w":281,"h":500,"u":"images/","p":"_____7__00006.png","e":0},{"id":"image_7","w":281,"h":500,"u":"images/","p":"_____7__00007.png","e":0},{"id":"image_8","w":281,"h":500,"u":"images/","p":"_____7__00008.png","e":0},{"id":"image_9","w":281,"h":500,"u":"images/","p":"_____7__00009.png","e":0},{"id":"image_10","w":281,"h":500,"u":"images/","p":"_____7__00010.png","e":0},{"id":"image_11","w":281,"h":500,"u":"images/","p":"_____7__00011.png","e":0},{"id":"image_12","w":281,"h":500,"u":"images/","p":"_____7__00012.png","e":0},{"id":"image_13","w":281,"h":500,"u":"images/","p":"_____7__00013.png","e":0},{"id":"image_14","w":281,"h":500,"u":"images/","p":"_____7__00014.png","e":0},{"id":"image_15","w":281,"h":500,"u":"images/","p":"_____7__00015.png","e":0},{"id":"image_16","w":281,"h":500,"u":"images/","p":"_____7__00016.png","e":0},{"id":"image_17","w":281,"h":500,"u":"images/","p":"_____7__00017.png","e":0},{"id":"image_18","w":281,"h":500,"u":"images/","p":"_____7__00018.png","e":0},{"id":"image_19","w":281,"h":500,"u":"images/","p":"_____7__00019.png","e":0},{"id":"image_20","w":281,"h":500,"u":"images/","p":"_____7__00020.png","e":0},{"id":"image_21","w":281,"h":500,"u":"images/","p":"_____7__00021.png","e":0},{"id":"image_22","w":281,"h":500,"u":"images/","p":"_____7__00022.png","e":0},{"id":"image_23","w":281,"h":500,"u":"images/","p":"_____7__00023.png","e":0},{"id":"image_24","w":281,"h":500,"u":"images/","p":"_____7__00024.png","e":0},{"id":"image_25","w":281,"h":500,"u":"images/","p":"_____7__00025.png","e":0},{"id":"image_26","w":281,"h":500,"u":"images/","p":"_____7__00026.png","e":0},{"id":"image_27","w":281,"h":500,"u":"images/","p":"_____7__00027.png","e":0},{"id":"image_28","w":281,"h":500,"u":"images/","p":"_____7__00028.png","e":0},{"id":"image_29","w":281,"h":500,"u":"images/","p":"_____7__00029.png","e":0},{"id":"image_30","w":281,"h":500,"u":"images/","p":"_____7__00030.png","e":0},{"id":"image_31","w":281,"h":500,"u":"images/","p":"_____7__00031.png","e":0},{"id":"image_32","w":281,"h":500,"u":"images/","p":"_____7__00032.png","e":0},{"id":"image_33","w":281,"h":500,"u":"images/","p":"_____7__00033.png","e":0},{"id":"image_34","w":281,"h":500,"u":"images/","p":"_____7__00034.png","e":0},{"id":"image_35","w":281,"h":500,"u":"images/","p":"_____7__00035.png","e":0},{"id":"image_36","w":281,"h":500,"u":"images/","p":"_____7__00036.png","e":0},{"id":"image_37","w":281,"h":500,"u":"images/","p":"_____7__00037.png","e":0},{"id":"image_38","w":281,"h":500,"u":"images/","p":"_____7__00038.png","e":0},{"id":"image_39","w":281,"h":500,"u":"images/","p":"_____7__00039.png","e":0},{"id":"image_40","w":281,"h":500,"u":"images/","p":"_____7__00040.png","e":0},{"id":"image_41","w":281,"h":500,"u":"images/","p":"_____7__00041.png","e":0},{"id":"image_42","w":281,"h":500,"u":"images/","p":"_____7__00042.png","e":0},{"id":"image_43","w":281,"h":500,"u":"images/","p":"_____7__00043.png","e":0},{"id":"image_44","w":281,"h":500,"u":"images/","p":"_____7__00044.png","e":0},{"id":"image_45","w":281,"h":500,"u":"images/","p":"_____7__00045.png","e":0},{"id":"image_46","w":281,"h":500,"u":"images/","p":"_____7__00046.png","e":0},{"id":"image_47","w":281,"h":500,"u":"images/","p":"_____7__00047.png","e":0},{"id":"image_48","w":281,"h":500,"u":"images/","p":"_____7__00048.png","e":0},{"id":"image_49","w":281,"h":500,"u":"images/","p":"_____7__00049.png","e":0},{"id":"image_50","w":281,"h":500,"u":"images/","p":"_____7__00050.png","e":0},{"id":"image_51","w":281,"h":500,"u":"images/","p":"_____7__00051.png","e":0},{"id":"image_52","w":281,"h":500,"u":"images/","p":"_____7__00052.png","e":0},{"id":"image_53","w":281,"h":500,"u":"images/","p":"_____7__00053.png","e":0},{"id":"image_54","w":281,"h":500,"u":"images/","p":"_____7__00054.png","e":0},{"id":"image_55","w":281,"h":500,"u":"images/","p":"_____7__00055.png","e":0},{"id":"image_56","w":281,"h":500,"u":"images/","p":"_____7__00056.png","e":0},{"id":"image_57","w":281,"h":500,"u":"images/","p":"_____7__00057.png","e":0},{"id":"image_58","w":281,"h":500,"u":"images/","p":"_____7__00058.png","e":0},{"id":"image_59","w":281,"h":500,"u":"images/","p":"_____7__00059.png","e":0},{"id":"image_60","w":281,"h":500,"u":"images/","p":"_____7__00060.png","e":0},{"id":"image_61","w":281,"h":500,"u":"images/","p":"_____7__00061.png","e":0},{"id":"image_62","w":281,"h":500,"u":"images/","p":"_____7__00062.png","e":0},{"id":"image_63","w":281,"h":500,"u":"images/","p":"_____7__00063.png","e":0},{"id":"image_64","w":281,"h":500,"u":"images/","p":"_____7__00064.png","e":0},{"id":"image_65","w":281,"h":500,"u":"images/","p":"_____7__00065.png","e":0},{"id":"image_66","w":281,"h":500,"u":"images/","p":"_____7__00066.png","e":0},{"id":"image_67","w":281,"h":500,"u":"images/","p":"_____7__00067.png","e":0},{"id":"image_68","w":281,"h":500,"u":"images/","p":"_____7__00068.png","e":0},{"id":"image_69","w":281,"h":500,"u":"images/","p":"_____7__00069.png","e":0},{"id":"image_70","w":281,"h":500,"u":"images/","p":"_____7__00070.png","e":0},{"id":"image_71","w":281,"h":500,"u":"images/","p":"_____7__00071.png","e":0},{"id":"image_72","w":281,"h":500,"u":"images/","p":"_____7__00072.png","e":0},{"id":"image_73","w":281,"h":500,"u":"images/","p":"_____7__00073.png","e":0},{"id":"image_74","w":281,"h":500,"u":"images/","p":"_____7__00074.png","e":0},{"id":"image_75","w":281,"h":500,"u":"images/","p":"_____7__00075.png","e":0},{"id":"image_76","w":281,"h":500,"u":"images/","p":"_____7__00076.png","e":0},{"id":"image_77","w":281,"h":500,"u":"images/","p":"_____7__00077.png","e":0},{"id":"image_78","w":281,"h":500,"u":"images/","p":"_____7__00078.png","e":0},{"id":"image_79","w":281,"h":500,"u":"images/","p":"_____7__00079.png","e":0},{"id":"image_80","w":281,"h":500,"u":"images/","p":"_____7__00080.png","e":0},{"id":"image_81","w":281,"h":500,"u":"images/","p":"_____7__00081.png","e":0},{"id":"image_82","w":281,"h":500,"u":"images/","p":"_____7__00082.png","e":0},{"id":"image_83","w":281,"h":500,"u":"images/","p":"_____7__00083.png","e":0},{"id":"image_84","w":281,"h":500,"u":"images/","p":"_____7__00084.png","e":0},{"id":"image_85","w":281,"h":500,"u":"images/","p":"_____7__00085.png","e":0},{"id":"image_86","w":281,"h":500,"u":"images/","p":"_____7__00086.png","e":0},{"id":"image_87","w":281,"h":500,"u":"images/","p":"_____7__00087.png","e":0},{"id":"image_88","w":281,"h":500,"u":"images/","p":"_____7__00088.png","e":0},{"id":"image_89","w":281,"h":500,"u":"images/","p":"_____7__00089.png","e":0},{"id":"image_90","w":281,"h":500,"u":"images/","p":"_____7__00090.png","e":0},{"id":"image_91","w":281,"h":500,"u":"images/","p":"_____7__00091.png","e":0},{"id":"image_92","w":281,"h":500,"u":"images/","p":"_____7__00092.png","e":0},{"id":"image_93","w":281,"h":500,"u":"images/","p":"_____7__00093.png","e":0},{"id":"image_94","w":281,"h":500,"u":"images/","p":"_____7__00094.png","e":0},{"id":"image_95","w":281,"h":500,"u":"images/","p":"_____7__00095.png","e":0},{"id":"image_96","w":281,"h":500,"u":"images/","p":"_____7__00096.png","e":0},{"id":"image_97","w":281,"h":500,"u":"images/","p":"_____7__00097.png","e":0},{"id":"image_98","w":281,"h":500,"u":"images/","p":"_____7__00098.png","e":0},{"id":"image_99","w":281,"h":500,"u":"images/","p":"_____7__00099.png","e":0},{"id":"image_100","w":281,"h":500,"u":"images/","p":"_____7__00100.png","e":0},{"id":"image_101","w":281,"h":500,"u":"images/","p":"_____7__00101.png","e":0}],"layers":[{"ddd":0,"ind":1,"ty":2,"nm":"小姐姐 (7)_00000.jpg","cl":"jpg","refId":"image_0","sr":1,"ks":{"o":{"a":0,"k":100,"ix":11},"r":{"a":0,"k":0,"ix":10},"p":{"a":0,"k":[140.5,250,0],"ix":2},"a":{"a":0,"k":[140.5,250,0],"ix":1},"s":{"a":0,"k":[100,100,100],"ix":6}},"ao":0,"ip":0,"op":1,"st":0,"bm":0},{"ddd":0,"ind":2,"ty":2,"nm":"小姐姐 (7)_00001.jpg","cl":"jpg","refId":"image_1","sr":1,"ks":{"o":{"a":0,"k":100,"ix":11},"r":{"a":0,"k":0,"ix":10},"p":{"a":0,"k":[140.5,250,0],"ix":2},"a":{"a":0,"k":[140.5,250,0],"ix":1},"s":{"a":0,"k":[100,100,100],"ix":6}},"ao":0,"ip":1,"op":2,"st":1,"bm":0},{"ddd":0,"ind":3,"ty":2,"nm":"小姐姐 (7)_00002.jpg","cl":"jpg","refId":"image_2","sr":1,"ks":{"o":{"a":0,"k":100,"ix":11},"r":{"a":0,"k":0,"ix":10},"p":{"a":0,"k":[140.5,250,0],"ix":2},"a":{"a":0,"k":[140.5,250,0],"ix":1},"s":{"a":0,"k":[100,100,100],"ix":6}},"ao":0,"ip":2,"op":3,"st":2,"bm":0},{"ddd":0,"ind":4,"ty":2,"nm":"小姐姐 (7)_00003.jpg","cl":"jpg","refId":"image_3","sr":1,"ks":{"o":{"a":0,"k":100,"ix":11},"r":{"a":0,"k":0,"ix":10},"p":{"a":0,"k":[140.5,250,0],"ix":2},"a":{"a":0,"k":[140.5,250,0],"ix":1},"s":{"a":0,"k":[100,100,100],"ix":6}},"ao":0,"ip":3,"op":4,"st":3,"bm":0},{"ddd":0,"ind":5,"ty":2,"nm":"小姐姐 (7)_00004.jpg","cl":"jpg","refId":"image_4","sr":1,"ks":{"o":{"a":0,"k":100,"ix":11},"r":{"a":0,"k":0,"ix":10},"p":{"a":0,"k":[140.5,250,0],"ix":2},"a":{"a":0,"k":[140.5,250,0],"ix":1},"s":{"a":0,"k":[100,100,100],"ix":6}},"ao":0,"ip":4,"op":5,"st":4,"bm":0},{"ddd":0,"ind":6,"ty":2,"nm":"小姐姐 (7)_00005.jpg","cl":"jpg","refId":"image_5","sr":1,"ks":{"o":{"a":0,"k":100,"ix":11},"r":{"a":0,"k":0,"ix":10},"p":{"a":0,"k":[140.5,250,0],"ix":2},"a":{"a":0,"k":[140.5,250,0],"ix":1},"s":{"a":0,"k":[100,100,100],"ix":6}},"ao":0,"ip":5,"op":6,"st":5,"bm":0},{"ddd":0,"ind":7,"ty":2,"nm":"小姐姐 (7)_00006.jpg","cl":"jpg","refId":"image_6","sr":1,"ks":{"o":{"a":0,"k":100,"ix":11},"r":{"a":0,"k":0,"ix":10},"p":{"a":0,"k":[140.5,250,0],"ix":2},"a":{"a":0,"k":[140.5,250,0],"ix":1},"s":{"a":0,"k":[100,100,100],"ix":6}},"ao":0,"ip":6,"op":7,"st":6,"bm":0},{"ddd":0,"ind":8,"ty":2,"nm":"小姐姐 (7)_00007.jpg","cl":"jpg","refId":"image_7","sr":1,"ks":{"o":{"a":0,"k":100,"ix":11},"r":{"a":0,"k":0,"ix":10},"p":{"a":0,"k":[140.5,250,0],"ix":2},"a":{"a":0,"k":[140.5,250,0],"ix":1},"s":{"a":0,"k":[100,100,100],"ix":6}},"ao":0,"ip":7,"op":8,"st":7,"bm":0},{"ddd":0,"ind":9,"ty":2,"nm":"小姐姐 (7)_00008.jpg","cl":"jpg","refId":"image_8","sr":1,"ks":{"o":{"a":0,"k":100,"ix":11},"r":{"a":0,"k":0,"ix":10},"p":{"a":0,"k":[140.5,250,0],"ix":2},"a":{"a":0,"k":[140.5,250,0],"ix":1},"s":{"a":0,"k":[100,100,100],"ix":6}},"ao":0,"ip":8,"op":9,"st":8,"bm":0},{"ddd":0,"ind":10,"ty":2,"nm":"小姐姐 (7)_00009.jpg","cl":"jpg","refId":"image_9","sr":1,"ks":{"o":{"a":0,"k":100,"ix":11},"r":{"a":0,"k":0,"ix":10},"p":{"a":0,"k":[140.5,250,0],"ix":2},"a":{"a":0,"k":[140.5,250,0],"ix":1},"s":{"a":0,"k":[100,100,100],"ix":6}},"ao":0,"ip":9,"op":10,"st":9,"bm":0},{"ddd":0,"ind":11,"ty":2,"nm":"小姐姐 (7)_00010.jpg","cl":"jpg","refId":"image_10","sr":1,"ks":{"o":{"a":0,"k":100,"ix":11},"r":{"a":0,"k":0,"ix":10},"p":{"a":0,"k":[140.5,250,0],"ix":2},"a":{"a":0,"k":[140.5,250,0],"ix":1},"s":{"a":0,"k":[100,100,100],"ix":6}},"ao":0,"ip":10,"op":11,"st":10,"bm":0},{"ddd":0,"ind":12,"ty":2,"nm":"小姐姐 (7)_00011.jpg","cl":"jpg","refId":"image_11","sr":1,"ks":{"o":{"a":0,"k":100,"ix":11},"r":{"a":0,"k":0,"ix":10},"p":{"a":0,"k":[140.5,250,0],"ix":2},"a":{"a":0,"k":[140.5,250,0],"ix":1},"s":{"a":0,"k":[100,100,100],"ix":6}},"ao":0,"ip":11,"op":12,"st":11,"bm":0},{"ddd":0,"ind":13,"ty":2,"nm":"小姐姐 (7)_00012.jpg","cl":"jpg","refId":"image_12","sr":1,"ks":{"o":{"a":0,"k":100,"ix":11},"r":{"a":0,"k":0,"ix":10},"p":{"a":0,"k":[140.5,250,0],"ix":2},"a":{"a":0,"k":[140.5,250,0],"ix":1},"s":{"a":0,"k":[100,100,100],"ix":6}},"ao":0,"ip":12,"op":13,"st":12,"bm":0},{"ddd":0,"ind":14,"ty":2,"nm":"小姐姐 (7)_00013.jpg","cl":"jpg","refId":"image_13","sr":1,"ks":{"o":{"a":0,"k":100,"ix":11},"r":{"a":0,"k":0,"ix":10},"p":{"a":0,"k":[140.5,250,0],"ix":2},"a":{"a":0,"k":[140.5,250,0],"ix":1},"s":{"a":0,"k":[100,100,100],"ix":6}},"ao":0,"ip":13,"op":14,"st":13,"bm":0},{"ddd":0,"ind":15,"ty":2,"nm":"小姐姐 (7)_00014.jpg","cl":"jpg","refId":"image_14","sr":1,"ks":{"o":{"a":0,"k":100,"ix":11},"r":{"a":0,"k":0,"ix":10},"p":{"a":0,"k":[140.5,250,0],"ix":2},"a":{"a":0,"k":[140.5,250,0],"ix":1},"s":{"a":0,"k":[100,100,100],"ix":6}},"ao":0,"ip":14,"op":15,"st":14,"bm":0},{"ddd":0,"ind":16,"ty":2,"nm":"小姐姐 (7)_00015.jpg","cl":"jpg","refId":"image_15","sr":1,"ks":{"o":{"a":0,"k":100,"ix":11},"r":{"a":0,"k":0,"ix":10},"p":{"a":0,"k":[140.5,250,0],"ix":2},"a":{"a":0,"k":[140.5,250,0],"ix":1},"s":{"a":0,"k":[100,100,100],"ix":6}},"ao":0,"ip":15,"op":16,"st":15,"bm":0},{"ddd":0,"ind":17,"ty":2,"nm":"小姐姐 (7)_00016.jpg","cl":"jpg","refId":"image_16","sr":1,"ks":{"o":{"a":0,"k":100,"ix":11},"r":{"a":0,"k":0,"ix":10},"p":{"a":0,"k":[140.5,250,0],"ix":2},"a":{"a":0,"k":[140.5,250,0],"ix":1},"s":{"a":0,"k":[100,100,100],"ix":6}},"ao":0,"ip":16,"op":17,"st":16,"bm":0},{"ddd":0,"ind":18,"ty":2,"nm":"小姐姐 (7)_00017.jpg","cl":"jpg","refId":"image_17","sr":1,"ks":{"o":{"a":0,"k":100,"ix":11},"r":{"a":0,"k":0,"ix":10},"p":{"a":0,"k":[140.5,250,0],"ix":2},"a":{"a":0,"k":[140.5,250,0],"ix":1},"s":{"a":0,"k":[100,100,100],"ix":6}},"ao":0,"ip":17,"op":18,"st":17,"bm":0},{"ddd":0,"ind":19,"ty":2,"nm":"小姐姐 (7)_00018.jpg","cl":"jpg","refId":"image_18","sr":1,"ks":{"o":{"a":0,"k":100,"ix":11},"r":{"a":0,"k":0,"ix":10},"p":{"a":0,"k":[140.5,250,0],"ix":2},"a":{"a":0,"k":[140.5,250,0],"ix":1},"s":{"a":0,"k":[100,100,100],"ix":6}},"ao":0,"ip":18,"op":19,"st":18,"bm":0},{"ddd":0,"ind":20,"ty":2,"nm":"小姐姐 (7)_00019.jpg","cl":"jpg","refId":"image_19","sr":1,"ks":{"o":{"a":0,"k":100,"ix":11},"r":{"a":0,"k":0,"ix":10},"p":{"a":0,"k":[140.5,250,0],"ix":2},"a":{"a":0,"k":[140.5,250,0],"ix":1},"s":{"a":0,"k":[100,100,100],"ix":6}},"ao":0,"ip":19,"op":20,"st":19,"bm":0},{"ddd":0,"ind":21,"ty":2,"nm":"小姐姐 (7)_00020.jpg","cl":"jpg","refId":"image_20","sr":1,"ks":{"o":{"a":0,"k":100,"ix":11},"r":{"a":0,"k":0,"ix":10},"p":{"a":0,"k":[140.5,250,0],"ix":2},"a":{"a":0,"k":[140.5,250,0],"ix":1},"s":{"a":0,"k":[100,100,100],"ix":6}},"ao":0,"ip":20,"op":21,"st":20,"bm":0},{"ddd":0,"ind":22,"ty":2,"nm":"小姐姐 (7)_00021.jpg","cl":"jpg","refId":"image_21","sr":1,"ks":{"o":{"a":0,"k":100,"ix":11},"r":{"a":0,"k":0,"ix":10},"p":{"a":0,"k":[140.5,250,0],"ix":2},"a":{"a":0,"k":[140.5,250,0],"ix":1},"s":{"a":0,"k":[100,100,100],"ix":6}},"ao":0,"ip":21,"op":22,"st":21,"bm":0},{"ddd":0,"ind":23,"ty":2,"nm":"小姐姐 (7)_00022.jpg","cl":"jpg","refId":"image_22","sr":1,"ks":{"o":{"a":0,"k":100,"ix":11},"r":{"a":0,"k":0,"ix":10},"p":{"a":0,"k":[140.5,250,0],"ix":2},"a":{"a":0,"k":[140.5,250,0],"ix":1},"s":{"a":0,"k":[100,100,100],"ix":6}},"ao":0,"ip":22,"op":23,"st":22,"bm":0},{"ddd":0,"ind":24,"ty":2,"nm":"小姐姐 (7)_00023.jpg","cl":"jpg","refId":"image_23","sr":1,"ks":{"o":{"a":0,"k":100,"ix":11},"r":{"a":0,"k":0,"ix":10},"p":{"a":0,"k":[140.5,250,0],"ix":2},"a":{"a":0,"k":[140.5,250,0],"ix":1},"s":{"a":0,"k":[100,100,100],"ix":6}},"ao":0,"ip":23,"op":24,"st":23,"bm":0},{"ddd":0,"ind":25,"ty":2,"nm":"小姐姐 (7)_00024.jpg","cl":"jpg","refId":"image_24","sr":1,"ks":{"o":{"a":0,"k":100,"ix":11},"r":{"a":0,"k":0,"ix":10},"p":{"a":0,"k":[140.5,250,0],"ix":2},"a":{"a":0,"k":[140.5,250,0],"ix":1},"s":{"a":0,"k":[100,100,100],"ix":6}},"ao":0,"ip":24,"op":25,"st":24,"bm":0},{"ddd":0,"ind":26,"ty":2,"nm":"小姐姐 (7)_00025.jpg","cl":"jpg","refId":"image_25","sr":1,"ks":{"o":{"a":0,"k":100,"ix":11},"r":{"a":0,"k":0,"ix":10},"p":{"a":0,"k":[140.5,250,0],"ix":2},"a":{"a":0,"k":[140.5,250,0],"ix":1},"s":{"a":0,"k":[100,100,100],"ix":6}},"ao":0,"ip":25,"op":26,"st":25,"bm":0},{"ddd":0,"ind":27,"ty":2,"nm":"小姐姐 (7)_00026.jpg","cl":"jpg","refId":"image_26","sr":1,"ks":{"o":{"a":0,"k":100,"ix":11},"r":{"a":0,"k":0,"ix":10},"p":{"a":0,"k":[140.5,250,0],"ix":2},"a":{"a":0,"k":[140.5,250,0],"ix":1},"s":{"a":0,"k":[100,100,100],"ix":6}},"ao":0,"ip":26,"op":27,"st":26,"bm":0},{"ddd":0,"ind":28,"ty":2,"nm":"小姐姐 (7)_00027.jpg","cl":"jpg","refId":"image_27","sr":1,"ks":{"o":{"a":0,"k":100,"ix":11},"r":{"a":0,"k":0,"ix":10},"p":{"a":0,"k":[140.5,250,0],"ix":2},"a":{"a":0,"k":[140.5,250,0],"ix":1},"s":{"a":0,"k":[100,100,100],"ix":6}},"ao":0,"ip":27,"op":28,"st":27,"bm":0},{"ddd":0,"ind":29,"ty":2,"nm":"小姐姐 (7)_00028.jpg","cl":"jpg","refId":"image_28","sr":1,"ks":{"o":{"a":0,"k":100,"ix":11},"r":{"a":0,"k":0,"ix":10},"p":{"a":0,"k":[140.5,250,0],"ix":2},"a":{"a":0,"k":[140.5,250,0],"ix":1},"s":{"a":0,"k":[100,100,100],"ix":6}},"ao":0,"ip":28,"op":29,"st":28,"bm":0},{"ddd":0,"ind":30,"ty":2,"nm":"小姐姐 (7)_00029.jpg","cl":"jpg","refId":"image_29","sr":1,"ks":{"o":{"a":0,"k":100,"ix":11},"r":{"a":0,"k":0,"ix":10},"p":{"a":0,"k":[140.5,250,0],"ix":2},"a":{"a":0,"k":[140.5,250,0],"ix":1},"s":{"a":0,"k":[100,100,100],"ix":6}},"ao":0,"ip":29,"op":30,"st":29,"bm":0},{"ddd":0,"ind":31,"ty":2,"nm":"小姐姐 (7)_00030.jpg","cl":"jpg","refId":"image_30","sr":1,"ks":{"o":{"a":0,"k":100,"ix":11},"r":{"a":0,"k":0,"ix":10},"p":{"a":0,"k":[140.5,250,0],"ix":2},"a":{"a":0,"k":[140.5,250,0],"ix":1},"s":{"a":0,"k":[100,100,100],"ix":6}},"ao":0,"ip":30,"op":31,"st":30,"bm":0},{"ddd":0,"ind":32,"ty":2,"nm":"小姐姐 (7)_00031.jpg","cl":"jpg","refId":"image_31","sr":1,"ks":{"o":{"a":0,"k":100,"ix":11},"r":{"a":0,"k":0,"ix":10},"p":{"a":0,"k":[140.5,250,0],"ix":2},"a":{"a":0,"k":[140.5,250,0],"ix":1},"s":{"a":0,"k":[100,100,100],"ix":6}},"ao":0,"ip":31,"op":32,"st":31,"bm":0},{"ddd":0,"ind":33,"ty":2,"nm":"小姐姐 (7)_00032.jpg","cl":"jpg","refId":"image_32","sr":1,"ks":{"o":{"a":0,"k":100,"ix":11},"r":{"a":0,"k":0,"ix":10},"p":{"a":0,"k":[140.5,250,0],"ix":2},"a":{"a":0,"k":[140.5,250,0],"ix":1},"s":{"a":0,"k":[100,100,100],"ix":6}},"ao":0,"ip":32,"op":33,"st":32,"bm":0},{"ddd":0,"ind":34,"ty":2,"nm":"小姐姐 (7)_00033.jpg","cl":"jpg","refId":"image_33","sr":1,"ks":{"o":{"a":0,"k":100,"ix":11},"r":{"a":0,"k":0,"ix":10},"p":{"a":0,"k":[140.5,250,0],"ix":2},"a":{"a":0,"k":[140.5,250,0],"ix":1},"s":{"a":0,"k":[100,100,100],"ix":6}},"ao":0,"ip":33,"op":34,"st":33,"bm":0},{"ddd":0,"ind":35,"ty":2,"nm":"小姐姐 (7)_00034.jpg","cl":"jpg","refId":"image_34","sr":1,"ks":{"o":{"a":0,"k":100,"ix":11},"r":{"a":0,"k":0,"ix":10},"p":{"a":0,"k":[140.5,250,0],"ix":2},"a":{"a":0,"k":[140.5,250,0],"ix":1},"s":{"a":0,"k":[100,100,100],"ix":6}},"ao":0,"ip":34,"op":35,"st":34,"bm":0},{"ddd":0,"ind":36,"ty":2,"nm":"小姐姐 (7)_00035.jpg","cl":"jpg","refId":"image_35","sr":1,"ks":{"o":{"a":0,"k":100,"ix":11},"r":{"a":0,"k":0,"ix":10},"p":{"a":0,"k":[140.5,250,0],"ix":2},"a":{"a":0,"k":[140.5,250,0],"ix":1},"s":{"a":0,"k":[100,100,100],"ix":6}},"ao":0,"ip":35,"op":36,"st":35,"bm":0},{"ddd":0,"ind":37,"ty":2,"nm":"小姐姐 (7)_00036.jpg","cl":"jpg","refId":"image_36","sr":1,"ks":{"o":{"a":0,"k":100,"ix":11},"r":{"a":0,"k":0,"ix":10},"p":{"a":0,"k":[140.5,250,0],"ix":2},"a":{"a":0,"k":[140.5,250,0],"ix":1},"s":{"a":0,"k":[100,100,100],"ix":6}},"ao":0,"ip":36,"op":37,"st":36,"bm":0},{"ddd":0,"ind":38,"ty":2,"nm":"小姐姐 (7)_00037.jpg","cl":"jpg","refId":"image_37","sr":1,"ks":{"o":{"a":0,"k":100,"ix":11},"r":{"a":0,"k":0,"ix":10},"p":{"a":0,"k":[140.5,250,0],"ix":2},"a":{"a":0,"k":[140.5,250,0],"ix":1},"s":{"a":0,"k":[100,100,100],"ix":6}},"ao":0,"ip":37,"op":38,"st":37,"bm":0},{"ddd":0,"ind":39,"ty":2,"nm":"小姐姐 (7)_00038.jpg","cl":"jpg","refId":"image_38","sr":1,"ks":{"o":{"a":0,"k":100,"ix":11},"r":{"a":0,"k":0,"ix":10},"p":{"a":0,"k":[140.5,250,0],"ix":2},"a":{"a":0,"k":[140.5,250,0],"ix":1},"s":{"a":0,"k":[100,100,100],"ix":6}},"ao":0,"ip":38,"op":39,"st":38,"bm":0},{"ddd":0,"ind":40,"ty":2,"nm":"小姐姐 (7)_00039.jpg","cl":"jpg","refId":"image_39","sr":1,"ks":{"o":{"a":0,"k":100,"ix":11},"r":{"a":0,"k":0,"ix":10},"p":{"a":0,"k":[140.5,250,0],"ix":2},"a":{"a":0,"k":[140.5,250,0],"ix":1},"s":{"a":0,"k":[100,100,100],"ix":6}},"ao":0,"ip":39,"op":40,"st":39,"bm":0},{"ddd":0,"ind":41,"ty":2,"nm":"小姐姐 (7)_00040.jpg","cl":"jpg","refId":"image_40","sr":1,"ks":{"o":{"a":0,"k":100,"ix":11},"r":{"a":0,"k":0,"ix":10},"p":{"a":0,"k":[140.5,250,0],"ix":2},"a":{"a":0,"k":[140.5,250,0],"ix":1},"s":{"a":0,"k":[100,100,100],"ix":6}},"ao":0,"ip":40,"op":41,"st":40,"bm":0},{"ddd":0,"ind":42,"ty":2,"nm":"小姐姐 (7)_00041.jpg","cl":"jpg","refId":"image_41","sr":1,"ks":{"o":{"a":0,"k":100,"ix":11},"r":{"a":0,"k":0,"ix":10},"p":{"a":0,"k":[140.5,250,0],"ix":2},"a":{"a":0,"k":[140.5,250,0],"ix":1},"s":{"a":0,"k":[100,100,100],"ix":6}},"ao":0,"ip":41,"op":42,"st":41,"bm":0},{"ddd":0,"ind":43,"ty":2,"nm":"小姐姐 (7)_00042.jpg","cl":"jpg","refId":"image_42","sr":1,"ks":{"o":{"a":0,"k":100,"ix":11},"r":{"a":0,"k":0,"ix":10},"p":{"a":0,"k":[140.5,250,0],"ix":2},"a":{"a":0,"k":[140.5,250,0],"ix":1},"s":{"a":0,"k":[100,100,100],"ix":6}},"ao":0,"ip":42,"op":43,"st":42,"bm":0},{"ddd":0,"ind":44,"ty":2,"nm":"小姐姐 (7)_00043.jpg","cl":"jpg","refId":"image_43","sr":1,"ks":{"o":{"a":0,"k":100,"ix":11},"r":{"a":0,"k":0,"ix":10},"p":{"a":0,"k":[140.5,250,0],"ix":2},"a":{"a":0,"k":[140.5,250,0],"ix":1},"s":{"a":0,"k":[100,100,100],"ix":6}},"ao":0,"ip":43,"op":44,"st":43,"bm":0},{"ddd":0,"ind":45,"ty":2,"nm":"小姐姐 (7)_00044.jpg","cl":"jpg","refId":"image_44","sr":1,"ks":{"o":{"a":0,"k":100,"ix":11},"r":{"a":0,"k":0,"ix":10},"p":{"a":0,"k":[140.5,250,0],"ix":2},"a":{"a":0,"k":[140.5,250,0],"ix":1},"s":{"a":0,"k":[100,100,100],"ix":6}},"ao":0,"ip":44,"op":45,"st":44,"bm":0},{"ddd":0,"ind":46,"ty":2,"nm":"小姐姐 (7)_00045.jpg","cl":"jpg","refId":"image_45","sr":1,"ks":{"o":{"a":0,"k":100,"ix":11},"r":{"a":0,"k":0,"ix":10},"p":{"a":0,"k":[140.5,250,0],"ix":2},"a":{"a":0,"k":[140.5,250,0],"ix":1},"s":{"a":0,"k":[100,100,100],"ix":6}},"ao":0,"ip":45,"op":46,"st":45,"bm":0},{"ddd":0,"ind":47,"ty":2,"nm":"小姐姐 (7)_00046.jpg","cl":"jpg","refId":"image_46","sr":1,"ks":{"o":{"a":0,"k":100,"ix":11},"r":{"a":0,"k":0,"ix":10},"p":{"a":0,"k":[140.5,250,0],"ix":2},"a":{"a":0,"k":[140.5,250,0],"ix":1},"s":{"a":0,"k":[100,100,100],"ix":6}},"ao":0,"ip":46,"op":47,"st":46,"bm":0},{"ddd":0,"ind":48,"ty":2,"nm":"小姐姐 (7)_00047.jpg","cl":"jpg","refId":"image_47","sr":1,"ks":{"o":{"a":0,"k":100,"ix":11},"r":{"a":0,"k":0,"ix":10},"p":{"a":0,"k":[140.5,250,0],"ix":2},"a":{"a":0,"k":[140.5,250,0],"ix":1},"s":{"a":0,"k":[100,100,100],"ix":6}},"ao":0,"ip":47,"op":48,"st":47,"bm":0},{"ddd":0,"ind":49,"ty":2,"nm":"小姐姐 (7)_00048.jpg","cl":"jpg","refId":"image_48","sr":1,"ks":{"o":{"a":0,"k":100,"ix":11},"r":{"a":0,"k":0,"ix":10},"p":{"a":0,"k":[140.5,250,0],"ix":2},"a":{"a":0,"k":[140.5,250,0],"ix":1},"s":{"a":0,"k":[100,100,100],"ix":6}},"ao":0,"ip":48,"op":49,"st":48,"bm":0},{"ddd":0,"ind":50,"ty":2,"nm":"小姐姐 (7)_00049.jpg","cl":"jpg","refId":"image_49","sr":1,"ks":{"o":{"a":0,"k":100,"ix":11},"r":{"a":0,"k":0,"ix":10},"p":{"a":0,"k":[140.5,250,0],"ix":2},"a":{"a":0,"k":[140.5,250,0],"ix":1},"s":{"a":0,"k":[100,100,100],"ix":6}},"ao":0,"ip":49,"op":50,"st":49,"bm":0},{"ddd":0,"ind":51,"ty":2,"nm":"小姐姐 (7)_00050.jpg","cl":"jpg","refId":"image_50","sr":1,"ks":{"o":{"a":0,"k":100,"ix":11},"r":{"a":0,"k":0,"ix":10},"p":{"a":0,"k":[140.5,250,0],"ix":2},"a":{"a":0,"k":[140.5,250,0],"ix":1},"s":{"a":0,"k":[100,100,100],"ix":6}},"ao":0,"ip":50,"op":51,"st":50,"bm":0},{"ddd":0,"ind":52,"ty":2,"nm":"小姐姐 (7)_00051.jpg","cl":"jpg","refId":"image_51","sr":1,"ks":{"o":{"a":0,"k":100,"ix":11},"r":{"a":0,"k":0,"ix":10},"p":{"a":0,"k":[140.5,250,0],"ix":2},"a":{"a":0,"k":[140.5,250,0],"ix":1},"s":{"a":0,"k":[100,100,100],"ix":6}},"ao":0,"ip":51,"op":52,"st":51,"bm":0},{"ddd":0,"ind":53,"ty":2,"nm":"小姐姐 (7)_00052.jpg","cl":"jpg","refId":"image_52","sr":1,"ks":{"o":{"a":0,"k":100,"ix":11},"r":{"a":0,"k":0,"ix":10},"p":{"a":0,"k":[140.5,250,0],"ix":2},"a":{"a":0,"k":[140.5,250,0],"ix":1},"s":{"a":0,"k":[100,100,100],"ix":6}},"ao":0,"ip":52,"op":53,"st":52,"bm":0},{"ddd":0,"ind":54,"ty":2,"nm":"小姐姐 (7)_00053.jpg","cl":"jpg","refId":"image_53","sr":1,"ks":{"o":{"a":0,"k":100,"ix":11},"r":{"a":0,"k":0,"ix":10},"p":{"a":0,"k":[140.5,250,0],"ix":2},"a":{"a":0,"k":[140.5,250,0],"ix":1},"s":{"a":0,"k":[100,100,100],"ix":6}},"ao":0,"ip":53,"op":54,"st":53,"bm":0},{"ddd":0,"ind":55,"ty":2,"nm":"小姐姐 (7)_00054.jpg","cl":"jpg","refId":"image_54","sr":1,"ks":{"o":{"a":0,"k":100,"ix":11},"r":{"a":0,"k":0,"ix":10},"p":{"a":0,"k":[140.5,250,0],"ix":2},"a":{"a":0,"k":[140.5,250,0],"ix":1},"s":{"a":0,"k":[100,100,100],"ix":6}},"ao":0,"ip":54,"op":55,"st":54,"bm":0},{"ddd":0,"ind":56,"ty":2,"nm":"小姐姐 (7)_00055.jpg","cl":"jpg","refId":"image_55","sr":1,"ks":{"o":{"a":0,"k":100,"ix":11},"r":{"a":0,"k":0,"ix":10},"p":{"a":0,"k":[140.5,250,0],"ix":2},"a":{"a":0,"k":[140.5,250,0],"ix":1},"s":{"a":0,"k":[100,100,100],"ix":6}},"ao":0,"ip":55,"op":56,"st":55,"bm":0},{"ddd":0,"ind":57,"ty":2,"nm":"小姐姐 (7)_00056.jpg","cl":"jpg","refId":"image_56","sr":1,"ks":{"o":{"a":0,"k":100,"ix":11},"r":{"a":0,"k":0,"ix":10},"p":{"a":0,"k":[140.5,250,0],"ix":2},"a":{"a":0,"k":[140.5,250,0],"ix":1},"s":{"a":0,"k":[100,100,100],"ix":6}},"ao":0,"ip":56,"op":57,"st":56,"bm":0},{"ddd":0,"ind":58,"ty":2,"nm":"小姐姐 (7)_00057.jpg","cl":"jpg","refId":"image_57","sr":1,"ks":{"o":{"a":0,"k":100,"ix":11},"r":{"a":0,"k":0,"ix":10},"p":{"a":0,"k":[140.5,250,0],"ix":2},"a":{"a":0,"k":[140.5,250,0],"ix":1},"s":{"a":0,"k":[100,100,100],"ix":6}},"ao":0,"ip":57,"op":58,"st":57,"bm":0},{"ddd":0,"ind":59,"ty":2,"nm":"小姐姐 (7)_00058.jpg","cl":"jpg","refId":"image_58","sr":1,"ks":{"o":{"a":0,"k":100,"ix":11},"r":{"a":0,"k":0,"ix":10},"p":{"a":0,"k":[140.5,250,0],"ix":2},"a":{"a":0,"k":[140.5,250,0],"ix":1},"s":{"a":0,"k":[100,100,100],"ix":6}},"ao":0,"ip":58,"op":59,"st":58,"bm":0},{"ddd":0,"ind":60,"ty":2,"nm":"小姐姐 (7)_00059.jpg","cl":"jpg","refId":"image_59","sr":1,"ks":{"o":{"a":0,"k":100,"ix":11},"r":{"a":0,"k":0,"ix":10},"p":{"a":0,"k":[140.5,250,0],"ix":2},"a":{"a":0,"k":[140.5,250,0],"ix":1},"s":{"a":0,"k":[100,100,100],"ix":6}},"ao":0,"ip":59,"op":60,"st":59,"bm":0},{"ddd":0,"ind":61,"ty":2,"nm":"小姐姐 (7)_00060.jpg","cl":"jpg","refId":"image_60","sr":1,"ks":{"o":{"a":0,"k":100,"ix":11},"r":{"a":0,"k":0,"ix":10},"p":{"a":0,"k":[140.5,250,0],"ix":2},"a":{"a":0,"k":[140.5,250,0],"ix":1},"s":{"a":0,"k":[100,100,100],"ix":6}},"ao":0,"ip":60,"op":61,"st":60,"bm":0},{"ddd":0,"ind":62,"ty":2,"nm":"小姐姐 (7)_00061.jpg","cl":"jpg","refId":"image_61","sr":1,"ks":{"o":{"a":0,"k":100,"ix":11},"r":{"a":0,"k":0,"ix":10},"p":{"a":0,"k":[140.5,250,0],"ix":2},"a":{"a":0,"k":[140.5,250,0],"ix":1},"s":{"a":0,"k":[100,100,100],"ix":6}},"ao":0,"ip":61,"op":62,"st":61,"bm":0},{"ddd":0,"ind":63,"ty":2,"nm":"小姐姐 (7)_00062.jpg","cl":"jpg","refId":"image_62","sr":1,"ks":{"o":{"a":0,"k":100,"ix":11},"r":{"a":0,"k":0,"ix":10},"p":{"a":0,"k":[140.5,250,0],"ix":2},"a":{"a":0,"k":[140.5,250,0],"ix":1},"s":{"a":0,"k":[100,100,100],"ix":6}},"ao":0,"ip":62,"op":63,"st":62,"bm":0},{"ddd":0,"ind":64,"ty":2,"nm":"小姐姐 (7)_00063.jpg","cl":"jpg","refId":"image_63","sr":1,"ks":{"o":{"a":0,"k":100,"ix":11},"r":{"a":0,"k":0,"ix":10},"p":{"a":0,"k":[140.5,250,0],"ix":2},"a":{"a":0,"k":[140.5,250,0],"ix":1},"s":{"a":0,"k":[100,100,100],"ix":6}},"ao":0,"ip":63,"op":64,"st":63,"bm":0},{"ddd":0,"ind":65,"ty":2,"nm":"小姐姐 (7)_00064.jpg","cl":"jpg","refId":"image_64","sr":1,"ks":{"o":{"a":0,"k":100,"ix":11},"r":{"a":0,"k":0,"ix":10},"p":{"a":0,"k":[140.5,250,0],"ix":2},"a":{"a":0,"k":[140.5,250,0],"ix":1},"s":{"a":0,"k":[100,100,100],"ix":6}},"ao":0,"ip":64,"op":65,"st":64,"bm":0},{"ddd":0,"ind":66,"ty":2,"nm":"小姐姐 (7)_00065.jpg","cl":"jpg","refId":"image_65","sr":1,"ks":{"o":{"a":0,"k":100,"ix":11},"r":{"a":0,"k":0,"ix":10},"p":{"a":0,"k":[140.5,250,0],"ix":2},"a":{"a":0,"k":[140.5,250,0],"ix":1},"s":{"a":0,"k":[100,100,100],"ix":6}},"ao":0,"ip":65,"op":66,"st":65,"bm":0},{"ddd":0,"ind":67,"ty":2,"nm":"小姐姐 (7)_00066.jpg","cl":"jpg","refId":"image_66","sr":1,"ks":{"o":{"a":0,"k":100,"ix":11},"r":{"a":0,"k":0,"ix":10},"p":{"a":0,"k":[140.5,250,0],"ix":2},"a":{"a":0,"k":[140.5,250,0],"ix":1},"s":{"a":0,"k":[100,100,100],"ix":6}},"ao":0,"ip":66,"op":67,"st":66,"bm":0},{"ddd":0,"ind":68,"ty":2,"nm":"小姐姐 (7)_00067.jpg","cl":"jpg","refId":"image_67","sr":1,"ks":{"o":{"a":0,"k":100,"ix":11},"r":{"a":0,"k":0,"ix":10},"p":{"a":0,"k":[140.5,250,0],"ix":2},"a":{"a":0,"k":[140.5,250,0],"ix":1},"s":{"a":0,"k":[100,100,100],"ix":6}},"ao":0,"ip":67,"op":68,"st":67,"bm":0},{"ddd":0,"ind":69,"ty":2,"nm":"小姐姐 (7)_00068.jpg","cl":"jpg","refId":"image_68","sr":1,"ks":{"o":{"a":0,"k":100,"ix":11},"r":{"a":0,"k":0,"ix":10},"p":{"a":0,"k":[140.5,250,0],"ix":2},"a":{"a":0,"k":[140.5,250,0],"ix":1},"s":{"a":0,"k":[100,100,100],"ix":6}},"ao":0,"ip":68,"op":69,"st":68,"bm":0},{"ddd":0,"ind":70,"ty":2,"nm":"小姐姐 (7)_00069.jpg","cl":"jpg","refId":"image_69","sr":1,"ks":{"o":{"a":0,"k":100,"ix":11},"r":{"a":0,"k":0,"ix":10},"p":{"a":0,"k":[140.5,250,0],"ix":2},"a":{"a":0,"k":[140.5,250,0],"ix":1},"s":{"a":0,"k":[100,100,100],"ix":6}},"ao":0,"ip":69,"op":70,"st":69,"bm":0},{"ddd":0,"ind":71,"ty":2,"nm":"小姐姐 (7)_00070.jpg","cl":"jpg","refId":"image_70","sr":1,"ks":{"o":{"a":0,"k":100,"ix":11},"r":{"a":0,"k":0,"ix":10},"p":{"a":0,"k":[140.5,250,0],"ix":2},"a":{"a":0,"k":[140.5,250,0],"ix":1},"s":{"a":0,"k":[100,100,100],"ix":6}},"ao":0,"ip":70,"op":71,"st":70,"bm":0},{"ddd":0,"ind":72,"ty":2,"nm":"小姐姐 (7)_00071.jpg","cl":"jpg","refId":"image_71","sr":1,"ks":{"o":{"a":0,"k":100,"ix":11},"r":{"a":0,"k":0,"ix":10},"p":{"a":0,"k":[140.5,250,0],"ix":2},"a":{"a":0,"k":[140.5,250,0],"ix":1},"s":{"a":0,"k":[100,100,100],"ix":6}},"ao":0,"ip":71,"op":72,"st":71,"bm":0},{"ddd":0,"ind":73,"ty":2,"nm":"小姐姐 (7)_00072.jpg","cl":"jpg","refId":"image_72","sr":1,"ks":{"o":{"a":0,"k":100,"ix":11},"r":{"a":0,"k":0,"ix":10},"p":{"a":0,"k":[140.5,250,0],"ix":2},"a":{"a":0,"k":[140.5,250,0],"ix":1},"s":{"a":0,"k":[100,100,100],"ix":6}},"ao":0,"ip":72,"op":73,"st":72,"bm":0},{"ddd":0,"ind":74,"ty":2,"nm":"小姐姐 (7)_00073.jpg","cl":"jpg","refId":"image_73","sr":1,"ks":{"o":{"a":0,"k":100,"ix":11},"r":{"a":0,"k":0,"ix":10},"p":{"a":0,"k":[140.5,250,0],"ix":2},"a":{"a":0,"k":[140.5,250,0],"ix":1},"s":{"a":0,"k":[100,100,100],"ix":6}},"ao":0,"ip":73,"op":74,"st":73,"bm":0},{"ddd":0,"ind":75,"ty":2,"nm":"小姐姐 (7)_00074.jpg","cl":"jpg","refId":"image_74","sr":1,"ks":{"o":{"a":0,"k":100,"ix":11},"r":{"a":0,"k":0,"ix":10},"p":{"a":0,"k":[140.5,250,0],"ix":2},"a":{"a":0,"k":[140.5,250,0],"ix":1},"s":{"a":0,"k":[100,100,100],"ix":6}},"ao":0,"ip":74,"op":75,"st":74,"bm":0},{"ddd":0,"ind":76,"ty":2,"nm":"小姐姐 (7)_00075.jpg","cl":"jpg","refId":"image_75","sr":1,"ks":{"o":{"a":0,"k":100,"ix":11},"r":{"a":0,"k":0,"ix":10},"p":{"a":0,"k":[140.5,250,0],"ix":2},"a":{"a":0,"k":[140.5,250,0],"ix":1},"s":{"a":0,"k":[100,100,100],"ix":6}},"ao":0,"ip":75,"op":76,"st":75,"bm":0},{"ddd":0,"ind":77,"ty":2,"nm":"小姐姐 (7)_00076.jpg","cl":"jpg","refId":"image_76","sr":1,"ks":{"o":{"a":0,"k":100,"ix":11},"r":{"a":0,"k":0,"ix":10},"p":{"a":0,"k":[140.5,250,0],"ix":2},"a":{"a":0,"k":[140.5,250,0],"ix":1},"s":{"a":0,"k":[100,100,100],"ix":6}},"ao":0,"ip":76,"op":77,"st":76,"bm":0},{"ddd":0,"ind":78,"ty":2,"nm":"小姐姐 (7)_00077.jpg","cl":"jpg","refId":"image_77","sr":1,"ks":{"o":{"a":0,"k":100,"ix":11},"r":{"a":0,"k":0,"ix":10},"p":{"a":0,"k":[140.5,250,0],"ix":2},"a":{"a":0,"k":[140.5,250,0],"ix":1},"s":{"a":0,"k":[100,100,100],"ix":6}},"ao":0,"ip":77,"op":78,"st":77,"bm":0},{"ddd":0,"ind":79,"ty":2,"nm":"小姐姐 (7)_00078.jpg","cl":"jpg","refId":"image_78","sr":1,"ks":{"o":{"a":0,"k":100,"ix":11},"r":{"a":0,"k":0,"ix":10},"p":{"a":0,"k":[140.5,250,0],"ix":2},"a":{"a":0,"k":[140.5,250,0],"ix":1},"s":{"a":0,"k":[100,100,100],"ix":6}},"ao":0,"ip":78,"op":79,"st":78,"bm":0},{"ddd":0,"ind":80,"ty":2,"nm":"小姐姐 (7)_00079.jpg","cl":"jpg","refId":"image_79","sr":1,"ks":{"o":{"a":0,"k":100,"ix":11},"r":{"a":0,"k":0,"ix":10},"p":{"a":0,"k":[140.5,250,0],"ix":2},"a":{"a":0,"k":[140.5,250,0],"ix":1},"s":{"a":0,"k":[100,100,100],"ix":6}},"ao":0,"ip":79,"op":80,"st":79,"bm":0},{"ddd":0,"ind":81,"ty":2,"nm":"小姐姐 (7)_00080.jpg","cl":"jpg","refId":"image_80","sr":1,"ks":{"o":{"a":0,"k":100,"ix":11},"r":{"a":0,"k":0,"ix":10},"p":{"a":0,"k":[140.5,250,0],"ix":2},"a":{"a":0,"k":[140.5,250,0],"ix":1},"s":{"a":0,"k":[100,100,100],"ix":6}},"ao":0,"ip":80,"op":81,"st":80,"bm":0},{"ddd":0,"ind":82,"ty":2,"nm":"小姐姐 (7)_00081.jpg","cl":"jpg","refId":"image_81","sr":1,"ks":{"o":{"a":0,"k":100,"ix":11},"r":{"a":0,"k":0,"ix":10},"p":{"a":0,"k":[140.5,250,0],"ix":2},"a":{"a":0,"k":[140.5,250,0],"ix":1},"s":{"a":0,"k":[100,100,100],"ix":6}},"ao":0,"ip":81,"op":82,"st":81,"bm":0},{"ddd":0,"ind":83,"ty":2,"nm":"小姐姐 (7)_00082.jpg","cl":"jpg","refId":"image_82","sr":1,"ks":{"o":{"a":0,"k":100,"ix":11},"r":{"a":0,"k":0,"ix":10},"p":{"a":0,"k":[140.5,250,0],"ix":2},"a":{"a":0,"k":[140.5,250,0],"ix":1},"s":{"a":0,"k":[100,100,100],"ix":6}},"ao":0,"ip":82,"op":83,"st":82,"bm":0},{"ddd":0,"ind":84,"ty":2,"nm":"小姐姐 (7)_00083.jpg","cl":"jpg","refId":"image_83","sr":1,"ks":{"o":{"a":0,"k":100,"ix":11},"r":{"a":0,"k":0,"ix":10},"p":{"a":0,"k":[140.5,250,0],"ix":2},"a":{"a":0,"k":[140.5,250,0],"ix":1},"s":{"a":0,"k":[100,100,100],"ix":6}},"ao":0,"ip":83,"op":84,"st":83,"bm":0},{"ddd":0,"ind":85,"ty":2,"nm":"小姐姐 (7)_00084.jpg","cl":"jpg","refId":"image_84","sr":1,"ks":{"o":{"a":0,"k":100,"ix":11},"r":{"a":0,"k":0,"ix":10},"p":{"a":0,"k":[140.5,250,0],"ix":2},"a":{"a":0,"k":[140.5,250,0],"ix":1},"s":{"a":0,"k":[100,100,100],"ix":6}},"ao":0,"ip":84,"op":85,"st":84,"bm":0},{"ddd":0,"ind":86,"ty":2,"nm":"小姐姐 (7)_00085.jpg","cl":"jpg","refId":"image_85","sr":1,"ks":{"o":{"a":0,"k":100,"ix":11},"r":{"a":0,"k":0,"ix":10},"p":{"a":0,"k":[140.5,250,0],"ix":2},"a":{"a":0,"k":[140.5,250,0],"ix":1},"s":{"a":0,"k":[100,100,100],"ix":6}},"ao":0,"ip":85,"op":86,"st":85,"bm":0},{"ddd":0,"ind":87,"ty":2,"nm":"小姐姐 (7)_00086.jpg","cl":"jpg","refId":"image_86","sr":1,"ks":{"o":{"a":0,"k":100,"ix":11},"r":{"a":0,"k":0,"ix":10},"p":{"a":0,"k":[140.5,250,0],"ix":2},"a":{"a":0,"k":[140.5,250,0],"ix":1},"s":{"a":0,"k":[100,100,100],"ix":6}},"ao":0,"ip":86,"op":87,"st":86,"bm":0},{"ddd":0,"ind":88,"ty":2,"nm":"小姐姐 (7)_00087.jpg","cl":"jpg","refId":"image_87","sr":1,"ks":{"o":{"a":0,"k":100,"ix":11},"r":{"a":0,"k":0,"ix":10},"p":{"a":0,"k":[140.5,250,0],"ix":2},"a":{"a":0,"k":[140.5,250,0],"ix":1},"s":{"a":0,"k":[100,100,100],"ix":6}},"ao":0,"ip":87,"op":88,"st":87,"bm":0},{"ddd":0,"ind":89,"ty":2,"nm":"小姐姐 (7)_00088.jpg","cl":"jpg","refId":"image_88","sr":1,"ks":{"o":{"a":0,"k":100,"ix":11},"r":{"a":0,"k":0,"ix":10},"p":{"a":0,"k":[140.5,250,0],"ix":2},"a":{"a":0,"k":[140.5,250,0],"ix":1},"s":{"a":0,"k":[100,100,100],"ix":6}},"ao":0,"ip":88,"op":89,"st":88,"bm":0},{"ddd":0,"ind":90,"ty":2,"nm":"小姐姐 (7)_00089.jpg","cl":"jpg","refId":"image_89","sr":1,"ks":{"o":{"a":0,"k":100,"ix":11},"r":{"a":0,"k":0,"ix":10},"p":{"a":0,"k":[140.5,250,0],"ix":2},"a":{"a":0,"k":[140.5,250,0],"ix":1},"s":{"a":0,"k":[100,100,100],"ix":6}},"ao":0,"ip":89,"op":90,"st":89,"bm":0},{"ddd":0,"ind":91,"ty":2,"nm":"小姐姐 (7)_00090.jpg","cl":"jpg","refId":"image_90","sr":1,"ks":{"o":{"a":0,"k":100,"ix":11},"r":{"a":0,"k":0,"ix":10},"p":{"a":0,"k":[140.5,250,0],"ix":2},"a":{"a":0,"k":[140.5,250,0],"ix":1},"s":{"a":0,"k":[100,100,100],"ix":6}},"ao":0,"ip":90,"op":91,"st":90,"bm":0},{"ddd":0,"ind":92,"ty":2,"nm":"小姐姐 (7)_00091.jpg","cl":"jpg","refId":"image_91","sr":1,"ks":{"o":{"a":0,"k":100,"ix":11},"r":{"a":0,"k":0,"ix":10},"p":{"a":0,"k":[140.5,250,0],"ix":2},"a":{"a":0,"k":[140.5,250,0],"ix":1},"s":{"a":0,"k":[100,100,100],"ix":6}},"ao":0,"ip":91,"op":92,"st":91,"bm":0},{"ddd":0,"ind":93,"ty":2,"nm":"小姐姐 (7)_00092.jpg","cl":"jpg","refId":"image_92","sr":1,"ks":{"o":{"a":0,"k":100,"ix":11},"r":{"a":0,"k":0,"ix":10},"p":{"a":0,"k":[140.5,250,0],"ix":2},"a":{"a":0,"k":[140.5,250,0],"ix":1},"s":{"a":0,"k":[100,100,100],"ix":6}},"ao":0,"ip":92,"op":93,"st":92,"bm":0},{"ddd":0,"ind":94,"ty":2,"nm":"小姐姐 (7)_00093.jpg","cl":"jpg","refId":"image_93","sr":1,"ks":{"o":{"a":0,"k":100,"ix":11},"r":{"a":0,"k":0,"ix":10},"p":{"a":0,"k":[140.5,250,0],"ix":2},"a":{"a":0,"k":[140.5,250,0],"ix":1},"s":{"a":0,"k":[100,100,100],"ix":6}},"ao":0,"ip":93,"op":94,"st":93,"bm":0},{"ddd":0,"ind":95,"ty":2,"nm":"小姐姐 (7)_00094.jpg","cl":"jpg","refId":"image_94","sr":1,"ks":{"o":{"a":0,"k":100,"ix":11},"r":{"a":0,"k":0,"ix":10},"p":{"a":0,"k":[140.5,250,0],"ix":2},"a":{"a":0,"k":[140.5,250,0],"ix":1},"s":{"a":0,"k":[100,100,100],"ix":6}},"ao":0,"ip":94,"op":95,"st":94,"bm":0},{"ddd":0,"ind":96,"ty":2,"nm":"小姐姐 (7)_00095.jpg","cl":"jpg","refId":"image_95","sr":1,"ks":{"o":{"a":0,"k":100,"ix":11},"r":{"a":0,"k":0,"ix":10},"p":{"a":0,"k":[140.5,250,0],"ix":2},"a":{"a":0,"k":[140.5,250,0],"ix":1},"s":{"a":0,"k":[100,100,100],"ix":6}},"ao":0,"ip":95,"op":96,"st":95,"bm":0},{"ddd":0,"ind":97,"ty":2,"nm":"小姐姐 (7)_00096.jpg","cl":"jpg","refId":"image_96","sr":1,"ks":{"o":{"a":0,"k":100,"ix":11},"r":{"a":0,"k":0,"ix":10},"p":{"a":0,"k":[140.5,250,0],"ix":2},"a":{"a":0,"k":[140.5,250,0],"ix":1},"s":{"a":0,"k":[100,100,100],"ix":6}},"ao":0,"ip":96,"op":97,"st":96,"bm":0},{"ddd":0,"ind":98,"ty":2,"nm":"小姐姐 (7)_00097.jpg","cl":"jpg","refId":"image_97","sr":1,"ks":{"o":{"a":0,"k":100,"ix":11},"r":{"a":0,"k":0,"ix":10},"p":{"a":0,"k":[140.5,250,0],"ix":2},"a":{"a":0,"k":[140.5,250,0],"ix":1},"s":{"a":0,"k":[100,100,100],"ix":6}},"ao":0,"ip":97,"op":98,"st":97,"bm":0},{"ddd":0,"ind":99,"ty":2,"nm":"小姐姐 (7)_00098.jpg","cl":"jpg","refId":"image_98","sr":1,"ks":{"o":{"a":0,"k":100,"ix":11},"r":{"a":0,"k":0,"ix":10},"p":{"a":0,"k":[140.5,250,0],"ix":2},"a":{"a":0,"k":[140.5,250,0],"ix":1},"s":{"a":0,"k":[100,100,100],"ix":6}},"ao":0,"ip":98,"op":99,"st":98,"bm":0},{"ddd":0,"ind":100,"ty":2,"nm":"小姐姐 (7)_00099.jpg","cl":"jpg","refId":"image_99","sr":1,"ks":{"o":{"a":0,"k":100,"ix":11},"r":{"a":0,"k":0,"ix":10},"p":{"a":0,"k":[140.5,250,0],"ix":2},"a":{"a":0,"k":[140.5,250,0],"ix":1},"s":{"a":0,"k":[100,100,100],"ix":6}},"ao":0,"ip":99,"op":100,"st":99,"bm":0},{"ddd":0,"ind":101,"ty":2,"nm":"小姐姐 (7)_00100.jpg","cl":"jpg","refId":"image_100","sr":1,"ks":{"o":{"a":0,"k":100,"ix":11},"r":{"a":0,"k":0,"ix":10},"p":{"a":0,"k":[140.5,250,0],"ix":2},"a":{"a":0,"k":[140.5,250,0],"ix":1},"s":{"a":0,"k":[100,100,100],"ix":6}},"ao":0,"ip":100,"op":101,"st":100,"bm":0},{"ddd":0,"ind":102,"ty":2,"nm":"小姐姐 (7)_00101.jpg","cl":"jpg","refId":"image_101","sr":1,"ks":{"o":{"a":0,"k":100,"ix":11},"r":{"a":0,"k":0,"ix":10},"p":{"a":0,"k":[140.5,250,0],"ix":2},"a":{"a":0,"k":[140.5,250,0],"ix":1},"s":{"a":0,"k":[100,100,100],"ix":6}},"ao":0,"ip":101,"op":102,"st":101,"bm":0}],"markers":[]}