{"v":"5.6.5","fr":25,"ip":0,"op":750,"w":1125,"h":2436,"nm":"11","ddd":0,"assets":[{"id":"image_0","w":1125,"h":2436,"u":"images/","p":"img_0.jpg","e":0},{"id":"image_1","w":1125,"h":2436,"u":"images/","p":"img_1.jpg","e":0},{"id":"image_2","w":1125,"h":2436,"u":"images/","p":"img_2.jpg","e":0},{"id":"image_3","w":1125,"h":2436,"u":"images/","p":"img_3.jpg","e":0},{"id":"image_4","w":1125,"h":2436,"u":"images/","p":"img_4.jpg","e":0},{"id":"image_5","w":1125,"h":2436,"u":"images/","p":"img_5.jpg","e":0},{"id":"image_6","w":1125,"h":2436,"u":"images/","p":"img_6.jpg","e":0},{"id":"image_7","w":782,"h":151,"u":"images/","p":"img_7.png","e":0},{"id":"image_8","w":600,"h":272,"u":"images/","p":"img_8.png","e":0},{"id":"image_9","w":1125,"h":2436,"u":"images/","p":"img_9.jpg","e":0},{"id":"image_10","w":1125,"h":2436,"u":"images/","p":"img_10.jpg","e":0},{"id":"image_11","w":1125,"h":2436,"u":"images/","p":"img_11.jpg","e":0}],"layers":[{"ddd":0,"ind":1,"ty":2,"nm":"11.jpg","cl":"jpg","refId":"image_0","sr":1,"ks":{"o":{"a":1,"k":[{"i":{"x":[0.833],"y":[0.833]},"o":{"x":[0.167],"y":[0.167]},"t":0,"s":[1]},{"t":14,"s":[100]}],"ix":11},"r":{"a":0,"k":0,"ix":10},"p":{"a":0,"k":[562.5,1218,0],"ix":2},"a":{"a":0,"k":[562.5,1218,0],"ix":1},"s":{"a":1,"k":[{"i":{"x":[0.833,0.833,0.833],"y":[0.833,0.833,0.833]},"o":{"x":[0.167,0.167,0.167],"y":[0.167,0.167,0.167]},"t":0,"s":[123,123,100]},{"t":14,"s":[100,100,100]}],"ix":6}},"ao":0,"ip":0,"op":32,"st":0,"bm":0},{"ddd":0,"ind":2,"ty":2,"nm":"11.jpg","cl":"jpg","refId":"image_0","sr":1,"ks":{"o":{"a":1,"k":[{"i":{"x":[0.833],"y":[0.833]},"o":{"x":[0.167],"y":[0.167]},"t":33,"s":[100]},{"t":50,"s":[1]}],"ix":11},"r":{"a":0,"k":0,"ix":10},"p":{"a":0,"k":[562.5,1218,0],"ix":2},"a":{"a":0,"k":[562.5,1218,0],"ix":1},"s":{"a":1,"k":[{"i":{"x":[0.833,0.833,0.833],"y":[0.833,0.833,0.833]},"o":{"x":[0.167,0.167,0.167],"y":[0.167,0.167,0.167]},"t":33,"s":[100,100,100]},{"t":50,"s":[134,134,100]}],"ix":6}},"ao":0,"ip":24,"op":50,"st":0,"bm":0},{"ddd":0,"ind":3,"ty":2,"nm":"12.jpg","cl":"jpg","refId":"image_1","sr":1,"ks":{"o":{"a":1,"k":[{"i":{"x":[0.833],"y":[0.833]},"o":{"x":[0.167],"y":[0.167]},"t":33,"s":[0]},{"t":50,"s":[100]}],"ix":11},"r":{"a":0,"k":0,"ix":10},"p":{"a":0,"k":[562.5,1218,0],"ix":2},"a":{"a":0,"k":[562.5,1218,0],"ix":1},"s":{"a":1,"k":[{"i":{"x":[0.833,0.833,0.833],"y":[0.833,0.833,0.833]},"o":{"x":[0.167,0.167,0.167],"y":[0.167,0.167,0.167]},"t":33,"s":[70,70,100]},{"t":50,"s":[100,100,100]}],"ix":6}},"ao":0,"ip":33,"op":79,"st":33,"bm":0},{"ddd":0,"ind":4,"ty":2,"nm":"12 - 副本.jpg","cl":"jpg","refId":"image_2","sr":1,"ks":{"o":{"a":1,"k":[{"i":{"x":[0.833],"y":[0.833]},"o":{"x":[0.167],"y":[0.167]},"t":81,"s":[100]},{"t":104,"s":[0]}],"ix":11},"r":{"a":0,"k":0,"ix":10},"p":{"a":0,"k":[562.5,1218,0],"ix":2},"a":{"a":0,"k":[562.5,1218,0],"ix":1},"s":{"a":1,"k":[{"i":{"x":[0.833,0.833,0.833],"y":[0.833,0.833,0.833]},"o":{"x":[0.167,0.167,0.167],"y":[0.167,0.167,0.167]},"t":81,"s":[100,100,100]},{"t":104,"s":[70,70,100]}],"ix":6}},"ao":0,"ip":67,"op":104,"st":-654,"bm":0},{"ddd":0,"ind":5,"ty":2,"nm":"13.jpg","cl":"jpg","refId":"image_3","sr":1,"ks":{"o":{"a":1,"k":[{"i":{"x":[0.833],"y":[0.833]},"o":{"x":[0.167],"y":[0.167]},"t":82,"s":[0]},{"t":105,"s":[100]}],"ix":11},"r":{"a":0,"k":0,"ix":10},"p":{"a":0,"k":[562.5,1218,0],"ix":2},"a":{"a":0,"k":[562.5,1218,0],"ix":1},"s":{"a":1,"k":[{"i":{"x":[0.833,0.833,0.833],"y":[0.833,0.833,0.833]},"o":{"x":[0.167,0.167,0.167],"y":[0.167,0.167,0.167]},"t":82,"s":[130,130,100]},{"t":105,"s":[100,100,100]}],"ix":6}},"ao":0,"ip":82,"op":125,"st":82,"bm":0},{"ddd":0,"ind":6,"ty":2,"nm":"869.jpg","cl":"jpg","refId":"image_4","sr":1,"ks":{"o":{"a":1,"k":[{"i":{"x":[0.833],"y":[0.833]},"o":{"x":[0.167],"y":[0.167]},"t":132,"s":[100]},{"t":150,"s":[0]}],"ix":11},"r":{"a":0,"k":0,"ix":10},"p":{"a":0,"k":[562.5,1218,0],"ix":2},"a":{"a":0,"k":[562.5,1218,0],"ix":1},"s":{"a":0,"k":[100,100,100],"ix":6}},"ao":0,"ip":120,"op":151,"st":86,"bm":0},{"ddd":0,"ind":7,"ty":2,"nm":"14.jpg","cl":"jpg","refId":"image_5","sr":1,"ks":{"o":{"a":1,"k":[{"i":{"x":[0.833],"y":[0.833]},"o":{"x":[0.167],"y":[0.167]},"t":133,"s":[0]},{"t":152,"s":[100]}],"ix":11},"r":{"a":0,"k":0,"ix":10},"p":{"a":0,"k":[562.5,1218,0],"ix":2},"a":{"a":0,"k":[562.5,1218,0],"ix":1},"s":{"a":0,"k":[100,100,100],"ix":6}},"ao":0,"ip":133,"op":169,"st":133,"bm":0},{"ddd":0,"ind":8,"ty":2,"nm":"113.jpg","cl":"jpg","refId":"image_6","sr":1,"ks":{"o":{"a":1,"k":[{"i":{"x":[0.833],"y":[0.833]},"o":{"x":[0.167],"y":[0.167]},"t":176,"s":[100]},{"t":185,"s":[0]}],"ix":11},"r":{"a":0,"k":0,"ix":10},"p":{"a":0,"k":[562.5,1218,0],"ix":2},"a":{"a":0,"k":[562.5,1218,0],"ix":1},"s":{"a":0,"k":[100,100,100],"ix":6}},"ao":0,"ip":146,"op":186,"st":-511,"bm":0},{"ddd":0,"ind":9,"ty":2,"nm":"pic2.png","cl":"png","refId":"image_7","sr":1,"ks":{"o":{"a":1,"k":[{"i":{"x":[0.833],"y":[0.833]},"o":{"x":[0.167],"y":[0.167]},"t":363,"s":[0]},{"t":377,"s":[100]}],"ix":11},"r":{"a":0,"k":0,"ix":10},"p":{"a":0,"k":[520.5,408,0],"ix":2},"a":{"a":0,"k":[391,75.5,0],"ix":1},"s":{"a":0,"k":[100,100,100],"ix":6}},"ao":0,"ip":363,"op":762,"st":0,"bm":0},{"ddd":0,"ind":10,"ty":2,"nm":"timg.png","cl":"png","refId":"image_8","sr":1,"ks":{"o":{"a":1,"k":[{"i":{"x":[0.833],"y":[0.833]},"o":{"x":[0.167],"y":[0.167]},"t":335,"s":[0]},{"t":351,"s":[100]}],"ix":11},"r":{"a":0,"k":0,"ix":10},"p":{"a":1,"k":[{"i":{"x":0.833,"y":0.833},"o":{"x":0.167,"y":0.167},"t":335,"s":[565.5,1696,0],"to":[0,54.5,0],"ti":[0,-54.5,0]},{"t":351,"s":[565.5,2023,0]}],"ix":2},"a":{"a":0,"k":[300,136,0],"ix":1},"s":{"a":0,"k":[110.667,129.412,100],"ix":6}},"ao":0,"ip":335,"op":765,"st":0,"bm":0},{"ddd":0,"ind":11,"ty":2,"nm":"14.jpg","cl":"jpg","refId":"image_5","sr":1,"ks":{"o":{"a":1,"k":[{"i":{"x":[0.833],"y":[0.833]},"o":{"x":[0.167],"y":[0.167]},"t":301,"s":[0]},{"t":320,"s":[100]}],"ix":11},"r":{"a":0,"k":0,"ix":10},"p":{"a":0,"k":[736.5,1758,0],"ix":2},"a":{"a":0,"k":[562.5,1218,0],"ix":1},"s":{"a":1,"k":[{"i":{"x":[0.833,0.833,0.833],"y":[0.833,0.833,0.833]},"o":{"x":[0.167,0.167,0.167],"y":[0.167,0.167,0.167]},"t":301,"s":[59.467,51.724,100]},{"t":320,"s":[41.467,36.068,100]}],"ix":6}},"ao":0,"ip":301,"op":750,"st":0,"bm":0},{"ddd":0,"ind":13,"ty":2,"nm":"003.jpg","cl":"jpg","refId":"image_9","sr":1,"ks":{"o":{"a":1,"k":[{"i":{"x":[0.833],"y":[0.833]},"o":{"x":[0.167],"y":[0.167]},"t":265,"s":[1]},{"t":278,"s":[100]}],"ix":11},"r":{"a":0,"k":0,"ix":10},"p":{"a":0,"k":[294.5,1388,0],"ix":2},"a":{"a":0,"k":[562.5,1218,0],"ix":1},"s":{"a":1,"k":[{"i":{"x":[0.833,0.833,0.833],"y":[0.833,0.833,0.833]},"o":{"x":[0.167,0.167,0.167],"y":[0.167,0.167,0.167]},"t":265,"s":[57.378,47.13,100]},{"t":278,"s":[41.378,33.988,100]}],"ix":6}},"ao":0,"ip":265,"op":762,"st":-372,"bm":0},{"ddd":0,"ind":14,"ty":2,"nm":"993.jpg","cl":"jpg","refId":"image_10","sr":1,"ks":{"o":{"a":1,"k":[{"i":{"x":[0.833],"y":[0.833]},"o":{"x":[0.167],"y":[0.167]},"t":232,"s":[0]},{"t":246,"s":[100]}],"ix":11},"r":{"a":0,"k":0,"ix":10},"p":{"a":0,"k":[698.5,858,0],"ix":2},"a":{"a":0,"k":[562.5,1218,0],"ix":1},"s":{"a":1,"k":[{"i":{"x":[0.833,0.833,0.833],"y":[0.833,0.833,0.833]},"o":{"x":[0.167,0.167,0.167],"y":[0.167,0.167,0.167]},"t":232,"s":[63.222,61.392,100]},{"t":246,"s":[50.222,48.768,100]}],"ix":6}},"ao":0,"ip":232,"op":764,"st":-477,"bm":0},{"ddd":0,"ind":15,"ty":2,"nm":"889.jpg","cl":"jpg","refId":"image_11","sr":1,"ks":{"o":{"a":1,"k":[{"i":{"x":[0.833],"y":[0.833]},"o":{"x":[0.167],"y":[0.167]},"t":194,"s":[0]},{"t":207,"s":[100]}],"ix":11},"r":{"a":0,"k":0,"ix":10},"p":{"a":0,"k":[314.5,722,0],"ix":2},"a":{"a":0,"k":[562.5,1218,0],"ix":1},"s":{"a":1,"k":[{"i":{"x":[0.833,0.833,0.833],"y":[0.833,0.833,0.833]},"o":{"x":[0.167,0.167,0.167],"y":[0.167,0.167,0.167]},"t":194,"s":[68.644,55.219,100]},{"i":{"x":[0.833,0.833,0.833],"y":[0.833,0.833,0.833]},"o":{"x":[0.167,0.167,0.167],"y":[0.167,0.167,0.167]},"t":207,"s":[51.644,41.544,100]},{"t":231,"s":[51.644,41.544,100]}],"ix":6}},"ao":0,"ip":194,"op":764,"st":-199,"bm":0}],"markers":[]}