{"v":"5.6.8","fr":60,"ip":0,"op":488,"w":1080,"h":1920,"nm":"最终","ddd":0,"assets":[{"id":"image_0","w":272,"h":204,"u":"images/","p":"img_0.png","e":0},{"id":"image_1","w":692,"h":707,"u":"images/","p":"img_1.png","e":0},{"id":"image_2","w":262,"h":564,"u":"images/","p":"img_2.png","e":0},{"id":"image_3","w":468,"h":1128,"u":"images/","p":"img_3.png","e":0},{"id":"image_4","w":789,"h":1893,"u":"images/","p":"img_4.png","e":0},{"id":"image_5","w":550,"h":776,"u":"images/","p":"img_5.png","e":0},{"id":"image_6","w":324,"h":600,"u":"images/","p":"img_6.png","e":0},{"id":"image_7","w":417,"h":678,"u":"images/","p":"img_7.png","e":0},{"id":"image_8","w":596,"h":190,"u":"images/","p":"img_8.png","e":0},{"id":"image_9","w":572,"h":185,"u":"images/","p":"img_9.png","e":0},{"id":"image_10","w":1440,"h":2386,"u":"images/","p":"img_10.png","e":0},{"id":"image_11","w":789,"h":1894,"u":"images/","p":"img_11.png","e":0},{"id":"image_12","w":443,"h":1120,"u":"images/","p":"img_12.png","e":0},{"id":"image_13","w":1000,"h":1414,"u":"images/","p":"img_13.jpg","e":0},{"id":"comp_0","layers":[{"ddd":0,"ind":1,"ty":2,"nm":"dm.png","cl":"png","refId":"image_0","sr":1,"ks":{"o":{"a":0,"k":100,"ix":11},"r":{"a":1,"k":[{"i":{"x":[0.833],"y":[0.833]},"o":{"x":[0.167],"y":[0.167]},"t":0,"s":[0]},{"i":{"x":[0.833],"y":[0.833]},"o":{"x":[0.167],"y":[0.167]},"t":136,"s":[-13]},{"i":{"x":[0.833],"y":[0.833]},"o":{"x":[0.167],"y":[0.167]},"t":281,"s":[0]},{"t":402,"s":[4]}],"ix":10},"p":{"a":0,"k":[496,154,0],"ix":2},"a":{"a":0,"k":[36,181,0],"ix":1},"s":{"a":1,"k":[{"i":{"x":[0.833,0.833,0.833],"y":[0.833,0.833,0.833]},"o":{"x":[0.167,0.167,0.167],"y":[0.167,0.167,0.167]},"t":-3,"s":[77,77,100]},{"i":{"x":[0.833,0.833,0.833],"y":[0.833,0.833,0.833]},"o":{"x":[0.167,0.167,0.167],"y":[0.167,0.167,0.167]},"t":58,"s":[52.702,77,100]},{"i":{"x":[0.833,0.833,0.833],"y":[0.833,0.833,0.833]},"o":{"x":[0.167,0.167,0.167],"y":[0.167,0.167,0.167]},"t":253,"s":[96.654,77,100]},{"i":{"x":[0.833,0.833,0.833],"y":[0.833,0.833,0.833]},"o":{"x":[0.167,0.167,0.167],"y":[0.167,0.167,0.167]},"t":409,"s":[58.493,77,100]},{"t":487,"s":[77,77,100]}],"ix":6}},"ao":0,"ip":0,"op":488,"st":0,"bm":0},{"ddd":0,"ind":2,"ty":2,"nm":"发中.png","cl":"png","refId":"image_1","sr":1,"ks":{"o":{"a":0,"k":100,"ix":11},"r":{"a":1,"k":[{"i":{"x":[0.667],"y":[1]},"o":{"x":[0.333],"y":[0]},"t":0,"s":[0]},{"i":{"x":[0.667],"y":[1]},"o":{"x":[0.333],"y":[0]},"t":136,"s":[3]},{"i":{"x":[0.667],"y":[1]},"o":{"x":[0.333],"y":[0]},"t":281,"s":[0]},{"i":{"x":[0.667],"y":[1]},"o":{"x":[0.333],"y":[0]},"t":402,"s":[-4]},{"t":487,"s":[0]}],"ix":10},"p":{"a":0,"k":[444,172,0],"ix":2},"a":{"a":0,"k":[385,92.5,0],"ix":1},"s":{"a":0,"k":[77,77,100],"ix":6}},"ao":0,"ip":0,"op":488,"st":0,"bm":0},{"ddd":0,"ind":3,"ty":2,"nm":"FR.png","cl":"png","refId":"image_2","sr":1,"ks":{"o":{"a":0,"k":100,"ix":11},"r":{"a":1,"k":[{"i":{"x":[0.667],"y":[1]},"o":{"x":[0.333],"y":[0]},"t":0,"s":[0]},{"i":{"x":[0.667],"y":[1]},"o":{"x":[0.333],"y":[0]},"t":136,"s":[6]},{"i":{"x":[0.667],"y":[1]},"o":{"x":[0.333],"y":[0]},"t":281,"s":[0]},{"i":{"x":[0.667],"y":[1]},"o":{"x":[0.333],"y":[0]},"t":402,"s":[-4]},{"t":487,"s":[0]}],"ix":10},"p":{"a":0,"k":[502,182,0],"ix":2},"a":{"a":0,"k":[29,30,0],"ix":1},"s":{"a":0,"k":[77,77,100],"ix":6}},"ao":0,"ip":0,"op":488,"st":0,"bm":0},{"ddd":0,"ind":4,"ty":2,"nm":"手.png","cl":"png","refId":"image_3","sr":1,"ks":{"o":{"a":0,"k":100,"ix":11},"r":{"a":1,"k":[{"i":{"x":[0.667],"y":[1]},"o":{"x":[0.333],"y":[0]},"t":0,"s":[0]},{"i":{"x":[0.667],"y":[1]},"o":{"x":[0.333],"y":[0]},"t":74,"s":[10]},{"i":{"x":[0.667],"y":[1]},"o":{"x":[0.333],"y":[0]},"t":225,"s":[-2]},{"i":{"x":[0.667],"y":[1]},"o":{"x":[0.333],"y":[0]},"t":340,"s":[10]},{"i":{"x":[0.667],"y":[1]},"o":{"x":[0.333],"y":[0]},"t":443,"s":[-2]},{"t":487,"s":[0]}],"ix":10},"p":{"a":0,"k":[-58,1472,0],"ix":2},"a":{"a":0,"k":[-3,968,0],"ix":1},"s":{"a":0,"k":[81,81,100],"ix":6}},"ao":0,"ip":0,"op":488,"st":0,"bm":0},{"ddd":0,"ind":5,"ty":2,"nm":"发R4.png","cl":"png","refId":"image_4","sr":1,"ks":{"o":{"a":0,"k":100,"ix":11},"r":{"a":1,"k":[{"i":{"x":[0.667],"y":[1]},"o":{"x":[0.333],"y":[0]},"t":0,"s":[0]},{"i":{"x":[0.667],"y":[1]},"o":{"x":[0.333],"y":[0]},"t":136,"s":[5]},{"i":{"x":[0.667],"y":[1]},"o":{"x":[0.333],"y":[0]},"t":281,"s":[0]},{"i":{"x":[0.667],"y":[1]},"o":{"x":[0.333],"y":[0]},"t":402,"s":[-1]},{"t":487,"s":[0]}],"ix":10},"p":{"a":0,"k":[566,148,0],"ix":2},"a":{"a":0,"k":[104.5,36.5,0],"ix":1},"s":{"a":0,"k":[77,77,100],"ix":6}},"ao":0,"ip":0,"op":488,"st":0,"bm":0},{"ddd":0,"ind":6,"ty":2,"nm":"发R.png","cl":"png","refId":"image_5","sr":1,"ks":{"o":{"a":0,"k":100,"ix":11},"r":{"a":1,"k":[{"i":{"x":[0.667],"y":[1]},"o":{"x":[0.333],"y":[0]},"t":0,"s":[0]},{"i":{"x":[0.667],"y":[1]},"o":{"x":[0.333],"y":[0]},"t":136,"s":[16]},{"i":{"x":[0.667],"y":[1]},"o":{"x":[0.333],"y":[0]},"t":281,"s":[0]},{"i":{"x":[0.667],"y":[1]},"o":{"x":[0.333],"y":[0]},"t":402,"s":[-16]},{"t":487,"s":[0]}],"ix":10},"p":{"a":1,"k":[{"i":{"x":0.833,"y":0.833},"o":{"x":0.167,"y":0.167},"t":0,"s":[696,688,0],"to":[-9.333,6.333,0],"ti":[1.167,-1.333,0]},{"i":{"x":0.833,"y":0.833},"o":{"x":0.167,"y":0.167},"t":136,"s":[640,726,0],"to":[-1.167,1.333,0],"ti":[-16.667,9,0]},{"i":{"x":0.833,"y":0.833},"o":{"x":0.167,"y":0.167},"t":281,"s":[689,696,0],"to":[16.667,-9,0],"ti":[-1.167,1.333,0]},{"i":{"x":0.833,"y":0.833},"o":{"x":0.167,"y":0.167},"t":402,"s":[740,672,0],"to":[1.167,-1.333,0],"ti":[16.667,-9,0]},{"i":{"x":0.833,"y":0.833},"o":{"x":0.167,"y":0.167},"t":487,"s":[696,688,0],"to":[-16.667,9,0],"ti":[1.167,-1.333,0]},{"i":{"x":0.833,"y":0.833},"o":{"x":0.167,"y":0.167},"t":623,"s":[640,726,0],"to":[-1.167,1.333,0],"ti":[-16.667,9,0]},{"i":{"x":0.833,"y":0.833},"o":{"x":0.167,"y":0.167},"t":768,"s":[689,696,0],"to":[16.667,-9,0],"ti":[-0.5,-8.333,0]},{"i":{"x":0.833,"y":0.833},"o":{"x":0.167,"y":0.167},"t":889,"s":[740,672,0],"to":[0.5,8.333,0],"ti":[16.667,-9,0]},{"i":{"x":0.833,"y":0.833},"o":{"x":0.167,"y":0.167},"t":974,"s":[692,746,0],"to":[-16.667,9,0],"ti":[0.5,8.333,0]},{"i":{"x":0.833,"y":0.833},"o":{"x":0.167,"y":0.167},"t":1110,"s":[640,726,0],"to":[-0.5,-8.333,0],"ti":[-16.667,9,0]},{"i":{"x":0.833,"y":0.833},"o":{"x":0.167,"y":0.167},"t":1255,"s":[689,696,0],"to":[16.667,-9,0],"ti":[-8.5,4,0]},{"t":1376,"s":[740,672,0]}],"ix":2},"a":{"a":0,"k":[467,141,0],"ix":1},"s":{"a":0,"k":[81,81,100],"ix":6}},"ao":0,"ip":0,"op":488,"st":0,"bm":0},{"ddd":0,"ind":7,"ty":2,"nm":"发L2.png","cl":"png","refId":"image_6","sr":1,"ks":{"o":{"a":0,"k":100,"ix":11},"r":{"a":1,"k":[{"i":{"x":[0.667],"y":[1]},"o":{"x":[0.333],"y":[0]},"t":0,"s":[0]},{"i":{"x":[0.667],"y":[1]},"o":{"x":[0.333],"y":[0]},"t":136,"s":[1]},{"i":{"x":[0.667],"y":[1]},"o":{"x":[0.333],"y":[0]},"t":281,"s":[0]},{"i":{"x":[0.667],"y":[1]},"o":{"x":[0.333],"y":[0]},"t":402,"s":[-4]},{"t":487,"s":[0]}],"ix":10},"p":{"a":0,"k":[213,340,0],"ix":2},"a":{"a":0,"k":[241,26,0],"ix":1},"s":{"a":0,"k":[81,81,100],"ix":6}},"ao":0,"ip":0,"op":488,"st":0,"bm":0},{"ddd":0,"ind":8,"ty":2,"nm":"发L.png","cl":"png","refId":"image_7","sr":1,"ks":{"o":{"a":0,"k":100,"ix":11},"r":{"a":1,"k":[{"i":{"x":[0.667],"y":[1]},"o":{"x":[0.333],"y":[0]},"t":0,"s":[0]},{"i":{"x":[0.667],"y":[1]},"o":{"x":[0.333],"y":[0]},"t":136,"s":[14]},{"i":{"x":[0.667],"y":[1]},"o":{"x":[0.333],"y":[0]},"t":281,"s":[0]},{"i":{"x":[0.667],"y":[1]},"o":{"x":[0.333],"y":[0]},"t":402,"s":[-16]},{"t":487,"s":[0]}],"ix":10},"p":{"a":0,"k":[262,778,0],"ix":2},"a":{"a":0,"k":[354.5,108,0],"ix":1},"s":{"a":0,"k":[81,81,100],"ix":6}},"ao":0,"ip":0,"op":488,"st":0,"bm":0},{"ddd":0,"ind":9,"ty":0,"nm":"眼睛","refId":"comp_1","sr":1,"ks":{"o":{"a":0,"k":100,"ix":11},"r":{"a":0,"k":0,"ix":10},"p":{"a":0,"k":[430,724,0],"ix":2},"a":{"a":0,"k":[540,960,0],"ix":1},"s":{"a":0,"k":[100,100,100],"ix":6}},"ao":0,"w":1080,"h":1920,"ip":0,"op":488,"st":0,"bm":0},{"ddd":0,"ind":10,"ty":2,"nm":"bg.png","cl":"png","refId":"image_10","sr":1,"ks":{"o":{"a":0,"k":100,"ix":11},"r":{"a":0,"k":0,"ix":10},"p":{"a":0,"k":[534,1016,0],"ix":2},"a":{"a":0,"k":[720,1193,0],"ix":1},"s":{"a":0,"k":[75.883,75.883,100],"ix":6}},"ao":0,"ip":0,"op":488,"st":0,"bm":0},{"ddd":0,"ind":11,"ty":2,"nm":"发R3.png","cl":"png","refId":"image_11","sr":1,"ks":{"o":{"a":0,"k":100,"ix":11},"r":{"a":1,"k":[{"i":{"x":[0.667],"y":[1]},"o":{"x":[0.333],"y":[0]},"t":0,"s":[0]},{"i":{"x":[0.667],"y":[1]},"o":{"x":[0.333],"y":[0]},"t":136,"s":[8]},{"i":{"x":[0.667],"y":[1]},"o":{"x":[0.333],"y":[0]},"t":281,"s":[0]},{"i":{"x":[0.667],"y":[1]},"o":{"x":[0.333],"y":[0]},"t":402,"s":[1]},{"t":487,"s":[0]}],"ix":10},"p":{"a":0,"k":[532,142,0],"ix":2},"a":{"a":0,"k":[66.5,24,0],"ix":1},"s":{"a":0,"k":[76.5,76.5,100],"ix":6}},"ao":0,"ip":0,"op":488,"st":0,"bm":0},{"ddd":0,"ind":12,"ty":2,"nm":"发R2.png","cl":"png","refId":"image_12","sr":1,"ks":{"o":{"a":0,"k":100,"ix":11},"r":{"a":1,"k":[{"i":{"x":[0.667],"y":[1]},"o":{"x":[0.333],"y":[0]},"t":0,"s":[0]},{"i":{"x":[0.667],"y":[1]},"o":{"x":[0.333],"y":[0]},"t":136,"s":[16]},{"i":{"x":[0.667],"y":[1]},"o":{"x":[0.333],"y":[0]},"t":281,"s":[0]},{"i":{"x":[0.667],"y":[1]},"o":{"x":[0.333],"y":[0]},"t":402,"s":[-5]},{"t":487,"s":[0]}],"ix":10},"p":{"a":0,"k":[760,552,0],"ix":2},"a":{"a":0,"k":[39.5,105,0],"ix":1},"s":{"a":0,"k":[81,81,100],"ix":6}},"ao":0,"ip":0,"op":488,"st":0,"bm":0}]},{"id":"comp_1","layers":[{"ddd":0,"ind":1,"ty":2,"nm":"图层 5.png","cl":"png","refId":"image_8","sr":1,"ks":{"o":{"a":0,"k":100,"ix":11},"r":{"a":0,"k":0,"ix":10},"p":{"a":1,"k":[{"i":{"x":0.833,"y":0.833},"o":{"x":0.167,"y":0.167},"t":0,"s":[536,848,0],"to":[0,0,0],"ti":[0,0,0]},{"i":{"x":0.833,"y":0.833},"o":{"x":0.167,"y":0.167},"t":180,"s":[536,848,0],"to":[1.833,5.333,0],"ti":[0,0,0]},{"i":{"x":0.833,"y":0.833},"o":{"x":0.167,"y":0.167},"t":210,"s":[547,880,0],"to":[0,0,0],"ti":[1.833,5.333,0]},{"i":{"x":0.833,"y":0.833},"o":{"x":0.167,"y":0.167},"t":240,"s":[536,848,0],"to":[0,0,0],"ti":[0,0,0]},{"i":{"x":0.833,"y":0.833},"o":{"x":0.167,"y":0.167},"t":420,"s":[536,848,0],"to":[1.833,5.333,0],"ti":[0,0,0]},{"i":{"x":0.833,"y":0.833},"o":{"x":0.167,"y":0.167},"t":450,"s":[547,880,0],"to":[0,0,0],"ti":[1.833,5.333,0]},{"t":480,"s":[536,848,0]}],"ix":2},"a":{"a":0,"k":[298,95,0],"ix":1},"s":{"a":1,"k":[{"i":{"x":[0.833,0.833,0.833],"y":[0.833,0.833,0.833]},"o":{"x":[0.167,0.167,0.167],"y":[0.167,0.167,0.167]},"t":0,"s":[76.5,76.5,100]},{"i":{"x":[0.833,0.833,0.833],"y":[0.833,0.833,0.833]},"o":{"x":[0.167,0.167,0.167],"y":[0.167,0.167,0.167]},"t":180,"s":[76.5,76.5,100]},{"i":{"x":[0.833,0.833,0.833],"y":[0.833,0.833,0.833]},"o":{"x":[0.167,0.167,0.167],"y":[0.167,0.167,0.167]},"t":210,"s":[76.5,40.711,100]},{"i":{"x":[0.833,0.833,0.833],"y":[0.833,0.833,0.833]},"o":{"x":[0.167,0.167,0.167],"y":[0.167,0.167,0.167]},"t":240,"s":[76.5,76.5,100]},{"i":{"x":[0.833,0.833,0.833],"y":[0.833,0.833,0.833]},"o":{"x":[0.167,0.167,0.167],"y":[0.167,0.167,0.167]},"t":420,"s":[76.5,76.5,100]},{"i":{"x":[0.833,0.833,0.833],"y":[0.833,0.833,0.833]},"o":{"x":[0.167,0.167,0.167],"y":[0.167,0.167,0.167]},"t":450,"s":[76.5,40.711,100]},{"t":480,"s":[76.5,76.5,100]}],"ix":6}},"ao":0,"ip":0,"op":488,"st":0,"bm":0},{"ddd":0,"ind":2,"ty":2,"nm":"图层 3.png","cl":"png","refId":"image_9","sr":1,"ks":{"o":{"a":0,"k":100,"ix":11},"r":{"a":0,"k":0,"ix":10},"p":{"a":0,"k":[538,850,0],"ix":2},"a":{"a":0,"k":[286,92.5,0],"ix":1},"s":{"a":0,"k":[76.5,76.5,100],"ix":6}},"ao":0,"hasMask":true,"masksProperties":[{"inv":false,"mode":"a","pt":{"a":1,"k":[{"i":{"x":0.833,"y":0.833},"o":{"x":0.167,"y":0.167},"t":0,"s":[{"i":[[0,0],[0,0],[0,0],[0,0],[0,0],[0,0],[0,0],[0,0],[0,0],[0,0],[0,0],[0,0],[0,0],[0,0],[0,0],[0,0],[0,0],[0,0],[0,0],[0,0],[0,0]],"o":[[0,0],[0,0],[0,0],[0,0],[0,0],[0,0],[0,0],[0,0],[0,0],[0,0],[0,0],[0,0],[0,0],[0,0],[0,0],[0,0],[0,0],[0,0],[0,0],[0,0],[0,0]],"v":[[79.464,39.559],[51.359,49.363],[29.791,68.317],[19.987,83.35],[12.144,114.722],[21.948,134.33],[41.556,157.206],[66.392,168.971],[99.072,171.585],[137.634,167.01],[162.471,156.552],[177.503,142.173],[186,132.369],[191.882,128.448],[201.686,100.343],[201.686,84.003],[193.19,70.278],[175.542,58.513],[157.242,48.709],[140.248,41.52],[113.451,36.291]],"c":true}]},{"i":{"x":0.833,"y":0.833},"o":{"x":0.167,"y":0.167},"t":180,"s":[{"i":[[0,0],[0,0],[0,0],[0,0],[0,0],[0,0],[0,0],[0,0],[0,0],[0,0],[0,0],[0,0],[0,0],[0,0],[0,0],[0,0],[0,0],[0,0],[0,0],[0,0],[0,0]],"o":[[0,0],[0,0],[0,0],[0,0],[0,0],[0,0],[0,0],[0,0],[0,0],[0,0],[0,0],[0,0],[0,0],[0,0],[0,0],[0,0],[0,0],[0,0],[0,0],[0,0],[0,0]],"v":[[79.464,39.559],[51.359,49.363],[29.791,68.317],[19.987,83.35],[12.144,114.722],[21.948,134.33],[41.556,157.206],[66.392,168.971],[99.072,171.585],[137.634,167.01],[162.471,156.552],[177.503,142.173],[186,132.369],[191.882,128.448],[201.686,100.343],[201.686,84.003],[193.19,70.278],[175.542,58.513],[157.242,48.709],[140.248,41.52],[113.451,36.291]],"c":true}]},{"i":{"x":0.833,"y":0.833},"o":{"x":0.167,"y":0.167},"t":210,"s":[{"i":[[0,0],[0,0],[0,0],[0,0],[0,0],[0,0],[0,0],[0,0],[0,0],[0,0],[0,0],[0,0],[0,0],[0,0],[0,0],[0,0],[0,0],[0,0],[0,0],[0,0],[0,0]],"o":[[0,0],[0,0],[0,0],[0,0],[0,0],[0,0],[0,0],[0,0],[0,0],[0,0],[0,0],[0,0],[0,0],[0,0],[0,0],[0,0],[0,0],[0,0],[0,0],[0,0],[0,0]],"v":[[80.214,105.295],[50.109,104.786],[33.541,104.5],[24.237,105.302],[28.894,105.6],[30.698,105.896],[52.306,105.996],[82.142,106.516],[113.822,106.454],[151.384,106.044],[173.221,105.892],[188.003,105.831],[188.25,106.619],[189.132,105.556],[187.936,105.739],[183.936,104.928],[178.69,104.932],[169.292,105.248],[155.992,104.682],[140.998,105.608],[114.201,104.775]],"c":true}]},{"i":{"x":0.833,"y":0.833},"o":{"x":0.167,"y":0.167},"t":240,"s":[{"i":[[0,0],[0,0],[0,0],[0,0],[0,0],[0,0],[0,0],[0,0],[0,0],[0,0],[0,0],[0,0],[0,0],[0,0],[0,0],[0,0],[0,0],[0,0],[0,0],[0,0],[0,0]],"o":[[0,0],[0,0],[0,0],[0,0],[0,0],[0,0],[0,0],[0,0],[0,0],[0,0],[0,0],[0,0],[0,0],[0,0],[0,0],[0,0],[0,0],[0,0],[0,0],[0,0],[0,0]],"v":[[79.464,39.559],[51.359,49.363],[29.791,68.317],[19.987,83.35],[12.144,114.722],[21.948,134.33],[41.556,157.206],[66.392,168.971],[99.072,171.585],[137.634,167.01],[162.471,156.552],[177.503,142.173],[186,132.369],[191.882,128.448],[201.686,100.343],[201.686,84.003],[193.19,70.278],[175.542,58.513],[157.242,48.709],[140.248,41.52],[113.451,36.291]],"c":true}]},{"i":{"x":0.833,"y":0.833},"o":{"x":0.167,"y":0.167},"t":420,"s":[{"i":[[0,0],[0,0],[0,0],[0,0],[0,0],[0,0],[0,0],[0,0],[0,0],[0,0],[0,0],[0,0],[0,0],[0,0],[0,0],[0,0],[0,0],[0,0],[0,0],[0,0],[0,0]],"o":[[0,0],[0,0],[0,0],[0,0],[0,0],[0,0],[0,0],[0,0],[0,0],[0,0],[0,0],[0,0],[0,0],[0,0],[0,0],[0,0],[0,0],[0,0],[0,0],[0,0],[0,0]],"v":[[79.464,39.559],[51.359,49.363],[29.791,68.317],[19.987,83.35],[12.144,114.722],[21.948,134.33],[41.556,157.206],[66.392,168.971],[99.072,171.585],[137.634,167.01],[162.471,156.552],[177.503,142.173],[186,132.369],[191.882,128.448],[201.686,100.343],[201.686,84.003],[193.19,70.278],[175.542,58.513],[157.242,48.709],[140.248,41.52],[113.451,36.291]],"c":true}]},{"i":{"x":0.833,"y":0.833},"o":{"x":0.167,"y":0.167},"t":450,"s":[{"i":[[0,0],[0,0],[0,0],[0,0],[0,0],[0,0],[0,0],[0,0],[0,0],[0,0],[0,0],[0,0],[0,0],[0,0],[0,0],[0,0],[0,0],[0,0],[0,0],[0,0],[0,0]],"o":[[0,0],[0,0],[0,0],[0,0],[0,0],[0,0],[0,0],[0,0],[0,0],[0,0],[0,0],[0,0],[0,0],[0,0],[0,0],[0,0],[0,0],[0,0],[0,0],[0,0],[0,0]],"v":[[80.214,105.295],[50.109,104.786],[33.541,104.5],[24.237,105.302],[28.894,105.6],[30.698,105.896],[52.306,105.996],[82.142,106.516],[113.822,106.454],[151.384,106.044],[173.221,105.892],[188.003,105.831],[188.25,106.619],[189.132,105.556],[187.936,105.739],[183.936,104.928],[178.69,104.932],[169.292,105.248],[155.992,104.682],[140.998,105.608],[114.201,104.775]],"c":true}]},{"t":480,"s":[{"i":[[0,0],[0,0],[0,0],[0,0],[0,0],[0,0],[0,0],[0,0],[0,0],[0,0],[0,0],[0,0],[0,0],[0,0],[0,0],[0,0],[0,0],[0,0],[0,0],[0,0],[0,0]],"o":[[0,0],[0,0],[0,0],[0,0],[0,0],[0,0],[0,0],[0,0],[0,0],[0,0],[0,0],[0,0],[0,0],[0,0],[0,0],[0,0],[0,0],[0,0],[0,0],[0,0],[0,0]],"v":[[79.464,39.559],[51.359,49.363],[29.791,68.317],[19.987,83.35],[12.144,114.722],[21.948,134.33],[41.556,157.206],[66.392,168.971],[99.072,171.585],[137.634,167.01],[162.471,156.552],[177.503,142.173],[186,132.369],[191.882,128.448],[201.686,100.343],[201.686,84.003],[193.19,70.278],[175.542,58.513],[157.242,48.709],[140.248,41.52],[113.451,36.291]],"c":true}]}],"ix":1},"o":{"a":0,"k":100,"ix":3},"x":{"a":0,"k":0,"ix":4},"nm":"蒙版 2"},{"inv":false,"mode":"a","pt":{"a":1,"k":[{"i":{"x":0.833,"y":0.833},"o":{"x":0.167,"y":0.167},"t":0,"s":[{"i":[[0,0],[0,0],[0,0],[0,0],[0,0],[0,0],[0,0],[0,0],[0,0],[0,0],[0,0],[0,0],[0,0],[0,0],[0,0],[0,0],[0,0],[0,0]],"o":[[0,0],[0,0],[0,0],[0,0],[0,0],[0,0],[0,0],[0,0],[0,0],[0,0],[0,0],[0,0],[0,0],[0,0],[0,0],[0,0],[0,0],[0,0]],"v":[[512.797,25.833],[476.85,22.565],[444.824,18.644],[410.837,23.873],[386,38.252],[374.235,50.016],[363.778,68.317],[363.778,102.304],[378.81,136.944],[401.686,155.899],[427.176,165.703],[458.549,165.703],[486,162.435],[527.83,144.788],[546.784,115.376],[559.856,93.807],[555.935,65.703],[542.863,40.866]],"c":true}]},{"i":{"x":0.833,"y":0.833},"o":{"x":0.167,"y":0.167},"t":180,"s":[{"i":[[0,0],[0,0],[0,0],[0,0],[0,0],[0,0],[0,0],[0,0],[0,0],[0,0],[0,0],[0,0],[0,0],[0,0],[0,0],[0,0],[0,0],[0,0]],"o":[[0,0],[0,0],[0,0],[0,0],[0,0],[0,0],[0,0],[0,0],[0,0],[0,0],[0,0],[0,0],[0,0],[0,0],[0,0],[0,0],[0,0],[0,0]],"v":[[512.797,25.833],[476.85,22.565],[444.824,18.644],[410.837,23.873],[386,38.252],[374.235,50.016],[363.778,68.317],[363.778,102.304],[378.81,136.944],[401.686,155.899],[427.176,165.703],[458.549,165.703],[486,162.435],[527.83,144.788],[546.784,115.376],[559.856,93.807],[555.935,65.703],[542.863,40.866]],"c":true}]},{"i":{"x":0.833,"y":0.833},"o":{"x":0.167,"y":0.167},"t":210,"s":[{"i":[[0,0],[0,0],[0,0],[0,0],[0,0],[0,0],[0,0],[0,0],[0,0],[0,0],[0,0],[0,0],[0,0],[0,0],[0,0],[0,0],[0,0],[0,0]],"o":[[0,0],[0,0],[0,0],[0,0],[0,0],[0,0],[0,0],[0,0],[0,0],[0,0],[0,0],[0,0],[0,0],[0,0],[0,0],[0,0],[0,0],[0,0]],"v":[[514.525,105.606],[478.577,106.088],[445.801,105.417],[412.564,103.645],[395.477,101.479],[385.667,101.016],[371.823,100.294],[363.778,102.304],[392.424,103.263],[408.391,105.285],[436.586,107.203],[468.208,107.703],[494.159,106.935],[531.444,105.197],[556.762,101.239],[561.765,102.807],[555.185,101.157],[544.635,102.571]],"c":true}]},{"i":{"x":0.833,"y":0.833},"o":{"x":0.167,"y":0.167},"t":213,"s":[{"i":[[0,0],[0,0],[0,0],[0,0],[0,0],[0,0],[0,0],[0,0],[0,0],[0,0],[0,0],[0,0],[0,0],[0,0],[0,0],[0,0],[0,0],[0,0]],"o":[[0,0],[0,0],[0,0],[0,0],[0,0],[0,0],[0,0],[0,0],[0,0],[0,0],[0,0],[0,0],[0,0],[0,0],[0,0],[0,0],[0,0],[0,0]],"v":[[515.797,94.333],[479.85,91.065],[447.824,87.144],[413.837,92.373],[394.5,96.252],[383.235,99.516],[368.778,98.817],[363.778,102.304],[391.31,105.944],[407.686,104.899],[433.676,110.703],[465.049,110.703],[492.5,107.435],[529.33,107.288],[555.284,105.876],[560.856,99.307],[555.935,99.203],[545.363,101.866]],"c":true}]},{"i":{"x":0.833,"y":0.833},"o":{"x":0.167,"y":0.167},"t":240,"s":[{"i":[[0,0],[0,0],[0,0],[0,0],[0,0],[0,0],[0,0],[0,0],[0,0],[0,0],[0,0],[0,0],[0,0],[0,0],[0,0],[0,0],[0,0],[0,0]],"o":[[0,0],[0,0],[0,0],[0,0],[0,0],[0,0],[0,0],[0,0],[0,0],[0,0],[0,0],[0,0],[0,0],[0,0],[0,0],[0,0],[0,0],[0,0]],"v":[[512.797,25.833],[476.85,22.565],[444.824,18.644],[410.837,23.873],[386,38.252],[374.235,50.016],[363.778,68.317],[363.778,102.304],[378.81,136.944],[401.686,155.899],[427.176,165.703],[458.549,165.703],[486,162.435],[527.83,144.788],[546.784,115.376],[559.856,93.807],[555.935,65.703],[542.863,40.866]],"c":true}]},{"i":{"x":0.833,"y":0.833},"o":{"x":0.167,"y":0.167},"t":420,"s":[{"i":[[0,0],[0,0],[0,0],[0,0],[0,0],[0,0],[0,0],[0,0],[0,0],[0,0],[0,0],[0,0],[0,0],[0,0],[0,0],[0,0],[0,0],[0,0]],"o":[[0,0],[0,0],[0,0],[0,0],[0,0],[0,0],[0,0],[0,0],[0,0],[0,0],[0,0],[0,0],[0,0],[0,0],[0,0],[0,0],[0,0],[0,0]],"v":[[512.797,25.833],[476.85,22.565],[444.824,18.644],[410.837,23.873],[386,38.252],[374.235,50.016],[363.778,68.317],[363.778,102.304],[378.81,136.944],[401.686,155.899],[427.176,165.703],[458.549,165.703],[486,162.435],[527.83,144.788],[546.784,115.376],[559.856,93.807],[555.935,65.703],[542.863,40.866]],"c":true}]},{"i":{"x":0.833,"y":0.833},"o":{"x":0.167,"y":0.167},"t":450,"s":[{"i":[[0,0],[0,0],[0,0],[0,0],[0,0],[0,0],[0,0],[0,0],[0,0],[0,0],[0,0],[0,0],[0,0],[0,0],[0,0],[0,0],[0,0],[0,0]],"o":[[0,0],[0,0],[0,0],[0,0],[0,0],[0,0],[0,0],[0,0],[0,0],[0,0],[0,0],[0,0],[0,0],[0,0],[0,0],[0,0],[0,0],[0,0]],"v":[[514.525,105.606],[478.577,106.088],[445.801,105.417],[412.564,103.645],[395.477,101.479],[385.667,101.016],[371.823,100.294],[363.778,102.304],[392.424,103.263],[408.391,105.285],[436.586,107.203],[468.208,107.703],[494.159,106.935],[531.444,105.197],[556.762,101.239],[561.765,102.807],[555.185,101.157],[544.635,102.571]],"c":true}]},{"i":{"x":0.833,"y":0.833},"o":{"x":0.167,"y":0.167},"t":453,"s":[{"i":[[0,0],[0,0],[0,0],[0,0],[0,0],[0,0],[0,0],[0,0],[0,0],[0,0],[0,0],[0,0],[0,0],[0,0],[0,0],[0,0],[0,0],[0,0]],"o":[[0,0],[0,0],[0,0],[0,0],[0,0],[0,0],[0,0],[0,0],[0,0],[0,0],[0,0],[0,0],[0,0],[0,0],[0,0],[0,0],[0,0],[0,0]],"v":[[515.797,94.333],[479.85,91.065],[447.824,87.144],[413.837,92.373],[394.5,96.252],[383.235,99.516],[368.778,98.817],[363.778,102.304],[391.31,105.944],[407.686,104.899],[433.676,110.703],[465.049,110.703],[492.5,107.435],[529.33,107.288],[555.284,105.876],[560.856,99.307],[555.935,99.203],[545.363,101.866]],"c":true}]},{"t":480,"s":[{"i":[[0,0],[0,0],[0,0],[0,0],[0,0],[0,0],[0,0],[0,0],[0,0],[0,0],[0,0],[0,0],[0,0],[0,0],[0,0],[0,0],[0,0],[0,0]],"o":[[0,0],[0,0],[0,0],[0,0],[0,0],[0,0],[0,0],[0,0],[0,0],[0,0],[0,0],[0,0],[0,0],[0,0],[0,0],[0,0],[0,0],[0,0]],"v":[[512.797,25.833],[476.85,22.565],[444.824,18.644],[410.837,23.873],[386,38.252],[374.235,50.016],[363.778,68.317],[363.778,102.304],[378.81,136.944],[401.686,155.899],[427.176,165.703],[458.549,165.703],[486,162.435],[527.83,144.788],[546.784,115.376],[559.856,93.807],[555.935,65.703],[542.863,40.866]],"c":true}]}],"ix":1},"o":{"a":0,"k":100,"ix":3},"x":{"a":0,"k":0,"ix":4},"nm":"蒙版 3"}],"ip":0,"op":488,"st":0,"bm":0}]}],"layers":[{"ddd":0,"ind":1,"ty":0,"nm":"身体","refId":"comp_0","sr":1,"ks":{"o":{"a":0,"k":100,"ix":11},"r":{"a":1,"k":[{"i":{"x":[0.833],"y":[0.833]},"o":{"x":[0.167],"y":[0.167]},"t":0,"s":[0]},{"i":{"x":[0.833],"y":[0.833]},"o":{"x":[0.167],"y":[0.167]},"t":250,"s":[1]},{"t":487,"s":[0]}],"ix":10},"p":{"a":1,"k":[{"i":{"x":0.833,"y":0.833},"o":{"x":0.167,"y":0.167},"t":0,"s":[540,960,0],"to":[0,4.5,0],"ti":[0,-5.333,0]},{"i":{"x":0.833,"y":0.833},"o":{"x":0.167,"y":0.167},"t":168,"s":[540,987,0],"to":[0,5.333,0],"ti":[0,4.5,0]},{"i":{"x":0.833,"y":0.833},"o":{"x":0.167,"y":0.167},"t":347,"s":[540,992,0],"to":[0,-4.5,0],"ti":[0,5.333,0]},{"t":487,"s":[540,960,0]}],"ix":2},"a":{"a":0,"k":[540,960,0],"ix":1},"s":{"a":0,"k":[100,100,100],"ix":6}},"ao":0,"w":1080,"h":1920,"ip":0,"op":488,"st":0,"bm":0},{"ddd":0,"ind":2,"ty":2,"nm":"qaq.jpg","cl":"jpg","refId":"image_13","sr":1,"ks":{"o":{"a":0,"k":100,"ix":11},"r":{"a":0,"k":0,"ix":10},"p":{"a":0,"k":[556,988,0],"ix":2},"a":{"a":0,"k":[500,707,0],"ix":1},"s":{"a":0,"k":[123.2,143.564,100],"ix":6}},"ao":0,"ip":0,"op":488,"st":0,"bm":0}],"markers":[]}