{"v":"5.6.10","fr":9,"ip":0,"op":1,"w":422,"h":750,"nm":"sheltergaoqing_00003","ddd":0,"assets":[{"id":"image_0","w":422,"h":750,"u":"images/","p":"img_0.jpg","e":0},{"id":"image_1","w":422,"h":750,"u":"images/","p":"img_1.jpg","e":0},{"id":"image_2","w":422,"h":750,"u":"images/","p":"img_2.jpg","e":0},{"id":"image_3","w":422,"h":750,"u":"images/","p":"img_3.jpg","e":0},{"id":"image_4","w":422,"h":750,"u":"images/","p":"img_4.jpg","e":0},{"id":"image_5","w":422,"h":750,"u":"images/","p":"img_5.jpg","e":0},{"id":"image_6","w":422,"h":750,"u":"images/","p":"img_6.jpg","e":0},{"id":"image_7","w":422,"h":750,"u":"images/","p":"img_7.jpg","e":0},{"id":"image_8","w":422,"h":750,"u":"images/","p":"img_8.jpg","e":0},{"id":"image_9","w":422,"h":750,"u":"images/","p":"img_9.jpg","e":0},{"id":"image_10","w":422,"h":750,"u":"images/","p":"img_10.jpg","e":0},{"id":"image_11","w":422,"h":750,"u":"images/","p":"img_11.jpg","e":0},{"id":"image_12","w":422,"h":750,"u":"images/","p":"img_12.jpg","e":0},{"id":"image_13","w":422,"h":750,"u":"images/","p":"img_13.jpg","e":0},{"id":"image_14","w":422,"h":750,"u":"images/","p":"img_14.jpg","e":0},{"id":"image_15","w":422,"h":750,"u":"images/","p":"img_15.jpg","e":0},{"id":"image_16","w":422,"h":750,"u":"images/","p":"img_16.jpg","e":0},{"id":"image_17","w":422,"h":750,"u":"images/","p":"img_17.jpg","e":0},{"id":"image_18","w":422,"h":750,"u":"images/","p":"img_18.jpg","e":0},{"id":"image_19","w":422,"h":750,"u":"images/","p":"img_19.jpg","e":0},{"id":"image_20","w":422,"h":750,"u":"images/","p":"img_20.jpg","e":0},{"id":"image_21","w":422,"h":750,"u":"images/","p":"img_21.jpg","e":0},{"id":"image_22","w":422,"h":750,"u":"images/","p":"img_22.jpg","e":0},{"id":"image_23","w":422,"h":750,"u":"images/","p":"img_23.jpg","e":0},{"id":"image_24","w":422,"h":750,"u":"images/","p":"img_24.jpg","e":0},{"id":"image_25","w":422,"h":750,"u":"images/","p":"img_25.jpg","e":0},{"id":"image_26","w":422,"h":750,"u":"images/","p":"img_26.jpg","e":0},{"id":"image_27","w":422,"h":750,"u":"images/","p":"img_27.jpg","e":0},{"id":"image_28","w":422,"h":750,"u":"images/","p":"img_28.jpg","e":0},{"id":"image_29","w":422,"h":750,"u":"images/","p":"img_29.jpg","e":0},{"id":"image_30","w":422,"h":750,"u":"images/","p":"img_30.jpg","e":0},{"id":"image_31","w":422,"h":750,"u":"images/","p":"img_31.jpg","e":0},{"id":"image_32","w":422,"h":750,"u":"images/","p":"img_32.jpg","e":0},{"id":"image_33","w":422,"h":750,"u":"images/","p":"img_33.jpg","e":0},{"id":"image_34","w":422,"h":750,"u":"images/","p":"img_34.jpg","e":0},{"id":"image_35","w":422,"h":750,"u":"images/","p":"img_35.jpg","e":0},{"id":"image_36","w":422,"h":750,"u":"images/","p":"img_36.jpg","e":0},{"id":"image_37","w":422,"h":750,"u":"images/","p":"img_37.jpg","e":0},{"id":"image_38","w":422,"h":750,"u":"images/","p":"img_38.jpg","e":0},{"id":"image_39","w":422,"h":750,"u":"images/","p":"img_39.jpg","e":0},{"id":"image_40","w":422,"h":750,"u":"images/","p":"img_40.jpg","e":0},{"id":"image_41","w":422,"h":750,"u":"images/","p":"img_41.jpg","e":0},{"id":"image_42","w":422,"h":750,"u":"images/","p":"img_42.jpg","e":0},{"id":"image_43","w":422,"h":750,"u":"images/","p":"img_43.jpg","e":0},{"id":"image_44","w":422,"h":750,"u":"images/","p":"img_44.jpg","e":0},{"id":"image_45","w":422,"h":750,"u":"images/","p":"img_45.jpg","e":0},{"id":"image_46","w":422,"h":750,"u":"images/","p":"img_46.jpg","e":0},{"id":"image_47","w":422,"h":750,"u":"images/","p":"img_47.jpg","e":0},{"id":"image_48","w":422,"h":750,"u":"images/","p":"img_48.jpg","e":0},{"id":"image_49","w":422,"h":750,"u":"images/","p":"img_49.jpg","e":0},{"id":"image_50","w":422,"h":750,"u":"images/","p":"img_50.jpg","e":0},{"id":"image_51","w":422,"h":750,"u":"images/","p":"img_51.jpg","e":0},{"id":"image_52","w":422,"h":750,"u":"images/","p":"img_52.jpg","e":0},{"id":"image_53","w":422,"h":750,"u":"images/","p":"img_53.jpg","e":0},{"id":"image_54","w":422,"h":750,"u":"images/","p":"img_54.jpg","e":0},{"id":"image_55","w":422,"h":750,"u":"images/","p":"img_55.jpg","e":0},{"id":"image_56","w":422,"h":750,"u":"images/","p":"img_56.jpg","e":0},{"id":"image_57","w":422,"h":750,"u":"images/","p":"img_57.jpg","e":0},{"id":"image_58","w":422,"h":750,"u":"images/","p":"img_58.jpg","e":0},{"id":"image_59","w":422,"h":750,"u":"images/","p":"img_59.jpg","e":0},{"id":"image_60","w":422,"h":750,"u":"images/","p":"img_60.jpg","e":0},{"id":"image_61","w":422,"h":750,"u":"images/","p":"img_61.jpg","e":0},{"id":"image_62","w":422,"h":750,"u":"images/","p":"img_62.jpg","e":0},{"id":"image_63","w":422,"h":750,"u":"images/","p":"img_63.jpg","e":0},{"id":"image_64","w":422,"h":750,"u":"images/","p":"img_64.jpg","e":0},{"id":"image_65","w":422,"h":750,"u":"images/","p":"img_65.jpg","e":0},{"id":"image_66","w":422,"h":750,"u":"images/","p":"img_66.jpg","e":0},{"id":"image_67","w":422,"h":750,"u":"images/","p":"img_67.jpg","e":0},{"id":"image_68","w":422,"h":750,"u":"images/","p":"img_68.jpg","e":0},{"id":"image_69","w":422,"h":750,"u":"images/","p":"img_69.jpg","e":0},{"id":"image_70","w":422,"h":750,"u":"images/","p":"img_70.jpg","e":0},{"id":"image_71","w":422,"h":750,"u":"images/","p":"img_71.jpg","e":0},{"id":"image_72","w":422,"h":750,"u":"images/","p":"img_72.jpg","e":0},{"id":"image_73","w":422,"h":750,"u":"images/","p":"img_73.jpg","e":0},{"id":"image_74","w":422,"h":750,"u":"images/","p":"img_74.jpg","e":0},{"id":"image_75","w":422,"h":750,"u":"images/","p":"img_75.jpg","e":0},{"id":"image_76","w":422,"h":750,"u":"images/","p":"img_76.jpg","e":0},{"id":"image_77","w":422,"h":750,"u":"images/","p":"img_77.jpg","e":0},{"id":"image_78","w":422,"h":750,"u":"images/","p":"img_78.jpg","e":0}],"layers":[{"ddd":0,"ind":1,"ty":2,"nm":"sheltergaoqing_00003.png","cl":"png","refId":"image_0","sr":1,"ks":{"o":{"a":0,"k":100,"ix":11},"r":{"a":0,"k":0,"ix":10},"p":{"a":0,"k":[211,375,0],"ix":2},"a":{"a":0,"k":[211,375,0],"ix":1},"s":{"a":0,"k":[100,100,100],"ix":6}},"ao":0,"ip":0,"op":0.6,"st":0,"bm":0},{"ddd":0,"ind":2,"ty":2,"nm":"sheltergaoqing_00004.png","cl":"png","refId":"image_1","sr":1,"ks":{"o":{"a":0,"k":100,"ix":11},"r":{"a":0,"k":0,"ix":10},"p":{"a":0,"k":[211,375,0],"ix":2},"a":{"a":0,"k":[211,375,0],"ix":1},"s":{"a":0,"k":[100,100,100],"ix":6}},"ao":0,"ip":0,"op":0.6,"st":0,"bm":0},{"ddd":0,"ind":3,"ty":2,"nm":"sheltergaoqing_00005.png","cl":"png","refId":"image_2","sr":1,"ks":{"o":{"a":0,"k":100,"ix":11},"r":{"a":0,"k":0,"ix":10},"p":{"a":0,"k":[211,375,0],"ix":2},"a":{"a":0,"k":[211,375,0],"ix":1},"s":{"a":0,"k":[100,100,100],"ix":6}},"ao":0,"ip":0,"op":0.6,"st":0,"bm":0},{"ddd":0,"ind":4,"ty":2,"nm":"sheltergaoqing_00006.png","cl":"png","refId":"image_3","sr":1,"ks":{"o":{"a":0,"k":100,"ix":11},"r":{"a":0,"k":0,"ix":10},"p":{"a":0,"k":[211,375,0],"ix":2},"a":{"a":0,"k":[211,375,0],"ix":1},"s":{"a":0,"k":[100,100,100],"ix":6}},"ao":0,"ip":0,"op":0.6,"st":0,"bm":0},{"ddd":0,"ind":5,"ty":2,"nm":"sheltergaoqing_00007.png","cl":"png","refId":"image_4","sr":1,"ks":{"o":{"a":0,"k":100,"ix":11},"r":{"a":0,"k":0,"ix":10},"p":{"a":0,"k":[211,375,0],"ix":2},"a":{"a":0,"k":[211,375,0],"ix":1},"s":{"a":0,"k":[100,100,100],"ix":6}},"ao":0,"ip":0,"op":0.6,"st":0,"bm":0},{"ddd":0,"ind":6,"ty":2,"nm":"sheltergaoqing_00008.png","cl":"png","refId":"image_5","sr":1,"ks":{"o":{"a":0,"k":100,"ix":11},"r":{"a":0,"k":0,"ix":10},"p":{"a":0,"k":[211,375,0],"ix":2},"a":{"a":0,"k":[211,375,0],"ix":1},"s":{"a":0,"k":[100,100,100],"ix":6}},"ao":0,"ip":0,"op":0.6,"st":0,"bm":0},{"ddd":0,"ind":7,"ty":2,"nm":"sheltergaoqing_00009.png","cl":"png","refId":"image_6","sr":1,"ks":{"o":{"a":0,"k":100,"ix":11},"r":{"a":0,"k":0,"ix":10},"p":{"a":0,"k":[211,375,0],"ix":2},"a":{"a":0,"k":[211,375,0],"ix":1},"s":{"a":0,"k":[100,100,100],"ix":6}},"ao":0,"ip":0,"op":0.6,"st":0,"bm":0},{"ddd":0,"ind":8,"ty":2,"nm":"sheltergaoqing_00010.png","cl":"png","refId":"image_7","sr":1,"ks":{"o":{"a":0,"k":100,"ix":11},"r":{"a":0,"k":0,"ix":10},"p":{"a":0,"k":[211,375,0],"ix":2},"a":{"a":0,"k":[211,375,0],"ix":1},"s":{"a":0,"k":[100,100,100],"ix":6}},"ao":0,"ip":0,"op":0.6,"st":0,"bm":0},{"ddd":0,"ind":9,"ty":2,"nm":"sheltergaoqing_00011.png","cl":"png","refId":"image_8","sr":1,"ks":{"o":{"a":0,"k":100,"ix":11},"r":{"a":0,"k":0,"ix":10},"p":{"a":0,"k":[211,375,0],"ix":2},"a":{"a":0,"k":[211,375,0],"ix":1},"s":{"a":0,"k":[100,100,100],"ix":6}},"ao":0,"ip":0,"op":0.6,"st":0,"bm":0},{"ddd":0,"ind":10,"ty":2,"nm":"sheltergaoqing_00012.png","cl":"png","refId":"image_9","sr":1,"ks":{"o":{"a":0,"k":100,"ix":11},"r":{"a":0,"k":0,"ix":10},"p":{"a":0,"k":[211,375,0],"ix":2},"a":{"a":0,"k":[211,375,0],"ix":1},"s":{"a":0,"k":[100,100,100],"ix":6}},"ao":0,"ip":0,"op":0.6,"st":0,"bm":0},{"ddd":0,"ind":11,"ty":2,"nm":"sheltergaoqing_00013.png","cl":"png","refId":"image_10","sr":1,"ks":{"o":{"a":0,"k":100,"ix":11},"r":{"a":0,"k":0,"ix":10},"p":{"a":0,"k":[211,375,0],"ix":2},"a":{"a":0,"k":[211,375,0],"ix":1},"s":{"a":0,"k":[100,100,100],"ix":6}},"ao":0,"ip":0,"op":0.6,"st":0,"bm":0},{"ddd":0,"ind":12,"ty":2,"nm":"sheltergaoqing_00014.png","cl":"png","refId":"image_11","sr":1,"ks":{"o":{"a":0,"k":100,"ix":11},"r":{"a":0,"k":0,"ix":10},"p":{"a":0,"k":[211,375,0],"ix":2},"a":{"a":0,"k":[211,375,0],"ix":1},"s":{"a":0,"k":[100,100,100],"ix":6}},"ao":0,"ip":0,"op":0.6,"st":0,"bm":0},{"ddd":0,"ind":13,"ty":2,"nm":"sheltergaoqing_00015.png","cl":"png","refId":"image_12","sr":1,"ks":{"o":{"a":0,"k":100,"ix":11},"r":{"a":0,"k":0,"ix":10},"p":{"a":0,"k":[211,375,0],"ix":2},"a":{"a":0,"k":[211,375,0],"ix":1},"s":{"a":0,"k":[100,100,100],"ix":6}},"ao":0,"ip":0,"op":0.6,"st":0,"bm":0},{"ddd":0,"ind":14,"ty":2,"nm":"sheltergaoqing_00016.png","cl":"png","refId":"image_13","sr":1,"ks":{"o":{"a":0,"k":100,"ix":11},"r":{"a":0,"k":0,"ix":10},"p":{"a":0,"k":[211,375,0],"ix":2},"a":{"a":0,"k":[211,375,0],"ix":1},"s":{"a":0,"k":[100,100,100],"ix":6}},"ao":0,"ip":0,"op":0.6,"st":0,"bm":0},{"ddd":0,"ind":15,"ty":2,"nm":"sheltergaoqing_00017.png","cl":"png","refId":"image_14","sr":1,"ks":{"o":{"a":0,"k":100,"ix":11},"r":{"a":0,"k":0,"ix":10},"p":{"a":0,"k":[211,375,0],"ix":2},"a":{"a":0,"k":[211,375,0],"ix":1},"s":{"a":0,"k":[100,100,100],"ix":6}},"ao":0,"ip":0,"op":0.6,"st":0,"bm":0},{"ddd":0,"ind":16,"ty":2,"nm":"sheltergaoqing_00023.png","cl":"png","refId":"image_15","sr":1,"ks":{"o":{"a":0,"k":100,"ix":11},"r":{"a":0,"k":0,"ix":10},"p":{"a":0,"k":[211,375,0],"ix":2},"a":{"a":0,"k":[211,375,0],"ix":1},"s":{"a":0,"k":[100,100,100],"ix":6}},"ao":0,"ip":0,"op":0.6,"st":0,"bm":0},{"ddd":0,"ind":17,"ty":2,"nm":"sheltergaoqing_00024.png","cl":"png","refId":"image_16","sr":1,"ks":{"o":{"a":0,"k":100,"ix":11},"r":{"a":0,"k":0,"ix":10},"p":{"a":0,"k":[211,375,0],"ix":2},"a":{"a":0,"k":[211,375,0],"ix":1},"s":{"a":0,"k":[100,100,100],"ix":6}},"ao":0,"ip":0,"op":0.6,"st":0,"bm":0},{"ddd":0,"ind":18,"ty":2,"nm":"sheltergaoqing_00025.png","cl":"png","refId":"image_17","sr":1,"ks":{"o":{"a":0,"k":100,"ix":11},"r":{"a":0,"k":0,"ix":10},"p":{"a":0,"k":[211,375,0],"ix":2},"a":{"a":0,"k":[211,375,0],"ix":1},"s":{"a":0,"k":[100,100,100],"ix":6}},"ao":0,"ip":0,"op":0.6,"st":0,"bm":0},{"ddd":0,"ind":19,"ty":2,"nm":"sheltergaoqing_00026.png","cl":"png","refId":"image_18","sr":1,"ks":{"o":{"a":0,"k":100,"ix":11},"r":{"a":0,"k":0,"ix":10},"p":{"a":0,"k":[211,375,0],"ix":2},"a":{"a":0,"k":[211,375,0],"ix":1},"s":{"a":0,"k":[100,100,100],"ix":6}},"ao":0,"ip":0,"op":0.6,"st":0,"bm":0},{"ddd":0,"ind":20,"ty":2,"nm":"sheltergaoqing_00027.png","cl":"png","refId":"image_19","sr":1,"ks":{"o":{"a":0,"k":100,"ix":11},"r":{"a":0,"k":0,"ix":10},"p":{"a":0,"k":[211,375,0],"ix":2},"a":{"a":0,"k":[211,375,0],"ix":1},"s":{"a":0,"k":[100,100,100],"ix":6}},"ao":0,"ip":0,"op":0.6,"st":0,"bm":0},{"ddd":0,"ind":21,"ty":2,"nm":"sheltergaoqing_00028.png","cl":"png","refId":"image_20","sr":1,"ks":{"o":{"a":0,"k":100,"ix":11},"r":{"a":0,"k":0,"ix":10},"p":{"a":0,"k":[211,375,0],"ix":2},"a":{"a":0,"k":[211,375,0],"ix":1},"s":{"a":0,"k":[100,100,100],"ix":6}},"ao":0,"ip":0,"op":0.6,"st":0,"bm":0},{"ddd":0,"ind":22,"ty":2,"nm":"sheltergaoqing_00029.png","cl":"png","refId":"image_21","sr":1,"ks":{"o":{"a":0,"k":100,"ix":11},"r":{"a":0,"k":0,"ix":10},"p":{"a":0,"k":[211,375,0],"ix":2},"a":{"a":0,"k":[211,375,0],"ix":1},"s":{"a":0,"k":[100,100,100],"ix":6}},"ao":0,"ip":0,"op":0.6,"st":0,"bm":0},{"ddd":0,"ind":23,"ty":2,"nm":"sheltergaoqing_00030.png","cl":"png","refId":"image_22","sr":1,"ks":{"o":{"a":0,"k":100,"ix":11},"r":{"a":0,"k":0,"ix":10},"p":{"a":0,"k":[211,375,0],"ix":2},"a":{"a":0,"k":[211,375,0],"ix":1},"s":{"a":0,"k":[100,100,100],"ix":6}},"ao":0,"ip":0,"op":0.6,"st":0,"bm":0},{"ddd":0,"ind":24,"ty":2,"nm":"sheltergaoqing_00031.png","cl":"png","refId":"image_23","sr":1,"ks":{"o":{"a":0,"k":100,"ix":11},"r":{"a":0,"k":0,"ix":10},"p":{"a":0,"k":[211,375,0],"ix":2},"a":{"a":0,"k":[211,375,0],"ix":1},"s":{"a":0,"k":[100,100,100],"ix":6}},"ao":0,"ip":0,"op":0.6,"st":0,"bm":0},{"ddd":0,"ind":25,"ty":2,"nm":"sheltergaoqing_00032.png","cl":"png","refId":"image_24","sr":1,"ks":{"o":{"a":0,"k":100,"ix":11},"r":{"a":0,"k":0,"ix":10},"p":{"a":0,"k":[211,375,0],"ix":2},"a":{"a":0,"k":[211,375,0],"ix":1},"s":{"a":0,"k":[100,100,100],"ix":6}},"ao":0,"ip":0,"op":0.6,"st":0,"bm":0},{"ddd":0,"ind":26,"ty":2,"nm":"sheltergaoqing_00033.png","cl":"png","refId":"image_25","sr":1,"ks":{"o":{"a":0,"k":100,"ix":11},"r":{"a":0,"k":0,"ix":10},"p":{"a":0,"k":[211,375,0],"ix":2},"a":{"a":0,"k":[211,375,0],"ix":1},"s":{"a":0,"k":[100,100,100],"ix":6}},"ao":0,"ip":0,"op":0.6,"st":0,"bm":0},{"ddd":0,"ind":27,"ty":2,"nm":"sheltergaoqing_00034.png","cl":"png","refId":"image_26","sr":1,"ks":{"o":{"a":0,"k":100,"ix":11},"r":{"a":0,"k":0,"ix":10},"p":{"a":0,"k":[211,375,0],"ix":2},"a":{"a":0,"k":[211,375,0],"ix":1},"s":{"a":0,"k":[100,100,100],"ix":6}},"ao":0,"ip":0,"op":0.6,"st":0,"bm":0},{"ddd":0,"ind":28,"ty":2,"nm":"sheltergaoqing_00035.png","cl":"png","refId":"image_27","sr":1,"ks":{"o":{"a":0,"k":100,"ix":11},"r":{"a":0,"k":0,"ix":10},"p":{"a":0,"k":[211,375,0],"ix":2},"a":{"a":0,"k":[211,375,0],"ix":1},"s":{"a":0,"k":[100,100,100],"ix":6}},"ao":0,"ip":0,"op":0.6,"st":0,"bm":0},{"ddd":0,"ind":29,"ty":2,"nm":"sheltergaoqing_00036.png","cl":"png","refId":"image_28","sr":1,"ks":{"o":{"a":0,"k":100,"ix":11},"r":{"a":0,"k":0,"ix":10},"p":{"a":0,"k":[211,375,0],"ix":2},"a":{"a":0,"k":[211,375,0],"ix":1},"s":{"a":0,"k":[100,100,100],"ix":6}},"ao":0,"ip":0,"op":0.6,"st":0,"bm":0},{"ddd":0,"ind":30,"ty":2,"nm":"sheltergaoqing_00037.png","cl":"png","refId":"image_29","sr":1,"ks":{"o":{"a":0,"k":100,"ix":11},"r":{"a":0,"k":0,"ix":10},"p":{"a":0,"k":[211,375,0],"ix":2},"a":{"a":0,"k":[211,375,0],"ix":1},"s":{"a":0,"k":[100,100,100],"ix":6}},"ao":0,"ip":0,"op":0.6,"st":0,"bm":0},{"ddd":0,"ind":31,"ty":2,"nm":"sheltergaoqing_00038.png","cl":"png","refId":"image_30","sr":1,"ks":{"o":{"a":0,"k":100,"ix":11},"r":{"a":0,"k":0,"ix":10},"p":{"a":0,"k":[211,375,0],"ix":2},"a":{"a":0,"k":[211,375,0],"ix":1},"s":{"a":0,"k":[100,100,100],"ix":6}},"ao":0,"ip":0,"op":0.6,"st":0,"bm":0},{"ddd":0,"ind":32,"ty":2,"nm":"sheltergaoqing_00039.png","cl":"png","refId":"image_31","sr":1,"ks":{"o":{"a":0,"k":100,"ix":11},"r":{"a":0,"k":0,"ix":10},"p":{"a":0,"k":[211,375,0],"ix":2},"a":{"a":0,"k":[211,375,0],"ix":1},"s":{"a":0,"k":[100,100,100],"ix":6}},"ao":0,"ip":0,"op":0.6,"st":0,"bm":0},{"ddd":0,"ind":33,"ty":2,"nm":"sheltergaoqing_00040.png","cl":"png","refId":"image_32","sr":1,"ks":{"o":{"a":0,"k":100,"ix":11},"r":{"a":0,"k":0,"ix":10},"p":{"a":0,"k":[211,375,0],"ix":2},"a":{"a":0,"k":[211,375,0],"ix":1},"s":{"a":0,"k":[100,100,100],"ix":6}},"ao":0,"ip":0,"op":0.6,"st":0,"bm":0},{"ddd":0,"ind":34,"ty":2,"nm":"sheltergaoqing_00041.png","cl":"png","refId":"image_33","sr":1,"ks":{"o":{"a":0,"k":100,"ix":11},"r":{"a":0,"k":0,"ix":10},"p":{"a":0,"k":[211,375,0],"ix":2},"a":{"a":0,"k":[211,375,0],"ix":1},"s":{"a":0,"k":[100,100,100],"ix":6}},"ao":0,"ip":0,"op":0.6,"st":0,"bm":0},{"ddd":0,"ind":35,"ty":2,"nm":"sheltergaoqing_00042.png","cl":"png","refId":"image_34","sr":1,"ks":{"o":{"a":0,"k":100,"ix":11},"r":{"a":0,"k":0,"ix":10},"p":{"a":0,"k":[211,375,0],"ix":2},"a":{"a":0,"k":[211,375,0],"ix":1},"s":{"a":0,"k":[100,100,100],"ix":6}},"ao":0,"ip":0,"op":0.6,"st":0,"bm":0},{"ddd":0,"ind":36,"ty":2,"nm":"sheltergaoqing_00043.png","cl":"png","refId":"image_35","sr":1,"ks":{"o":{"a":0,"k":100,"ix":11},"r":{"a":0,"k":0,"ix":10},"p":{"a":0,"k":[211,375,0],"ix":2},"a":{"a":0,"k":[211,375,0],"ix":1},"s":{"a":0,"k":[100,100,100],"ix":6}},"ao":0,"ip":0,"op":0.6,"st":0,"bm":0},{"ddd":0,"ind":37,"ty":2,"nm":"sheltergaoqing_00044.png","cl":"png","refId":"image_36","sr":1,"ks":{"o":{"a":0,"k":100,"ix":11},"r":{"a":0,"k":0,"ix":10},"p":{"a":0,"k":[211,375,0],"ix":2},"a":{"a":0,"k":[211,375,0],"ix":1},"s":{"a":0,"k":[100,100,100],"ix":6}},"ao":0,"ip":0,"op":0.6,"st":0,"bm":0},{"ddd":0,"ind":38,"ty":2,"nm":"sheltergaoqing_00045.png","cl":"png","refId":"image_37","sr":1,"ks":{"o":{"a":0,"k":100,"ix":11},"r":{"a":0,"k":0,"ix":10},"p":{"a":0,"k":[211,375,0],"ix":2},"a":{"a":0,"k":[211,375,0],"ix":1},"s":{"a":0,"k":[100,100,100],"ix":6}},"ao":0,"ip":0,"op":0.6,"st":0,"bm":0},{"ddd":0,"ind":39,"ty":2,"nm":"sheltergaoqing_00046.png","cl":"png","refId":"image_38","sr":1,"ks":{"o":{"a":0,"k":100,"ix":11},"r":{"a":0,"k":0,"ix":10},"p":{"a":0,"k":[211,375,0],"ix":2},"a":{"a":0,"k":[211,375,0],"ix":1},"s":{"a":0,"k":[100,100,100],"ix":6}},"ao":0,"ip":0,"op":0.6,"st":0,"bm":0},{"ddd":0,"ind":40,"ty":2,"nm":"sheltergaoqing_00047.png","cl":"png","refId":"image_39","sr":1,"ks":{"o":{"a":0,"k":100,"ix":11},"r":{"a":0,"k":0,"ix":10},"p":{"a":0,"k":[211,375,0],"ix":2},"a":{"a":0,"k":[211,375,0],"ix":1},"s":{"a":0,"k":[100,100,100],"ix":6}},"ao":0,"ip":0,"op":0.6,"st":0,"bm":0},{"ddd":0,"ind":41,"ty":2,"nm":"sheltergaoqing_00048.png","cl":"png","refId":"image_40","sr":1,"ks":{"o":{"a":0,"k":100,"ix":11},"r":{"a":0,"k":0,"ix":10},"p":{"a":0,"k":[211,375,0],"ix":2},"a":{"a":0,"k":[211,375,0],"ix":1},"s":{"a":0,"k":[100,100,100],"ix":6}},"ao":0,"ip":0,"op":0.6,"st":0,"bm":0},{"ddd":0,"ind":42,"ty":2,"nm":"sheltergaoqing_00049.png","cl":"png","refId":"image_41","sr":1,"ks":{"o":{"a":0,"k":100,"ix":11},"r":{"a":0,"k":0,"ix":10},"p":{"a":0,"k":[211,375,0],"ix":2},"a":{"a":0,"k":[211,375,0],"ix":1},"s":{"a":0,"k":[100,100,100],"ix":6}},"ao":0,"ip":0,"op":0.6,"st":0,"bm":0},{"ddd":0,"ind":43,"ty":2,"nm":"sheltergaoqing_00050.png","cl":"png","refId":"image_42","sr":1,"ks":{"o":{"a":0,"k":100,"ix":11},"r":{"a":0,"k":0,"ix":10},"p":{"a":0,"k":[211,375,0],"ix":2},"a":{"a":0,"k":[211,375,0],"ix":1},"s":{"a":0,"k":[100,100,100],"ix":6}},"ao":0,"ip":0,"op":0.6,"st":0,"bm":0},{"ddd":0,"ind":44,"ty":2,"nm":"sheltergaoqing_00051.png","cl":"png","refId":"image_43","sr":1,"ks":{"o":{"a":0,"k":100,"ix":11},"r":{"a":0,"k":0,"ix":10},"p":{"a":0,"k":[211,375,0],"ix":2},"a":{"a":0,"k":[211,375,0],"ix":1},"s":{"a":0,"k":[100,100,100],"ix":6}},"ao":0,"ip":0,"op":0.6,"st":0,"bm":0},{"ddd":0,"ind":45,"ty":2,"nm":"sheltergaoqing_00052.png","cl":"png","refId":"image_44","sr":1,"ks":{"o":{"a":0,"k":100,"ix":11},"r":{"a":0,"k":0,"ix":10},"p":{"a":0,"k":[211,375,0],"ix":2},"a":{"a":0,"k":[211,375,0],"ix":1},"s":{"a":0,"k":[100,100,100],"ix":6}},"ao":0,"ip":0,"op":0.6,"st":0,"bm":0},{"ddd":0,"ind":46,"ty":2,"nm":"sheltergaoqing_00053.png","cl":"png","refId":"image_45","sr":1,"ks":{"o":{"a":0,"k":100,"ix":11},"r":{"a":0,"k":0,"ix":10},"p":{"a":0,"k":[211,375,0],"ix":2},"a":{"a":0,"k":[211,375,0],"ix":1},"s":{"a":0,"k":[100,100,100],"ix":6}},"ao":0,"ip":0,"op":0.6,"st":0,"bm":0},{"ddd":0,"ind":47,"ty":2,"nm":"sheltergaoqing_00054.png","cl":"png","refId":"image_46","sr":1,"ks":{"o":{"a":0,"k":100,"ix":11},"r":{"a":0,"k":0,"ix":10},"p":{"a":0,"k":[211,375,0],"ix":2},"a":{"a":0,"k":[211,375,0],"ix":1},"s":{"a":0,"k":[100,100,100],"ix":6}},"ao":0,"ip":0,"op":0.6,"st":0,"bm":0},{"ddd":0,"ind":48,"ty":2,"nm":"sheltergaoqing_00055.png","cl":"png","refId":"image_47","sr":1,"ks":{"o":{"a":0,"k":100,"ix":11},"r":{"a":0,"k":0,"ix":10},"p":{"a":0,"k":[211,375,0],"ix":2},"a":{"a":0,"k":[211,375,0],"ix":1},"s":{"a":0,"k":[100,100,100],"ix":6}},"ao":0,"ip":0,"op":0.6,"st":0,"bm":0},{"ddd":0,"ind":49,"ty":2,"nm":"sheltergaoqing_00056.png","cl":"png","refId":"image_48","sr":1,"ks":{"o":{"a":0,"k":100,"ix":11},"r":{"a":0,"k":0,"ix":10},"p":{"a":0,"k":[211,375,0],"ix":2},"a":{"a":0,"k":[211,375,0],"ix":1},"s":{"a":0,"k":[100,100,100],"ix":6}},"ao":0,"ip":0,"op":0.6,"st":0,"bm":0},{"ddd":0,"ind":50,"ty":2,"nm":"sheltergaoqing_00057.png","cl":"png","refId":"image_49","sr":1,"ks":{"o":{"a":0,"k":100,"ix":11},"r":{"a":0,"k":0,"ix":10},"p":{"a":0,"k":[211,375,0],"ix":2},"a":{"a":0,"k":[211,375,0],"ix":1},"s":{"a":0,"k":[100,100,100],"ix":6}},"ao":0,"ip":0,"op":0.6,"st":0,"bm":0},{"ddd":0,"ind":51,"ty":2,"nm":"sheltergaoqing_00058.png","cl":"png","refId":"image_50","sr":1,"ks":{"o":{"a":0,"k":100,"ix":11},"r":{"a":0,"k":0,"ix":10},"p":{"a":0,"k":[211,375,0],"ix":2},"a":{"a":0,"k":[211,375,0],"ix":1},"s":{"a":0,"k":[100,100,100],"ix":6}},"ao":0,"ip":0,"op":0.6,"st":0,"bm":0},{"ddd":0,"ind":52,"ty":2,"nm":"sheltergaoqing_00059.png","cl":"png","refId":"image_51","sr":1,"ks":{"o":{"a":0,"k":100,"ix":11},"r":{"a":0,"k":0,"ix":10},"p":{"a":0,"k":[211,375,0],"ix":2},"a":{"a":0,"k":[211,375,0],"ix":1},"s":{"a":0,"k":[100,100,100],"ix":6}},"ao":0,"ip":0,"op":0.6,"st":0,"bm":0},{"ddd":0,"ind":53,"ty":2,"nm":"sheltergaoqing_00060.png","cl":"png","refId":"image_52","sr":1,"ks":{"o":{"a":0,"k":100,"ix":11},"r":{"a":0,"k":0,"ix":10},"p":{"a":0,"k":[211,375,0],"ix":2},"a":{"a":0,"k":[211,375,0],"ix":1},"s":{"a":0,"k":[100,100,100],"ix":6}},"ao":0,"ip":0,"op":0.6,"st":0,"bm":0},{"ddd":0,"ind":54,"ty":2,"nm":"sheltergaoqing_00061.png","cl":"png","refId":"image_53","sr":1,"ks":{"o":{"a":0,"k":100,"ix":11},"r":{"a":0,"k":0,"ix":10},"p":{"a":0,"k":[211,375,0],"ix":2},"a":{"a":0,"k":[211,375,0],"ix":1},"s":{"a":0,"k":[100,100,100],"ix":6}},"ao":0,"ip":0,"op":0.6,"st":0,"bm":0},{"ddd":0,"ind":55,"ty":2,"nm":"sheltergaoqing_00062.png","cl":"png","refId":"image_54","sr":1,"ks":{"o":{"a":0,"k":100,"ix":11},"r":{"a":0,"k":0,"ix":10},"p":{"a":0,"k":[211,375,0],"ix":2},"a":{"a":0,"k":[211,375,0],"ix":1},"s":{"a":0,"k":[100,100,100],"ix":6}},"ao":0,"ip":0,"op":0.6,"st":0,"bm":0},{"ddd":0,"ind":56,"ty":2,"nm":"sheltergaoqing_00063.png","cl":"png","refId":"image_55","sr":1,"ks":{"o":{"a":0,"k":100,"ix":11},"r":{"a":0,"k":0,"ix":10},"p":{"a":0,"k":[211,375,0],"ix":2},"a":{"a":0,"k":[211,375,0],"ix":1},"s":{"a":0,"k":[100,100,100],"ix":6}},"ao":0,"ip":0,"op":0.6,"st":0,"bm":0},{"ddd":0,"ind":57,"ty":2,"nm":"sheltergaoqing_00064.png","cl":"png","refId":"image_56","sr":1,"ks":{"o":{"a":0,"k":100,"ix":11},"r":{"a":0,"k":0,"ix":10},"p":{"a":0,"k":[211,375,0],"ix":2},"a":{"a":0,"k":[211,375,0],"ix":1},"s":{"a":0,"k":[100,100,100],"ix":6}},"ao":0,"ip":0,"op":0.6,"st":0,"bm":0},{"ddd":0,"ind":58,"ty":2,"nm":"sheltergaoqing_00065.png","cl":"png","refId":"image_57","sr":1,"ks":{"o":{"a":0,"k":100,"ix":11},"r":{"a":0,"k":0,"ix":10},"p":{"a":0,"k":[211,375,0],"ix":2},"a":{"a":0,"k":[211,375,0],"ix":1},"s":{"a":0,"k":[100,100,100],"ix":6}},"ao":0,"ip":0,"op":0.6,"st":0,"bm":0},{"ddd":0,"ind":59,"ty":2,"nm":"sheltergaoqing_00066.png","cl":"png","refId":"image_58","sr":1,"ks":{"o":{"a":0,"k":100,"ix":11},"r":{"a":0,"k":0,"ix":10},"p":{"a":0,"k":[211,375,0],"ix":2},"a":{"a":0,"k":[211,375,0],"ix":1},"s":{"a":0,"k":[100,100,100],"ix":6}},"ao":0,"ip":0,"op":0.6,"st":0,"bm":0},{"ddd":0,"ind":60,"ty":2,"nm":"sheltergaoqing_00067.png","cl":"png","refId":"image_59","sr":1,"ks":{"o":{"a":0,"k":100,"ix":11},"r":{"a":0,"k":0,"ix":10},"p":{"a":0,"k":[211,375,0],"ix":2},"a":{"a":0,"k":[211,375,0],"ix":1},"s":{"a":0,"k":[100,100,100],"ix":6}},"ao":0,"ip":0,"op":0.6,"st":0,"bm":0},{"ddd":0,"ind":61,"ty":2,"nm":"sheltergaoqing_00068.png","cl":"png","refId":"image_60","sr":1,"ks":{"o":{"a":0,"k":100,"ix":11},"r":{"a":0,"k":0,"ix":10},"p":{"a":0,"k":[211,375,0],"ix":2},"a":{"a":0,"k":[211,375,0],"ix":1},"s":{"a":0,"k":[100,100,100],"ix":6}},"ao":0,"ip":0,"op":0.6,"st":0,"bm":0},{"ddd":0,"ind":62,"ty":2,"nm":"sheltergaoqing_00069.png","cl":"png","refId":"image_61","sr":1,"ks":{"o":{"a":0,"k":100,"ix":11},"r":{"a":0,"k":0,"ix":10},"p":{"a":0,"k":[211,375,0],"ix":2},"a":{"a":0,"k":[211,375,0],"ix":1},"s":{"a":0,"k":[100,100,100],"ix":6}},"ao":0,"ip":0,"op":0.6,"st":0,"bm":0},{"ddd":0,"ind":63,"ty":2,"nm":"sheltergaoqing_00070.png","cl":"png","refId":"image_62","sr":1,"ks":{"o":{"a":0,"k":100,"ix":11},"r":{"a":0,"k":0,"ix":10},"p":{"a":0,"k":[211,375,0],"ix":2},"a":{"a":0,"k":[211,375,0],"ix":1},"s":{"a":0,"k":[100,100,100],"ix":6}},"ao":0,"ip":0,"op":0.6,"st":0,"bm":0},{"ddd":0,"ind":64,"ty":2,"nm":"sheltergaoqing_00071.png","cl":"png","refId":"image_63","sr":1,"ks":{"o":{"a":0,"k":100,"ix":11},"r":{"a":0,"k":0,"ix":10},"p":{"a":0,"k":[211,375,0],"ix":2},"a":{"a":0,"k":[211,375,0],"ix":1},"s":{"a":0,"k":[100,100,100],"ix":6}},"ao":0,"ip":0,"op":0.6,"st":0,"bm":0},{"ddd":0,"ind":65,"ty":2,"nm":"sheltergaoqing_00072.png","cl":"png","refId":"image_64","sr":1,"ks":{"o":{"a":0,"k":100,"ix":11},"r":{"a":0,"k":0,"ix":10},"p":{"a":0,"k":[211,375,0],"ix":2},"a":{"a":0,"k":[211,375,0],"ix":1},"s":{"a":0,"k":[100,100,100],"ix":6}},"ao":0,"ip":0,"op":0.6,"st":0,"bm":0},{"ddd":0,"ind":66,"ty":2,"nm":"sheltergaoqing_00073.png","cl":"png","refId":"image_65","sr":1,"ks":{"o":{"a":0,"k":100,"ix":11},"r":{"a":0,"k":0,"ix":10},"p":{"a":0,"k":[211,375,0],"ix":2},"a":{"a":0,"k":[211,375,0],"ix":1},"s":{"a":0,"k":[100,100,100],"ix":6}},"ao":0,"ip":0,"op":0.6,"st":0,"bm":0},{"ddd":0,"ind":67,"ty":2,"nm":"sheltergaoqing_00074.png","cl":"png","refId":"image_66","sr":1,"ks":{"o":{"a":0,"k":100,"ix":11},"r":{"a":0,"k":0,"ix":10},"p":{"a":0,"k":[211,375,0],"ix":2},"a":{"a":0,"k":[211,375,0],"ix":1},"s":{"a":0,"k":[100,100,100],"ix":6}},"ao":0,"ip":0,"op":0.6,"st":0,"bm":0},{"ddd":0,"ind":68,"ty":2,"nm":"sheltergaoqing_00075.png","cl":"png","refId":"image_67","sr":1,"ks":{"o":{"a":0,"k":100,"ix":11},"r":{"a":0,"k":0,"ix":10},"p":{"a":0,"k":[211,375,0],"ix":2},"a":{"a":0,"k":[211,375,0],"ix":1},"s":{"a":0,"k":[100,100,100],"ix":6}},"ao":0,"ip":0,"op":0.6,"st":0,"bm":0},{"ddd":0,"ind":69,"ty":2,"nm":"sheltergaoqing_00076.png","cl":"png","refId":"image_68","sr":1,"ks":{"o":{"a":0,"k":100,"ix":11},"r":{"a":0,"k":0,"ix":10},"p":{"a":0,"k":[211,375,0],"ix":2},"a":{"a":0,"k":[211,375,0],"ix":1},"s":{"a":0,"k":[100,100,100],"ix":6}},"ao":0,"ip":0,"op":0.6,"st":0,"bm":0},{"ddd":0,"ind":70,"ty":2,"nm":"sheltergaoqing_00077.png","cl":"png","refId":"image_69","sr":1,"ks":{"o":{"a":0,"k":100,"ix":11},"r":{"a":0,"k":0,"ix":10},"p":{"a":0,"k":[211,375,0],"ix":2},"a":{"a":0,"k":[211,375,0],"ix":1},"s":{"a":0,"k":[100,100,100],"ix":6}},"ao":0,"ip":0,"op":0.6,"st":0,"bm":0},{"ddd":0,"ind":71,"ty":2,"nm":"sheltergaoqing_00078.png","cl":"png","refId":"image_70","sr":1,"ks":{"o":{"a":0,"k":100,"ix":11},"r":{"a":0,"k":0,"ix":10},"p":{"a":0,"k":[211,375,0],"ix":2},"a":{"a":0,"k":[211,375,0],"ix":1},"s":{"a":0,"k":[100,100,100],"ix":6}},"ao":0,"ip":0,"op":0.6,"st":0,"bm":0},{"ddd":0,"ind":72,"ty":2,"nm":"sheltergaoqing_00079.png","cl":"png","refId":"image_71","sr":1,"ks":{"o":{"a":0,"k":100,"ix":11},"r":{"a":0,"k":0,"ix":10},"p":{"a":0,"k":[211,375,0],"ix":2},"a":{"a":0,"k":[211,375,0],"ix":1},"s":{"a":0,"k":[100,100,100],"ix":6}},"ao":0,"ip":0,"op":0.6,"st":0,"bm":0},{"ddd":0,"ind":73,"ty":2,"nm":"sheltergaoqing_00080.png","cl":"png","refId":"image_72","sr":1,"ks":{"o":{"a":0,"k":100,"ix":11},"r":{"a":0,"k":0,"ix":10},"p":{"a":0,"k":[211,375,0],"ix":2},"a":{"a":0,"k":[211,375,0],"ix":1},"s":{"a":0,"k":[100,100,100],"ix":6}},"ao":0,"ip":0,"op":0.6,"st":0,"bm":0},{"ddd":0,"ind":74,"ty":2,"nm":"sheltergaoqing_00081.png","cl":"png","refId":"image_73","sr":1,"ks":{"o":{"a":0,"k":100,"ix":11},"r":{"a":0,"k":0,"ix":10},"p":{"a":0,"k":[211,375,0],"ix":2},"a":{"a":0,"k":[211,375,0],"ix":1},"s":{"a":0,"k":[100,100,100],"ix":6}},"ao":0,"ip":0,"op":0.6,"st":0,"bm":0},{"ddd":0,"ind":75,"ty":2,"nm":"sheltergaoqing_00082.png","cl":"png","refId":"image_74","sr":1,"ks":{"o":{"a":0,"k":100,"ix":11},"r":{"a":0,"k":0,"ix":10},"p":{"a":0,"k":[211,375,0],"ix":2},"a":{"a":0,"k":[211,375,0],"ix":1},"s":{"a":0,"k":[100,100,100],"ix":6}},"ao":0,"ip":0,"op":0.6,"st":0,"bm":0},{"ddd":0,"ind":76,"ty":2,"nm":"sheltergaoqing_00083.png","cl":"png","refId":"image_75","sr":1,"ks":{"o":{"a":0,"k":100,"ix":11},"r":{"a":0,"k":0,"ix":10},"p":{"a":0,"k":[211,375,0],"ix":2},"a":{"a":0,"k":[211,375,0],"ix":1},"s":{"a":0,"k":[100,100,100],"ix":6}},"ao":0,"ip":0,"op":0.6,"st":0,"bm":0},{"ddd":0,"ind":77,"ty":2,"nm":"sheltergaoqing_00084.png","cl":"png","refId":"image_76","sr":1,"ks":{"o":{"a":0,"k":100,"ix":11},"r":{"a":0,"k":0,"ix":10},"p":{"a":0,"k":[211,375,0],"ix":2},"a":{"a":0,"k":[211,375,0],"ix":1},"s":{"a":0,"k":[100,100,100],"ix":6}},"ao":0,"ip":0,"op":0.6,"st":0,"bm":0},{"ddd":0,"ind":78,"ty":2,"nm":"sheltergaoqing_00085.png","cl":"png","refId":"image_77","sr":1,"ks":{"o":{"a":0,"k":100,"ix":11},"r":{"a":0,"k":0,"ix":10},"p":{"a":0,"k":[211,375,0],"ix":2},"a":{"a":0,"k":[211,375,0],"ix":1},"s":{"a":0,"k":[100,100,100],"ix":6}},"ao":0,"ip":0,"op":0.6,"st":0,"bm":0},{"ddd":0,"ind":79,"ty":2,"nm":"sheltergaoqing_00086.png","cl":"png","refId":"image_78","sr":1,"ks":{"o":{"a":0,"k":100,"ix":11},"r":{"a":0,"k":0,"ix":10},"p":{"a":0,"k":[211,375,0],"ix":2},"a":{"a":0,"k":[211,375,0],"ix":1},"s":{"a":0,"k":[100,100,100],"ix":6}},"ao":0,"ip":0,"op":0.6,"st":0,"bm":0}],"markers":[]}