{"v":"5.6.6","fr":7,"ip":0,"op":49,"w":404,"h":720,"nm":"1594214155508_00000","ddd":0,"assets":[{"id":"image_0","w":404,"h":720,"u":"images/","p":"img_0.jpg","e":0},{"id":"image_1","w":404,"h":720,"u":"images/","p":"img_1.jpg","e":0},{"id":"image_2","w":404,"h":720,"u":"images/","p":"img_2.jpg","e":0},{"id":"image_3","w":404,"h":720,"u":"images/","p":"img_3.jpg","e":0},{"id":"image_4","w":404,"h":720,"u":"images/","p":"img_4.jpg","e":0},{"id":"image_5","w":404,"h":720,"u":"images/","p":"img_5.jpg","e":0},{"id":"image_6","w":404,"h":720,"u":"images/","p":"img_6.jpg","e":0},{"id":"image_7","w":404,"h":720,"u":"images/","p":"img_7.jpg","e":0},{"id":"image_8","w":404,"h":720,"u":"images/","p":"img_8.jpg","e":0},{"id":"image_9","w":404,"h":720,"u":"images/","p":"img_9.jpg","e":0},{"id":"image_10","w":404,"h":720,"u":"images/","p":"img_10.jpg","e":0},{"id":"image_11","w":404,"h":720,"u":"images/","p":"img_11.jpg","e":0},{"id":"image_12","w":404,"h":720,"u":"images/","p":"img_12.jpg","e":0},{"id":"image_13","w":404,"h":720,"u":"images/","p":"img_13.jpg","e":0},{"id":"image_14","w":404,"h":720,"u":"images/","p":"img_14.jpg","e":0},{"id":"image_15","w":404,"h":720,"u":"images/","p":"img_15.jpg","e":0},{"id":"image_16","w":404,"h":720,"u":"images/","p":"img_16.jpg","e":0},{"id":"image_17","w":404,"h":720,"u":"images/","p":"img_17.jpg","e":0},{"id":"image_18","w":404,"h":720,"u":"images/","p":"img_18.jpg","e":0},{"id":"image_19","w":404,"h":720,"u":"images/","p":"img_19.jpg","e":0},{"id":"image_20","w":404,"h":720,"u":"images/","p":"img_20.jpg","e":0},{"id":"image_21","w":404,"h":720,"u":"images/","p":"img_21.jpg","e":0},{"id":"image_22","w":404,"h":720,"u":"images/","p":"img_22.jpg","e":0},{"id":"image_23","w":404,"h":720,"u":"images/","p":"img_23.jpg","e":0},{"id":"image_24","w":404,"h":720,"u":"images/","p":"img_24.jpg","e":0},{"id":"image_25","w":404,"h":720,"u":"images/","p":"img_25.jpg","e":0},{"id":"image_26","w":404,"h":720,"u":"images/","p":"img_26.jpg","e":0},{"id":"image_27","w":404,"h":720,"u":"images/","p":"img_27.jpg","e":0},{"id":"image_28","w":404,"h":720,"u":"images/","p":"img_28.jpg","e":0},{"id":"image_29","w":404,"h":720,"u":"images/","p":"img_29.jpg","e":0},{"id":"image_30","w":404,"h":720,"u":"images/","p":"img_30.jpg","e":0},{"id":"image_31","w":404,"h":720,"u":"images/","p":"img_31.jpg","e":0},{"id":"image_32","w":404,"h":720,"u":"images/","p":"img_32.jpg","e":0},{"id":"image_33","w":404,"h":720,"u":"images/","p":"img_33.jpg","e":0},{"id":"image_34","w":404,"h":720,"u":"images/","p":"img_34.jpg","e":0},{"id":"image_35","w":404,"h":720,"u":"images/","p":"img_35.jpg","e":0},{"id":"image_36","w":404,"h":720,"u":"images/","p":"img_36.jpg","e":0},{"id":"image_37","w":404,"h":720,"u":"images/","p":"img_37.jpg","e":0},{"id":"image_38","w":404,"h":720,"u":"images/","p":"img_38.jpg","e":0},{"id":"image_39","w":404,"h":720,"u":"images/","p":"img_39.jpg","e":0},{"id":"image_40","w":404,"h":720,"u":"images/","p":"img_40.jpg","e":0},{"id":"image_41","w":404,"h":720,"u":"images/","p":"img_41.jpg","e":0},{"id":"image_42","w":404,"h":720,"u":"images/","p":"img_42.jpg","e":0},{"id":"image_43","w":404,"h":720,"u":"images/","p":"img_43.jpg","e":0},{"id":"image_44","w":404,"h":720,"u":"images/","p":"img_44.jpg","e":0},{"id":"image_45","w":404,"h":720,"u":"images/","p":"img_45.jpg","e":0},{"id":"image_46","w":404,"h":720,"u":"images/","p":"img_46.jpg","e":0},{"id":"image_47","w":404,"h":720,"u":"images/","p":"img_47.jpg","e":0},{"id":"image_48","w":404,"h":720,"u":"images/","p":"img_48.jpg","e":0},{"id":"image_49","w":404,"h":720,"u":"images/","p":"img_49.jpg","e":0},{"id":"image_50","w":404,"h":720,"u":"images/","p":"img_50.jpg","e":0},{"id":"image_51","w":404,"h":720,"u":"images/","p":"img_51.jpg","e":0},{"id":"image_52","w":404,"h":720,"u":"images/","p":"img_52.jpg","e":0},{"id":"image_53","w":404,"h":720,"u":"images/","p":"img_53.jpg","e":0},{"id":"image_54","w":404,"h":720,"u":"images/","p":"img_54.jpg","e":0},{"id":"image_55","w":404,"h":720,"u":"images/","p":"img_55.jpg","e":0},{"id":"image_56","w":404,"h":720,"u":"images/","p":"img_56.jpg","e":0},{"id":"image_57","w":404,"h":720,"u":"images/","p":"img_57.jpg","e":0},{"id":"image_58","w":404,"h":720,"u":"images/","p":"img_58.jpg","e":0},{"id":"image_59","w":404,"h":720,"u":"images/","p":"img_59.jpg","e":0},{"id":"image_60","w":404,"h":720,"u":"images/","p":"img_60.jpg","e":0},{"id":"image_61","w":404,"h":720,"u":"images/","p":"img_61.jpg","e":0},{"id":"image_62","w":404,"h":720,"u":"images/","p":"img_62.jpg","e":0},{"id":"image_63","w":404,"h":720,"u":"images/","p":"img_63.jpg","e":0},{"id":"image_64","w":404,"h":720,"u":"images/","p":"img_64.jpg","e":0},{"id":"image_65","w":404,"h":720,"u":"images/","p":"img_65.jpg","e":0},{"id":"image_66","w":404,"h":720,"u":"images/","p":"img_66.jpg","e":0},{"id":"image_67","w":404,"h":720,"u":"images/","p":"img_67.jpg","e":0},{"id":"image_68","w":404,"h":720,"u":"images/","p":"img_68.jpg","e":0},{"id":"image_69","w":404,"h":720,"u":"images/","p":"img_69.jpg","e":0},{"id":"image_70","w":404,"h":720,"u":"images/","p":"img_70.jpg","e":0},{"id":"image_71","w":404,"h":720,"u":"images/","p":"img_71.jpg","e":0},{"id":"image_72","w":404,"h":720,"u":"images/","p":"img_72.jpg","e":0},{"id":"image_73","w":404,"h":720,"u":"images/","p":"img_73.jpg","e":0},{"id":"image_74","w":404,"h":720,"u":"images/","p":"img_74.jpg","e":0},{"id":"image_75","w":404,"h":720,"u":"images/","p":"img_75.jpg","e":0},{"id":"image_76","w":404,"h":720,"u":"images/","p":"img_76.jpg","e":0},{"id":"image_77","w":404,"h":720,"u":"images/","p":"img_77.jpg","e":0},{"id":"image_78","w":404,"h":720,"u":"images/","p":"img_78.jpg","e":0},{"id":"image_79","w":404,"h":720,"u":"images/","p":"img_79.jpg","e":0},{"id":"image_80","w":404,"h":720,"u":"images/","p":"img_80.jpg","e":0},{"id":"image_81","w":404,"h":720,"u":"images/","p":"img_81.jpg","e":0},{"id":"image_82","w":404,"h":720,"u":"images/","p":"img_82.jpg","e":0},{"id":"image_83","w":404,"h":720,"u":"images/","p":"img_83.jpg","e":0},{"id":"image_84","w":404,"h":720,"u":"images/","p":"img_84.jpg","e":0},{"id":"image_85","w":404,"h":720,"u":"images/","p":"img_85.jpg","e":0},{"id":"image_86","w":404,"h":720,"u":"images/","p":"img_86.jpg","e":0},{"id":"image_87","w":404,"h":720,"u":"images/","p":"img_87.jpg","e":0},{"id":"image_88","w":404,"h":720,"u":"images/","p":"img_88.jpg","e":0},{"id":"image_89","w":404,"h":720,"u":"images/","p":"img_89.jpg","e":0},{"id":"image_90","w":404,"h":720,"u":"images/","p":"img_90.jpg","e":0},{"id":"image_91","w":404,"h":720,"u":"images/","p":"img_91.jpg","e":0},{"id":"image_92","w":404,"h":720,"u":"images/","p":"img_92.jpg","e":0},{"id":"image_93","w":404,"h":720,"u":"images/","p":"img_93.jpg","e":0},{"id":"image_94","w":404,"h":720,"u":"images/","p":"img_94.jpg","e":0},{"id":"image_95","w":404,"h":720,"u":"images/","p":"img_95.jpg","e":0},{"id":"image_96","w":404,"h":720,"u":"images/","p":"img_96.jpg","e":0},{"id":"image_97","w":404,"h":720,"u":"images/","p":"img_97.jpg","e":0},{"id":"image_98","w":404,"h":720,"u":"images/","p":"img_98.jpg","e":0},{"id":"image_99","w":404,"h":720,"u":"images/","p":"img_99.jpg","e":0},{"id":"image_100","w":404,"h":720,"u":"images/","p":"img_100.jpg","e":0},{"id":"image_101","w":404,"h":720,"u":"images/","p":"img_101.jpg","e":0},{"id":"image_102","w":404,"h":720,"u":"images/","p":"img_102.jpg","e":0},{"id":"image_103","w":404,"h":720,"u":"images/","p":"img_103.jpg","e":0},{"id":"image_104","w":404,"h":720,"u":"images/","p":"img_104.jpg","e":0}],"layers":[{"ddd":0,"ind":1,"ty":2,"nm":"1594214155508_00000.jpg","cl":"jpg","refId":"image_0","sr":1,"ks":{"o":{"a":0,"k":100,"ix":11},"r":{"a":0,"k":0,"ix":10},"p":{"a":0,"k":[202,360,0],"ix":2},"a":{"a":0,"k":[202,360,0],"ix":1},"s":{"a":0,"k":[100,100,100],"ix":6}},"ao":0,"ip":0,"op":0.46666666666667,"st":0,"bm":0},{"ddd":0,"ind":2,"ty":2,"nm":"1594214155508_00001.jpg","cl":"jpg","refId":"image_1","sr":1,"ks":{"o":{"a":0,"k":100,"ix":11},"r":{"a":0,"k":0,"ix":10},"p":{"a":0,"k":[202,360,0],"ix":2},"a":{"a":0,"k":[202,360,0],"ix":1},"s":{"a":0,"k":[100,100,100],"ix":6}},"ao":0,"ip":0.46666666666667,"op":0.93333333333333,"st":0.46666666666667,"bm":0},{"ddd":0,"ind":3,"ty":2,"nm":"1594214155508_00002.jpg","cl":"jpg","refId":"image_2","sr":1,"ks":{"o":{"a":0,"k":100,"ix":11},"r":{"a":0,"k":0,"ix":10},"p":{"a":0,"k":[202,360,0],"ix":2},"a":{"a":0,"k":[202,360,0],"ix":1},"s":{"a":0,"k":[100,100,100],"ix":6}},"ao":0,"ip":0.93333333333333,"op":1.4,"st":0.93333333333333,"bm":0},{"ddd":0,"ind":4,"ty":2,"nm":"1594214155508_00003.jpg","cl":"jpg","refId":"image_3","sr":1,"ks":{"o":{"a":0,"k":100,"ix":11},"r":{"a":0,"k":0,"ix":10},"p":{"a":0,"k":[202,360,0],"ix":2},"a":{"a":0,"k":[202,360,0],"ix":1},"s":{"a":0,"k":[100,100,100],"ix":6}},"ao":0,"ip":1.4,"op":1.86666666666667,"st":1.4,"bm":0},{"ddd":0,"ind":5,"ty":2,"nm":"1594214155508_00004.jpg","cl":"jpg","refId":"image_4","sr":1,"ks":{"o":{"a":0,"k":100,"ix":11},"r":{"a":0,"k":0,"ix":10},"p":{"a":0,"k":[202,360,0],"ix":2},"a":{"a":0,"k":[202,360,0],"ix":1},"s":{"a":0,"k":[100,100,100],"ix":6}},"ao":0,"ip":1.86666666666667,"op":2.33333333333333,"st":1.86666666666667,"bm":0},{"ddd":0,"ind":6,"ty":2,"nm":"1594214155508_00005.jpg","cl":"jpg","refId":"image_5","sr":1,"ks":{"o":{"a":0,"k":100,"ix":11},"r":{"a":0,"k":0,"ix":10},"p":{"a":0,"k":[202,360,0],"ix":2},"a":{"a":0,"k":[202,360,0],"ix":1},"s":{"a":0,"k":[100,100,100],"ix":6}},"ao":0,"ip":2.33333333333333,"op":2.8,"st":2.33333333333333,"bm":0},{"ddd":0,"ind":7,"ty":2,"nm":"1594214155508_00006.jpg","cl":"jpg","refId":"image_6","sr":1,"ks":{"o":{"a":0,"k":100,"ix":11},"r":{"a":0,"k":0,"ix":10},"p":{"a":0,"k":[202,360,0],"ix":2},"a":{"a":0,"k":[202,360,0],"ix":1},"s":{"a":0,"k":[100,100,100],"ix":6}},"ao":0,"ip":2.8,"op":3.26666666666667,"st":2.8,"bm":0},{"ddd":0,"ind":8,"ty":2,"nm":"1594214155508_00007.jpg","cl":"jpg","refId":"image_7","sr":1,"ks":{"o":{"a":0,"k":100,"ix":11},"r":{"a":0,"k":0,"ix":10},"p":{"a":0,"k":[202,360,0],"ix":2},"a":{"a":0,"k":[202,360,0],"ix":1},"s":{"a":0,"k":[100,100,100],"ix":6}},"ao":0,"ip":3.26666666666667,"op":3.73333333333333,"st":3.26666666666667,"bm":0},{"ddd":0,"ind":9,"ty":2,"nm":"1594214155508_00008.jpg","cl":"jpg","refId":"image_8","sr":1,"ks":{"o":{"a":0,"k":100,"ix":11},"r":{"a":0,"k":0,"ix":10},"p":{"a":0,"k":[202,360,0],"ix":2},"a":{"a":0,"k":[202,360,0],"ix":1},"s":{"a":0,"k":[100,100,100],"ix":6}},"ao":0,"ip":3.73333333333333,"op":4.2,"st":3.73333333333333,"bm":0},{"ddd":0,"ind":10,"ty":2,"nm":"1594214155508_00009.jpg","cl":"jpg","refId":"image_9","sr":1,"ks":{"o":{"a":0,"k":100,"ix":11},"r":{"a":0,"k":0,"ix":10},"p":{"a":0,"k":[202,360,0],"ix":2},"a":{"a":0,"k":[202,360,0],"ix":1},"s":{"a":0,"k":[100,100,100],"ix":6}},"ao":0,"ip":4.2,"op":4.66666666666667,"st":4.2,"bm":0},{"ddd":0,"ind":11,"ty":2,"nm":"1594214155508_00010.jpg","cl":"jpg","refId":"image_10","sr":1,"ks":{"o":{"a":0,"k":100,"ix":11},"r":{"a":0,"k":0,"ix":10},"p":{"a":0,"k":[202,360,0],"ix":2},"a":{"a":0,"k":[202,360,0],"ix":1},"s":{"a":0,"k":[100,100,100],"ix":6}},"ao":0,"ip":4.66666666666667,"op":5.13333333333333,"st":4.66666666666667,"bm":0},{"ddd":0,"ind":12,"ty":2,"nm":"1594214155508_00011.jpg","cl":"jpg","refId":"image_11","sr":1,"ks":{"o":{"a":0,"k":100,"ix":11},"r":{"a":0,"k":0,"ix":10},"p":{"a":0,"k":[202,360,0],"ix":2},"a":{"a":0,"k":[202,360,0],"ix":1},"s":{"a":0,"k":[100,100,100],"ix":6}},"ao":0,"ip":5.13333333333333,"op":5.6,"st":5.13333333333333,"bm":0},{"ddd":0,"ind":13,"ty":2,"nm":"1594214155508_00012.jpg","cl":"jpg","refId":"image_12","sr":1,"ks":{"o":{"a":0,"k":100,"ix":11},"r":{"a":0,"k":0,"ix":10},"p":{"a":0,"k":[202,360,0],"ix":2},"a":{"a":0,"k":[202,360,0],"ix":1},"s":{"a":0,"k":[100,100,100],"ix":6}},"ao":0,"ip":5.6,"op":6.06666666666667,"st":5.6,"bm":0},{"ddd":0,"ind":14,"ty":2,"nm":"1594214155508_00013.jpg","cl":"jpg","refId":"image_13","sr":1,"ks":{"o":{"a":0,"k":100,"ix":11},"r":{"a":0,"k":0,"ix":10},"p":{"a":0,"k":[202,360,0],"ix":2},"a":{"a":0,"k":[202,360,0],"ix":1},"s":{"a":0,"k":[100,100,100],"ix":6}},"ao":0,"ip":6.06666666666667,"op":6.53333333333333,"st":6.06666666666667,"bm":0},{"ddd":0,"ind":15,"ty":2,"nm":"1594214155508_00014.jpg","cl":"jpg","refId":"image_14","sr":1,"ks":{"o":{"a":0,"k":100,"ix":11},"r":{"a":0,"k":0,"ix":10},"p":{"a":0,"k":[202,360,0],"ix":2},"a":{"a":0,"k":[202,360,0],"ix":1},"s":{"a":0,"k":[100,100,100],"ix":6}},"ao":0,"ip":6.53333333333333,"op":7,"st":6.53333333333333,"bm":0},{"ddd":0,"ind":16,"ty":2,"nm":"1594214155508_00015.jpg","cl":"jpg","refId":"image_15","sr":1,"ks":{"o":{"a":0,"k":100,"ix":11},"r":{"a":0,"k":0,"ix":10},"p":{"a":0,"k":[202,360,0],"ix":2},"a":{"a":0,"k":[202,360,0],"ix":1},"s":{"a":0,"k":[100,100,100],"ix":6}},"ao":0,"ip":7,"op":7.46666666666667,"st":7,"bm":0},{"ddd":0,"ind":17,"ty":2,"nm":"1594214155508_00016.jpg","cl":"jpg","refId":"image_16","sr":1,"ks":{"o":{"a":0,"k":100,"ix":11},"r":{"a":0,"k":0,"ix":10},"p":{"a":0,"k":[202,360,0],"ix":2},"a":{"a":0,"k":[202,360,0],"ix":1},"s":{"a":0,"k":[100,100,100],"ix":6}},"ao":0,"ip":7.46666666666667,"op":7.93333333333333,"st":7.46666666666667,"bm":0},{"ddd":0,"ind":18,"ty":2,"nm":"1594214155508_00017.jpg","cl":"jpg","refId":"image_17","sr":1,"ks":{"o":{"a":0,"k":100,"ix":11},"r":{"a":0,"k":0,"ix":10},"p":{"a":0,"k":[202,360,0],"ix":2},"a":{"a":0,"k":[202,360,0],"ix":1},"s":{"a":0,"k":[100,100,100],"ix":6}},"ao":0,"ip":7.93333333333333,"op":8.4,"st":7.93333333333333,"bm":0},{"ddd":0,"ind":19,"ty":2,"nm":"1594214155508_00018.jpg","cl":"jpg","refId":"image_18","sr":1,"ks":{"o":{"a":0,"k":100,"ix":11},"r":{"a":0,"k":0,"ix":10},"p":{"a":0,"k":[202,360,0],"ix":2},"a":{"a":0,"k":[202,360,0],"ix":1},"s":{"a":0,"k":[100,100,100],"ix":6}},"ao":0,"ip":8.4,"op":8.86666666666667,"st":8.4,"bm":0},{"ddd":0,"ind":20,"ty":2,"nm":"1594214155508_00019.jpg","cl":"jpg","refId":"image_19","sr":1,"ks":{"o":{"a":0,"k":100,"ix":11},"r":{"a":0,"k":0,"ix":10},"p":{"a":0,"k":[202,360,0],"ix":2},"a":{"a":0,"k":[202,360,0],"ix":1},"s":{"a":0,"k":[100,100,100],"ix":6}},"ao":0,"ip":8.86666666666667,"op":9.33333333333333,"st":8.86666666666667,"bm":0},{"ddd":0,"ind":21,"ty":2,"nm":"1594214155508_00020.jpg","cl":"jpg","refId":"image_20","sr":1,"ks":{"o":{"a":0,"k":100,"ix":11},"r":{"a":0,"k":0,"ix":10},"p":{"a":0,"k":[202,360,0],"ix":2},"a":{"a":0,"k":[202,360,0],"ix":1},"s":{"a":0,"k":[100,100,100],"ix":6}},"ao":0,"ip":9.33333333333333,"op":9.8,"st":9.33333333333333,"bm":0},{"ddd":0,"ind":22,"ty":2,"nm":"1594214155508_00021.jpg","cl":"jpg","refId":"image_21","sr":1,"ks":{"o":{"a":0,"k":100,"ix":11},"r":{"a":0,"k":0,"ix":10},"p":{"a":0,"k":[202,360,0],"ix":2},"a":{"a":0,"k":[202,360,0],"ix":1},"s":{"a":0,"k":[100,100,100],"ix":6}},"ao":0,"ip":9.8,"op":10.2666666666667,"st":9.8,"bm":0},{"ddd":0,"ind":23,"ty":2,"nm":"1594214155508_00022.jpg","cl":"jpg","refId":"image_22","sr":1,"ks":{"o":{"a":0,"k":100,"ix":11},"r":{"a":0,"k":0,"ix":10},"p":{"a":0,"k":[202,360,0],"ix":2},"a":{"a":0,"k":[202,360,0],"ix":1},"s":{"a":0,"k":[100,100,100],"ix":6}},"ao":0,"ip":10.2666666666667,"op":10.7333333333333,"st":10.2666666666667,"bm":0},{"ddd":0,"ind":24,"ty":2,"nm":"1594214155508_00023.jpg","cl":"jpg","refId":"image_23","sr":1,"ks":{"o":{"a":0,"k":100,"ix":11},"r":{"a":0,"k":0,"ix":10},"p":{"a":0,"k":[202,360,0],"ix":2},"a":{"a":0,"k":[202,360,0],"ix":1},"s":{"a":0,"k":[100,100,100],"ix":6}},"ao":0,"ip":10.7333333333333,"op":11.2,"st":10.7333333333333,"bm":0},{"ddd":0,"ind":25,"ty":2,"nm":"1594214155508_00024.jpg","cl":"jpg","refId":"image_24","sr":1,"ks":{"o":{"a":0,"k":100,"ix":11},"r":{"a":0,"k":0,"ix":10},"p":{"a":0,"k":[202,360,0],"ix":2},"a":{"a":0,"k":[202,360,0],"ix":1},"s":{"a":0,"k":[100,100,100],"ix":6}},"ao":0,"ip":11.2,"op":11.6666666666667,"st":11.2,"bm":0},{"ddd":0,"ind":26,"ty":2,"nm":"1594214155508_00025.jpg","cl":"jpg","refId":"image_25","sr":1,"ks":{"o":{"a":0,"k":100,"ix":11},"r":{"a":0,"k":0,"ix":10},"p":{"a":0,"k":[202,360,0],"ix":2},"a":{"a":0,"k":[202,360,0],"ix":1},"s":{"a":0,"k":[100,100,100],"ix":6}},"ao":0,"ip":11.6666666666667,"op":12.1333333333333,"st":11.6666666666667,"bm":0},{"ddd":0,"ind":27,"ty":2,"nm":"1594214155508_00026.jpg","cl":"jpg","refId":"image_26","sr":1,"ks":{"o":{"a":0,"k":100,"ix":11},"r":{"a":0,"k":0,"ix":10},"p":{"a":0,"k":[202,360,0],"ix":2},"a":{"a":0,"k":[202,360,0],"ix":1},"s":{"a":0,"k":[100,100,100],"ix":6}},"ao":0,"ip":12.1333333333333,"op":12.6,"st":12.1333333333333,"bm":0},{"ddd":0,"ind":28,"ty":2,"nm":"1594214155508_00027.jpg","cl":"jpg","refId":"image_27","sr":1,"ks":{"o":{"a":0,"k":100,"ix":11},"r":{"a":0,"k":0,"ix":10},"p":{"a":0,"k":[202,360,0],"ix":2},"a":{"a":0,"k":[202,360,0],"ix":1},"s":{"a":0,"k":[100,100,100],"ix":6}},"ao":0,"ip":12.6,"op":13.0666666666667,"st":12.6,"bm":0},{"ddd":0,"ind":29,"ty":2,"nm":"1594214155508_00028.jpg","cl":"jpg","refId":"image_28","sr":1,"ks":{"o":{"a":0,"k":100,"ix":11},"r":{"a":0,"k":0,"ix":10},"p":{"a":0,"k":[202,360,0],"ix":2},"a":{"a":0,"k":[202,360,0],"ix":1},"s":{"a":0,"k":[100,100,100],"ix":6}},"ao":0,"ip":13.0666666666667,"op":13.5333333333333,"st":13.0666666666667,"bm":0},{"ddd":0,"ind":30,"ty":2,"nm":"1594214155508_00029.jpg","cl":"jpg","refId":"image_29","sr":1,"ks":{"o":{"a":0,"k":100,"ix":11},"r":{"a":0,"k":0,"ix":10},"p":{"a":0,"k":[202,360,0],"ix":2},"a":{"a":0,"k":[202,360,0],"ix":1},"s":{"a":0,"k":[100,100,100],"ix":6}},"ao":0,"ip":13.5333333333333,"op":14,"st":13.5333333333333,"bm":0},{"ddd":0,"ind":31,"ty":2,"nm":"1594214155508_00030.jpg","cl":"jpg","refId":"image_30","sr":1,"ks":{"o":{"a":0,"k":100,"ix":11},"r":{"a":0,"k":0,"ix":10},"p":{"a":0,"k":[202,360,0],"ix":2},"a":{"a":0,"k":[202,360,0],"ix":1},"s":{"a":0,"k":[100,100,100],"ix":6}},"ao":0,"ip":14,"op":14.4666666666667,"st":14,"bm":0},{"ddd":0,"ind":32,"ty":2,"nm":"1594214155508_00031.jpg","cl":"jpg","refId":"image_31","sr":1,"ks":{"o":{"a":0,"k":100,"ix":11},"r":{"a":0,"k":0,"ix":10},"p":{"a":0,"k":[202,360,0],"ix":2},"a":{"a":0,"k":[202,360,0],"ix":1},"s":{"a":0,"k":[100,100,100],"ix":6}},"ao":0,"ip":14.4666666666667,"op":14.9333333333333,"st":14.4666666666667,"bm":0},{"ddd":0,"ind":33,"ty":2,"nm":"1594214155508_00032.jpg","cl":"jpg","refId":"image_32","sr":1,"ks":{"o":{"a":0,"k":100,"ix":11},"r":{"a":0,"k":0,"ix":10},"p":{"a":0,"k":[202,360,0],"ix":2},"a":{"a":0,"k":[202,360,0],"ix":1},"s":{"a":0,"k":[100,100,100],"ix":6}},"ao":0,"ip":14.9333333333333,"op":15.4,"st":14.9333333333333,"bm":0},{"ddd":0,"ind":34,"ty":2,"nm":"1594214155508_00033.jpg","cl":"jpg","refId":"image_33","sr":1,"ks":{"o":{"a":0,"k":100,"ix":11},"r":{"a":0,"k":0,"ix":10},"p":{"a":0,"k":[202,360,0],"ix":2},"a":{"a":0,"k":[202,360,0],"ix":1},"s":{"a":0,"k":[100,100,100],"ix":6}},"ao":0,"ip":15.4,"op":15.8666666666667,"st":15.4,"bm":0},{"ddd":0,"ind":35,"ty":2,"nm":"1594214155508_00034.jpg","cl":"jpg","refId":"image_34","sr":1,"ks":{"o":{"a":0,"k":100,"ix":11},"r":{"a":0,"k":0,"ix":10},"p":{"a":0,"k":[202,360,0],"ix":2},"a":{"a":0,"k":[202,360,0],"ix":1},"s":{"a":0,"k":[100,100,100],"ix":6}},"ao":0,"ip":15.8666666666667,"op":16.3333333333333,"st":15.8666666666667,"bm":0},{"ddd":0,"ind":36,"ty":2,"nm":"1594214155508_00035.jpg","cl":"jpg","refId":"image_35","sr":1,"ks":{"o":{"a":0,"k":100,"ix":11},"r":{"a":0,"k":0,"ix":10},"p":{"a":0,"k":[202,360,0],"ix":2},"a":{"a":0,"k":[202,360,0],"ix":1},"s":{"a":0,"k":[100,100,100],"ix":6}},"ao":0,"ip":16.3333333333333,"op":16.8,"st":16.3333333333333,"bm":0},{"ddd":0,"ind":37,"ty":2,"nm":"1594214155508_00036.jpg","cl":"jpg","refId":"image_36","sr":1,"ks":{"o":{"a":0,"k":100,"ix":11},"r":{"a":0,"k":0,"ix":10},"p":{"a":0,"k":[202,360,0],"ix":2},"a":{"a":0,"k":[202,360,0],"ix":1},"s":{"a":0,"k":[100,100,100],"ix":6}},"ao":0,"ip":16.8,"op":17.2666666666667,"st":16.8,"bm":0},{"ddd":0,"ind":38,"ty":2,"nm":"1594214155508_00037.jpg","cl":"jpg","refId":"image_37","sr":1,"ks":{"o":{"a":0,"k":100,"ix":11},"r":{"a":0,"k":0,"ix":10},"p":{"a":0,"k":[202,360,0],"ix":2},"a":{"a":0,"k":[202,360,0],"ix":1},"s":{"a":0,"k":[100,100,100],"ix":6}},"ao":0,"ip":17.2666666666667,"op":17.7333333333333,"st":17.2666666666667,"bm":0},{"ddd":0,"ind":39,"ty":2,"nm":"1594214155508_00038.jpg","cl":"jpg","refId":"image_38","sr":1,"ks":{"o":{"a":0,"k":100,"ix":11},"r":{"a":0,"k":0,"ix":10},"p":{"a":0,"k":[202,360,0],"ix":2},"a":{"a":0,"k":[202,360,0],"ix":1},"s":{"a":0,"k":[100,100,100],"ix":6}},"ao":0,"ip":17.7333333333333,"op":18.2,"st":17.7333333333333,"bm":0},{"ddd":0,"ind":40,"ty":2,"nm":"1594214155508_00039.jpg","cl":"jpg","refId":"image_39","sr":1,"ks":{"o":{"a":0,"k":100,"ix":11},"r":{"a":0,"k":0,"ix":10},"p":{"a":0,"k":[202,360,0],"ix":2},"a":{"a":0,"k":[202,360,0],"ix":1},"s":{"a":0,"k":[100,100,100],"ix":6}},"ao":0,"ip":18.2,"op":18.6666666666667,"st":18.2,"bm":0},{"ddd":0,"ind":41,"ty":2,"nm":"1594214155508_00040.jpg","cl":"jpg","refId":"image_40","sr":1,"ks":{"o":{"a":0,"k":100,"ix":11},"r":{"a":0,"k":0,"ix":10},"p":{"a":0,"k":[202,360,0],"ix":2},"a":{"a":0,"k":[202,360,0],"ix":1},"s":{"a":0,"k":[100,100,100],"ix":6}},"ao":0,"ip":18.6666666666667,"op":19.1333333333333,"st":18.6666666666667,"bm":0},{"ddd":0,"ind":42,"ty":2,"nm":"1594214155508_00041.jpg","cl":"jpg","refId":"image_41","sr":1,"ks":{"o":{"a":0,"k":100,"ix":11},"r":{"a":0,"k":0,"ix":10},"p":{"a":0,"k":[202,360,0],"ix":2},"a":{"a":0,"k":[202,360,0],"ix":1},"s":{"a":0,"k":[100,100,100],"ix":6}},"ao":0,"ip":19.1333333333333,"op":19.6,"st":19.1333333333333,"bm":0},{"ddd":0,"ind":43,"ty":2,"nm":"1594214155508_00042.jpg","cl":"jpg","refId":"image_42","sr":1,"ks":{"o":{"a":0,"k":100,"ix":11},"r":{"a":0,"k":0,"ix":10},"p":{"a":0,"k":[202,360,0],"ix":2},"a":{"a":0,"k":[202,360,0],"ix":1},"s":{"a":0,"k":[100,100,100],"ix":6}},"ao":0,"ip":19.6,"op":20.0666666666667,"st":19.6,"bm":0},{"ddd":0,"ind":44,"ty":2,"nm":"1594214155508_00043.jpg","cl":"jpg","refId":"image_43","sr":1,"ks":{"o":{"a":0,"k":100,"ix":11},"r":{"a":0,"k":0,"ix":10},"p":{"a":0,"k":[202,360,0],"ix":2},"a":{"a":0,"k":[202,360,0],"ix":1},"s":{"a":0,"k":[100,100,100],"ix":6}},"ao":0,"ip":20.0666666666667,"op":20.5333333333333,"st":20.0666666666667,"bm":0},{"ddd":0,"ind":45,"ty":2,"nm":"1594214155508_00044.jpg","cl":"jpg","refId":"image_44","sr":1,"ks":{"o":{"a":0,"k":100,"ix":11},"r":{"a":0,"k":0,"ix":10},"p":{"a":0,"k":[202,360,0],"ix":2},"a":{"a":0,"k":[202,360,0],"ix":1},"s":{"a":0,"k":[100,100,100],"ix":6}},"ao":0,"ip":20.5333333333333,"op":21,"st":20.5333333333333,"bm":0},{"ddd":0,"ind":46,"ty":2,"nm":"1594214155508_00045.jpg","cl":"jpg","refId":"image_45","sr":1,"ks":{"o":{"a":0,"k":100,"ix":11},"r":{"a":0,"k":0,"ix":10},"p":{"a":0,"k":[202,360,0],"ix":2},"a":{"a":0,"k":[202,360,0],"ix":1},"s":{"a":0,"k":[100,100,100],"ix":6}},"ao":0,"ip":21,"op":21.4666666666667,"st":21,"bm":0},{"ddd":0,"ind":47,"ty":2,"nm":"1594214155508_00046.jpg","cl":"jpg","refId":"image_46","sr":1,"ks":{"o":{"a":0,"k":100,"ix":11},"r":{"a":0,"k":0,"ix":10},"p":{"a":0,"k":[202,360,0],"ix":2},"a":{"a":0,"k":[202,360,0],"ix":1},"s":{"a":0,"k":[100,100,100],"ix":6}},"ao":0,"ip":21.4666666666667,"op":21.9333333333333,"st":21.4666666666667,"bm":0},{"ddd":0,"ind":48,"ty":2,"nm":"1594214155508_00047.jpg","cl":"jpg","refId":"image_47","sr":1,"ks":{"o":{"a":0,"k":100,"ix":11},"r":{"a":0,"k":0,"ix":10},"p":{"a":0,"k":[202,360,0],"ix":2},"a":{"a":0,"k":[202,360,0],"ix":1},"s":{"a":0,"k":[100,100,100],"ix":6}},"ao":0,"ip":21.9333333333333,"op":22.4,"st":21.9333333333333,"bm":0},{"ddd":0,"ind":49,"ty":2,"nm":"1594214155508_00048.jpg","cl":"jpg","refId":"image_48","sr":1,"ks":{"o":{"a":0,"k":100,"ix":11},"r":{"a":0,"k":0,"ix":10},"p":{"a":0,"k":[202,360,0],"ix":2},"a":{"a":0,"k":[202,360,0],"ix":1},"s":{"a":0,"k":[100,100,100],"ix":6}},"ao":0,"ip":22.4,"op":22.8666666666667,"st":22.4,"bm":0},{"ddd":0,"ind":50,"ty":2,"nm":"1594214155508_00049.jpg","cl":"jpg","refId":"image_49","sr":1,"ks":{"o":{"a":0,"k":100,"ix":11},"r":{"a":0,"k":0,"ix":10},"p":{"a":0,"k":[202,360,0],"ix":2},"a":{"a":0,"k":[202,360,0],"ix":1},"s":{"a":0,"k":[100,100,100],"ix":6}},"ao":0,"ip":22.8666666666667,"op":23.3333333333333,"st":22.8666666666667,"bm":0},{"ddd":0,"ind":51,"ty":2,"nm":"1594214155508_00050.jpg","cl":"jpg","refId":"image_50","sr":1,"ks":{"o":{"a":0,"k":100,"ix":11},"r":{"a":0,"k":0,"ix":10},"p":{"a":0,"k":[202,360,0],"ix":2},"a":{"a":0,"k":[202,360,0],"ix":1},"s":{"a":0,"k":[100,100,100],"ix":6}},"ao":0,"ip":23.3333333333333,"op":23.8,"st":23.3333333333333,"bm":0},{"ddd":0,"ind":52,"ty":2,"nm":"1594214155508_00051.jpg","cl":"jpg","refId":"image_51","sr":1,"ks":{"o":{"a":0,"k":100,"ix":11},"r":{"a":0,"k":0,"ix":10},"p":{"a":0,"k":[202,360,0],"ix":2},"a":{"a":0,"k":[202,360,0],"ix":1},"s":{"a":0,"k":[100,100,100],"ix":6}},"ao":0,"ip":23.8,"op":24.2666666666667,"st":23.8,"bm":0},{"ddd":0,"ind":53,"ty":2,"nm":"1594214155508_00052.jpg","cl":"jpg","refId":"image_52","sr":1,"ks":{"o":{"a":0,"k":100,"ix":11},"r":{"a":0,"k":0,"ix":10},"p":{"a":0,"k":[202,360,0],"ix":2},"a":{"a":0,"k":[202,360,0],"ix":1},"s":{"a":0,"k":[100,100,100],"ix":6}},"ao":0,"ip":24.2666666666667,"op":24.7333333333333,"st":24.2666666666667,"bm":0},{"ddd":0,"ind":54,"ty":2,"nm":"1594214155508_00053.jpg","cl":"jpg","refId":"image_53","sr":1,"ks":{"o":{"a":0,"k":100,"ix":11},"r":{"a":0,"k":0,"ix":10},"p":{"a":0,"k":[202,360,0],"ix":2},"a":{"a":0,"k":[202,360,0],"ix":1},"s":{"a":0,"k":[100,100,100],"ix":6}},"ao":0,"ip":24.7333333333333,"op":25.2,"st":24.7333333333333,"bm":0},{"ddd":0,"ind":55,"ty":2,"nm":"1594214155508_00054.jpg","cl":"jpg","refId":"image_54","sr":1,"ks":{"o":{"a":0,"k":100,"ix":11},"r":{"a":0,"k":0,"ix":10},"p":{"a":0,"k":[202,360,0],"ix":2},"a":{"a":0,"k":[202,360,0],"ix":1},"s":{"a":0,"k":[100,100,100],"ix":6}},"ao":0,"ip":25.2,"op":25.6666666666667,"st":25.2,"bm":0},{"ddd":0,"ind":56,"ty":2,"nm":"1594214155508_00055.jpg","cl":"jpg","refId":"image_55","sr":1,"ks":{"o":{"a":0,"k":100,"ix":11},"r":{"a":0,"k":0,"ix":10},"p":{"a":0,"k":[202,360,0],"ix":2},"a":{"a":0,"k":[202,360,0],"ix":1},"s":{"a":0,"k":[100,100,100],"ix":6}},"ao":0,"ip":25.6666666666667,"op":26.1333333333333,"st":25.6666666666667,"bm":0},{"ddd":0,"ind":57,"ty":2,"nm":"1594214155508_00056.jpg","cl":"jpg","refId":"image_56","sr":1,"ks":{"o":{"a":0,"k":100,"ix":11},"r":{"a":0,"k":0,"ix":10},"p":{"a":0,"k":[202,360,0],"ix":2},"a":{"a":0,"k":[202,360,0],"ix":1},"s":{"a":0,"k":[100,100,100],"ix":6}},"ao":0,"ip":26.1333333333333,"op":26.6,"st":26.1333333333333,"bm":0},{"ddd":0,"ind":58,"ty":2,"nm":"1594214155508_00057.jpg","cl":"jpg","refId":"image_57","sr":1,"ks":{"o":{"a":0,"k":100,"ix":11},"r":{"a":0,"k":0,"ix":10},"p":{"a":0,"k":[202,360,0],"ix":2},"a":{"a":0,"k":[202,360,0],"ix":1},"s":{"a":0,"k":[100,100,100],"ix":6}},"ao":0,"ip":26.6,"op":27.0666666666667,"st":26.6,"bm":0},{"ddd":0,"ind":59,"ty":2,"nm":"1594214155508_00058.jpg","cl":"jpg","refId":"image_58","sr":1,"ks":{"o":{"a":0,"k":100,"ix":11},"r":{"a":0,"k":0,"ix":10},"p":{"a":0,"k":[202,360,0],"ix":2},"a":{"a":0,"k":[202,360,0],"ix":1},"s":{"a":0,"k":[100,100,100],"ix":6}},"ao":0,"ip":27.0666666666667,"op":27.5333333333333,"st":27.0666666666667,"bm":0},{"ddd":0,"ind":60,"ty":2,"nm":"1594214155508_00059.jpg","cl":"jpg","refId":"image_59","sr":1,"ks":{"o":{"a":0,"k":100,"ix":11},"r":{"a":0,"k":0,"ix":10},"p":{"a":0,"k":[202,360,0],"ix":2},"a":{"a":0,"k":[202,360,0],"ix":1},"s":{"a":0,"k":[100,100,100],"ix":6}},"ao":0,"ip":27.5333333333333,"op":28,"st":27.5333333333333,"bm":0},{"ddd":0,"ind":61,"ty":2,"nm":"1594214155508_00060.jpg","cl":"jpg","refId":"image_60","sr":1,"ks":{"o":{"a":0,"k":100,"ix":11},"r":{"a":0,"k":0,"ix":10},"p":{"a":0,"k":[202,360,0],"ix":2},"a":{"a":0,"k":[202,360,0],"ix":1},"s":{"a":0,"k":[100,100,100],"ix":6}},"ao":0,"ip":28,"op":28.4666666666667,"st":28,"bm":0},{"ddd":0,"ind":62,"ty":2,"nm":"1594214155508_00061.jpg","cl":"jpg","refId":"image_61","sr":1,"ks":{"o":{"a":0,"k":100,"ix":11},"r":{"a":0,"k":0,"ix":10},"p":{"a":0,"k":[202,360,0],"ix":2},"a":{"a":0,"k":[202,360,0],"ix":1},"s":{"a":0,"k":[100,100,100],"ix":6}},"ao":0,"ip":28.4666666666667,"op":28.9333333333333,"st":28.4666666666667,"bm":0},{"ddd":0,"ind":63,"ty":2,"nm":"1594214155508_00062.jpg","cl":"jpg","refId":"image_62","sr":1,"ks":{"o":{"a":0,"k":100,"ix":11},"r":{"a":0,"k":0,"ix":10},"p":{"a":0,"k":[202,360,0],"ix":2},"a":{"a":0,"k":[202,360,0],"ix":1},"s":{"a":0,"k":[100,100,100],"ix":6}},"ao":0,"ip":28.9333333333333,"op":29.4,"st":28.9333333333333,"bm":0},{"ddd":0,"ind":64,"ty":2,"nm":"1594214155508_00063.jpg","cl":"jpg","refId":"image_63","sr":1,"ks":{"o":{"a":0,"k":100,"ix":11},"r":{"a":0,"k":0,"ix":10},"p":{"a":0,"k":[202,360,0],"ix":2},"a":{"a":0,"k":[202,360,0],"ix":1},"s":{"a":0,"k":[100,100,100],"ix":6}},"ao":0,"ip":29.4,"op":29.8666666666667,"st":29.4,"bm":0},{"ddd":0,"ind":65,"ty":2,"nm":"1594214155508_00064.jpg","cl":"jpg","refId":"image_64","sr":1,"ks":{"o":{"a":0,"k":100,"ix":11},"r":{"a":0,"k":0,"ix":10},"p":{"a":0,"k":[202,360,0],"ix":2},"a":{"a":0,"k":[202,360,0],"ix":1},"s":{"a":0,"k":[100,100,100],"ix":6}},"ao":0,"ip":29.8666666666667,"op":30.3333333333333,"st":29.8666666666667,"bm":0},{"ddd":0,"ind":66,"ty":2,"nm":"1594214155508_00065.jpg","cl":"jpg","refId":"image_65","sr":1,"ks":{"o":{"a":0,"k":100,"ix":11},"r":{"a":0,"k":0,"ix":10},"p":{"a":0,"k":[202,360,0],"ix":2},"a":{"a":0,"k":[202,360,0],"ix":1},"s":{"a":0,"k":[100,100,100],"ix":6}},"ao":0,"ip":30.3333333333333,"op":30.8,"st":30.3333333333333,"bm":0},{"ddd":0,"ind":67,"ty":2,"nm":"1594214155508_00066.jpg","cl":"jpg","refId":"image_66","sr":1,"ks":{"o":{"a":0,"k":100,"ix":11},"r":{"a":0,"k":0,"ix":10},"p":{"a":0,"k":[202,360,0],"ix":2},"a":{"a":0,"k":[202,360,0],"ix":1},"s":{"a":0,"k":[100,100,100],"ix":6}},"ao":0,"ip":30.8,"op":31.2666666666667,"st":30.8,"bm":0},{"ddd":0,"ind":68,"ty":2,"nm":"1594214155508_00067.jpg","cl":"jpg","refId":"image_67","sr":1,"ks":{"o":{"a":0,"k":100,"ix":11},"r":{"a":0,"k":0,"ix":10},"p":{"a":0,"k":[202,360,0],"ix":2},"a":{"a":0,"k":[202,360,0],"ix":1},"s":{"a":0,"k":[100,100,100],"ix":6}},"ao":0,"ip":31.2666666666667,"op":31.7333333333333,"st":31.2666666666667,"bm":0},{"ddd":0,"ind":69,"ty":2,"nm":"1594214155508_00068.jpg","cl":"jpg","refId":"image_68","sr":1,"ks":{"o":{"a":0,"k":100,"ix":11},"r":{"a":0,"k":0,"ix":10},"p":{"a":0,"k":[202,360,0],"ix":2},"a":{"a":0,"k":[202,360,0],"ix":1},"s":{"a":0,"k":[100,100,100],"ix":6}},"ao":0,"ip":31.7333333333333,"op":32.2,"st":31.7333333333333,"bm":0},{"ddd":0,"ind":70,"ty":2,"nm":"1594214155508_00069.jpg","cl":"jpg","refId":"image_69","sr":1,"ks":{"o":{"a":0,"k":100,"ix":11},"r":{"a":0,"k":0,"ix":10},"p":{"a":0,"k":[202,360,0],"ix":2},"a":{"a":0,"k":[202,360,0],"ix":1},"s":{"a":0,"k":[100,100,100],"ix":6}},"ao":0,"ip":32.2,"op":32.6666666666667,"st":32.2,"bm":0},{"ddd":0,"ind":71,"ty":2,"nm":"1594214155508_00070.jpg","cl":"jpg","refId":"image_70","sr":1,"ks":{"o":{"a":0,"k":100,"ix":11},"r":{"a":0,"k":0,"ix":10},"p":{"a":0,"k":[202,360,0],"ix":2},"a":{"a":0,"k":[202,360,0],"ix":1},"s":{"a":0,"k":[100,100,100],"ix":6}},"ao":0,"ip":32.6666666666667,"op":33.1333333333333,"st":32.6666666666667,"bm":0},{"ddd":0,"ind":72,"ty":2,"nm":"1594214155508_00071.jpg","cl":"jpg","refId":"image_71","sr":1,"ks":{"o":{"a":0,"k":100,"ix":11},"r":{"a":0,"k":0,"ix":10},"p":{"a":0,"k":[202,360,0],"ix":2},"a":{"a":0,"k":[202,360,0],"ix":1},"s":{"a":0,"k":[100,100,100],"ix":6}},"ao":0,"ip":33.1333333333333,"op":33.6,"st":33.1333333333333,"bm":0},{"ddd":0,"ind":73,"ty":2,"nm":"1594214155508_00072.jpg","cl":"jpg","refId":"image_72","sr":1,"ks":{"o":{"a":0,"k":100,"ix":11},"r":{"a":0,"k":0,"ix":10},"p":{"a":0,"k":[202,360,0],"ix":2},"a":{"a":0,"k":[202,360,0],"ix":1},"s":{"a":0,"k":[100,100,100],"ix":6}},"ao":0,"ip":33.6,"op":34.0666666666667,"st":33.6,"bm":0},{"ddd":0,"ind":74,"ty":2,"nm":"1594214155508_00073.jpg","cl":"jpg","refId":"image_73","sr":1,"ks":{"o":{"a":0,"k":100,"ix":11},"r":{"a":0,"k":0,"ix":10},"p":{"a":0,"k":[202,360,0],"ix":2},"a":{"a":0,"k":[202,360,0],"ix":1},"s":{"a":0,"k":[100,100,100],"ix":6}},"ao":0,"ip":34.0666666666667,"op":34.5333333333333,"st":34.0666666666667,"bm":0},{"ddd":0,"ind":75,"ty":2,"nm":"1594214155508_00074.jpg","cl":"jpg","refId":"image_74","sr":1,"ks":{"o":{"a":0,"k":100,"ix":11},"r":{"a":0,"k":0,"ix":10},"p":{"a":0,"k":[202,360,0],"ix":2},"a":{"a":0,"k":[202,360,0],"ix":1},"s":{"a":0,"k":[100,100,100],"ix":6}},"ao":0,"ip":34.5333333333333,"op":35,"st":34.5333333333333,"bm":0},{"ddd":0,"ind":76,"ty":2,"nm":"1594214155508_00075.jpg","cl":"jpg","refId":"image_75","sr":1,"ks":{"o":{"a":0,"k":100,"ix":11},"r":{"a":0,"k":0,"ix":10},"p":{"a":0,"k":[202,360,0],"ix":2},"a":{"a":0,"k":[202,360,0],"ix":1},"s":{"a":0,"k":[100,100,100],"ix":6}},"ao":0,"ip":35,"op":35.4666666666667,"st":35,"bm":0},{"ddd":0,"ind":77,"ty":2,"nm":"1594214155508_00076.jpg","cl":"jpg","refId":"image_76","sr":1,"ks":{"o":{"a":0,"k":100,"ix":11},"r":{"a":0,"k":0,"ix":10},"p":{"a":0,"k":[202,360,0],"ix":2},"a":{"a":0,"k":[202,360,0],"ix":1},"s":{"a":0,"k":[100,100,100],"ix":6}},"ao":0,"ip":35.4666666666667,"op":35.9333333333333,"st":35.4666666666667,"bm":0},{"ddd":0,"ind":78,"ty":2,"nm":"1594214155508_00077.jpg","cl":"jpg","refId":"image_77","sr":1,"ks":{"o":{"a":0,"k":100,"ix":11},"r":{"a":0,"k":0,"ix":10},"p":{"a":0,"k":[202,360,0],"ix":2},"a":{"a":0,"k":[202,360,0],"ix":1},"s":{"a":0,"k":[100,100,100],"ix":6}},"ao":0,"ip":35.9333333333333,"op":36.4,"st":35.9333333333333,"bm":0},{"ddd":0,"ind":79,"ty":2,"nm":"1594214155508_00078.jpg","cl":"jpg","refId":"image_78","sr":1,"ks":{"o":{"a":0,"k":100,"ix":11},"r":{"a":0,"k":0,"ix":10},"p":{"a":0,"k":[202,360,0],"ix":2},"a":{"a":0,"k":[202,360,0],"ix":1},"s":{"a":0,"k":[100,100,100],"ix":6}},"ao":0,"ip":36.4,"op":36.8666666666667,"st":36.4,"bm":0},{"ddd":0,"ind":80,"ty":2,"nm":"1594214155508_00079.jpg","cl":"jpg","refId":"image_79","sr":1,"ks":{"o":{"a":0,"k":100,"ix":11},"r":{"a":0,"k":0,"ix":10},"p":{"a":0,"k":[202,360,0],"ix":2},"a":{"a":0,"k":[202,360,0],"ix":1},"s":{"a":0,"k":[100,100,100],"ix":6}},"ao":0,"ip":36.8666666666667,"op":37.3333333333333,"st":36.8666666666667,"bm":0},{"ddd":0,"ind":81,"ty":2,"nm":"1594214155508_00080.jpg","cl":"jpg","refId":"image_80","sr":1,"ks":{"o":{"a":0,"k":100,"ix":11},"r":{"a":0,"k":0,"ix":10},"p":{"a":0,"k":[202,360,0],"ix":2},"a":{"a":0,"k":[202,360,0],"ix":1},"s":{"a":0,"k":[100,100,100],"ix":6}},"ao":0,"ip":37.3333333333333,"op":37.8,"st":37.3333333333333,"bm":0},{"ddd":0,"ind":82,"ty":2,"nm":"1594214155508_00081.jpg","cl":"jpg","refId":"image_81","sr":1,"ks":{"o":{"a":0,"k":100,"ix":11},"r":{"a":0,"k":0,"ix":10},"p":{"a":0,"k":[202,360,0],"ix":2},"a":{"a":0,"k":[202,360,0],"ix":1},"s":{"a":0,"k":[100,100,100],"ix":6}},"ao":0,"ip":37.8,"op":38.2666666666667,"st":37.8,"bm":0},{"ddd":0,"ind":83,"ty":2,"nm":"1594214155508_00082.jpg","cl":"jpg","refId":"image_82","sr":1,"ks":{"o":{"a":0,"k":100,"ix":11},"r":{"a":0,"k":0,"ix":10},"p":{"a":0,"k":[202,360,0],"ix":2},"a":{"a":0,"k":[202,360,0],"ix":1},"s":{"a":0,"k":[100,100,100],"ix":6}},"ao":0,"ip":38.2666666666667,"op":38.7333333333333,"st":38.2666666666667,"bm":0},{"ddd":0,"ind":84,"ty":2,"nm":"1594214155508_00083.jpg","cl":"jpg","refId":"image_83","sr":1,"ks":{"o":{"a":0,"k":100,"ix":11},"r":{"a":0,"k":0,"ix":10},"p":{"a":0,"k":[202,360,0],"ix":2},"a":{"a":0,"k":[202,360,0],"ix":1},"s":{"a":0,"k":[100,100,100],"ix":6}},"ao":0,"ip":38.7333333333333,"op":39.2,"st":38.7333333333333,"bm":0},{"ddd":0,"ind":85,"ty":2,"nm":"1594214155508_00084.jpg","cl":"jpg","refId":"image_84","sr":1,"ks":{"o":{"a":0,"k":100,"ix":11},"r":{"a":0,"k":0,"ix":10},"p":{"a":0,"k":[202,360,0],"ix":2},"a":{"a":0,"k":[202,360,0],"ix":1},"s":{"a":0,"k":[100,100,100],"ix":6}},"ao":0,"ip":39.2,"op":39.6666666666667,"st":39.2,"bm":0},{"ddd":0,"ind":86,"ty":2,"nm":"1594214155508_00085.jpg","cl":"jpg","refId":"image_85","sr":1,"ks":{"o":{"a":0,"k":100,"ix":11},"r":{"a":0,"k":0,"ix":10},"p":{"a":0,"k":[202,360,0],"ix":2},"a":{"a":0,"k":[202,360,0],"ix":1},"s":{"a":0,"k":[100,100,100],"ix":6}},"ao":0,"ip":39.6666666666667,"op":40.1333333333333,"st":39.6666666666667,"bm":0},{"ddd":0,"ind":87,"ty":2,"nm":"1594214155508_00086.jpg","cl":"jpg","refId":"image_86","sr":1,"ks":{"o":{"a":0,"k":100,"ix":11},"r":{"a":0,"k":0,"ix":10},"p":{"a":0,"k":[202,360,0],"ix":2},"a":{"a":0,"k":[202,360,0],"ix":1},"s":{"a":0,"k":[100,100,100],"ix":6}},"ao":0,"ip":40.1333333333333,"op":40.6,"st":40.1333333333333,"bm":0},{"ddd":0,"ind":88,"ty":2,"nm":"1594214155508_00087.jpg","cl":"jpg","refId":"image_87","sr":1,"ks":{"o":{"a":0,"k":100,"ix":11},"r":{"a":0,"k":0,"ix":10},"p":{"a":0,"k":[202,360,0],"ix":2},"a":{"a":0,"k":[202,360,0],"ix":1},"s":{"a":0,"k":[100,100,100],"ix":6}},"ao":0,"ip":40.6,"op":41.0666666666667,"st":40.6,"bm":0},{"ddd":0,"ind":89,"ty":2,"nm":"1594214155508_00088.jpg","cl":"jpg","refId":"image_88","sr":1,"ks":{"o":{"a":0,"k":100,"ix":11},"r":{"a":0,"k":0,"ix":10},"p":{"a":0,"k":[202,360,0],"ix":2},"a":{"a":0,"k":[202,360,0],"ix":1},"s":{"a":0,"k":[100,100,100],"ix":6}},"ao":0,"ip":41.0666666666667,"op":41.5333333333333,"st":41.0666666666667,"bm":0},{"ddd":0,"ind":90,"ty":2,"nm":"1594214155508_00089.jpg","cl":"jpg","refId":"image_89","sr":1,"ks":{"o":{"a":0,"k":100,"ix":11},"r":{"a":0,"k":0,"ix":10},"p":{"a":0,"k":[202,360,0],"ix":2},"a":{"a":0,"k":[202,360,0],"ix":1},"s":{"a":0,"k":[100,100,100],"ix":6}},"ao":0,"ip":41.5333333333333,"op":42,"st":41.5333333333333,"bm":0},{"ddd":0,"ind":91,"ty":2,"nm":"1594214155508_00090.jpg","cl":"jpg","refId":"image_90","sr":1,"ks":{"o":{"a":0,"k":100,"ix":11},"r":{"a":0,"k":0,"ix":10},"p":{"a":0,"k":[202,360,0],"ix":2},"a":{"a":0,"k":[202,360,0],"ix":1},"s":{"a":0,"k":[100,100,100],"ix":6}},"ao":0,"ip":42,"op":42.4666666666667,"st":42,"bm":0},{"ddd":0,"ind":92,"ty":2,"nm":"1594214155508_00091.jpg","cl":"jpg","refId":"image_91","sr":1,"ks":{"o":{"a":0,"k":100,"ix":11},"r":{"a":0,"k":0,"ix":10},"p":{"a":0,"k":[202,360,0],"ix":2},"a":{"a":0,"k":[202,360,0],"ix":1},"s":{"a":0,"k":[100,100,100],"ix":6}},"ao":0,"ip":42.4666666666667,"op":42.9333333333333,"st":42.4666666666667,"bm":0},{"ddd":0,"ind":93,"ty":2,"nm":"1594214155508_00092.jpg","cl":"jpg","refId":"image_92","sr":1,"ks":{"o":{"a":0,"k":100,"ix":11},"r":{"a":0,"k":0,"ix":10},"p":{"a":0,"k":[202,360,0],"ix":2},"a":{"a":0,"k":[202,360,0],"ix":1},"s":{"a":0,"k":[100,100,100],"ix":6}},"ao":0,"ip":42.9333333333333,"op":43.4,"st":42.9333333333333,"bm":0},{"ddd":0,"ind":94,"ty":2,"nm":"1594214155508_00093.jpg","cl":"jpg","refId":"image_93","sr":1,"ks":{"o":{"a":0,"k":100,"ix":11},"r":{"a":0,"k":0,"ix":10},"p":{"a":0,"k":[202,360,0],"ix":2},"a":{"a":0,"k":[202,360,0],"ix":1},"s":{"a":0,"k":[100,100,100],"ix":6}},"ao":0,"ip":43.4,"op":43.8666666666667,"st":43.4,"bm":0},{"ddd":0,"ind":95,"ty":2,"nm":"1594214155508_00094.jpg","cl":"jpg","refId":"image_94","sr":1,"ks":{"o":{"a":0,"k":100,"ix":11},"r":{"a":0,"k":0,"ix":10},"p":{"a":0,"k":[202,360,0],"ix":2},"a":{"a":0,"k":[202,360,0],"ix":1},"s":{"a":0,"k":[100,100,100],"ix":6}},"ao":0,"ip":43.8666666666667,"op":44.3333333333333,"st":43.8666666666667,"bm":0},{"ddd":0,"ind":96,"ty":2,"nm":"1594214155508_00095.jpg","cl":"jpg","refId":"image_95","sr":1,"ks":{"o":{"a":0,"k":100,"ix":11},"r":{"a":0,"k":0,"ix":10},"p":{"a":0,"k":[202,360,0],"ix":2},"a":{"a":0,"k":[202,360,0],"ix":1},"s":{"a":0,"k":[100,100,100],"ix":6}},"ao":0,"ip":44.3333333333333,"op":44.8,"st":44.3333333333333,"bm":0},{"ddd":0,"ind":97,"ty":2,"nm":"1594214155508_00096.jpg","cl":"jpg","refId":"image_96","sr":1,"ks":{"o":{"a":0,"k":100,"ix":11},"r":{"a":0,"k":0,"ix":10},"p":{"a":0,"k":[202,360,0],"ix":2},"a":{"a":0,"k":[202,360,0],"ix":1},"s":{"a":0,"k":[100,100,100],"ix":6}},"ao":0,"ip":44.8,"op":45.2666666666667,"st":44.8,"bm":0},{"ddd":0,"ind":98,"ty":2,"nm":"1594214155508_00097.jpg","cl":"jpg","refId":"image_97","sr":1,"ks":{"o":{"a":0,"k":100,"ix":11},"r":{"a":0,"k":0,"ix":10},"p":{"a":0,"k":[202,360,0],"ix":2},"a":{"a":0,"k":[202,360,0],"ix":1},"s":{"a":0,"k":[100,100,100],"ix":6}},"ao":0,"ip":45.2666666666667,"op":45.7333333333333,"st":45.2666666666667,"bm":0},{"ddd":0,"ind":99,"ty":2,"nm":"1594214155508_00098.jpg","cl":"jpg","refId":"image_98","sr":1,"ks":{"o":{"a":0,"k":100,"ix":11},"r":{"a":0,"k":0,"ix":10},"p":{"a":0,"k":[202,360,0],"ix":2},"a":{"a":0,"k":[202,360,0],"ix":1},"s":{"a":0,"k":[100,100,100],"ix":6}},"ao":0,"ip":45.7333333333333,"op":46.2,"st":45.7333333333333,"bm":0},{"ddd":0,"ind":100,"ty":2,"nm":"1594214155508_00099.jpg","cl":"jpg","refId":"image_99","sr":1,"ks":{"o":{"a":0,"k":100,"ix":11},"r":{"a":0,"k":0,"ix":10},"p":{"a":0,"k":[202,360,0],"ix":2},"a":{"a":0,"k":[202,360,0],"ix":1},"s":{"a":0,"k":[100,100,100],"ix":6}},"ao":0,"ip":46.2,"op":46.6666666666667,"st":46.2,"bm":0},{"ddd":0,"ind":101,"ty":2,"nm":"1594214155508_00100.jpg","cl":"jpg","refId":"image_100","sr":1,"ks":{"o":{"a":0,"k":100,"ix":11},"r":{"a":0,"k":0,"ix":10},"p":{"a":0,"k":[202,360,0],"ix":2},"a":{"a":0,"k":[202,360,0],"ix":1},"s":{"a":0,"k":[100,100,100],"ix":6}},"ao":0,"ip":46.6666666666667,"op":47.1333333333333,"st":46.6666666666667,"bm":0},{"ddd":0,"ind":102,"ty":2,"nm":"1594214155508_00101.jpg","cl":"jpg","refId":"image_101","sr":1,"ks":{"o":{"a":0,"k":100,"ix":11},"r":{"a":0,"k":0,"ix":10},"p":{"a":0,"k":[202,360,0],"ix":2},"a":{"a":0,"k":[202,360,0],"ix":1},"s":{"a":0,"k":[100,100,100],"ix":6}},"ao":0,"ip":47.1333333333333,"op":47.6,"st":47.1333333333333,"bm":0},{"ddd":0,"ind":103,"ty":2,"nm":"1594214155508_00102.jpg","cl":"jpg","refId":"image_102","sr":1,"ks":{"o":{"a":0,"k":100,"ix":11},"r":{"a":0,"k":0,"ix":10},"p":{"a":0,"k":[202,360,0],"ix":2},"a":{"a":0,"k":[202,360,0],"ix":1},"s":{"a":0,"k":[100,100,100],"ix":6}},"ao":0,"ip":47.6,"op":48.0666666666667,"st":47.6,"bm":0},{"ddd":0,"ind":104,"ty":2,"nm":"1594214155508_00103.jpg","cl":"jpg","refId":"image_103","sr":1,"ks":{"o":{"a":0,"k":100,"ix":11},"r":{"a":0,"k":0,"ix":10},"p":{"a":0,"k":[202,360,0],"ix":2},"a":{"a":0,"k":[202,360,0],"ix":1},"s":{"a":0,"k":[100,100,100],"ix":6}},"ao":0,"ip":48.0666666666667,"op":48.5333333333333,"st":48.0666666666667,"bm":0},{"ddd":0,"ind":105,"ty":2,"nm":"1594214155508_00104.jpg","cl":"jpg","refId":"image_104","sr":1,"ks":{"o":{"a":0,"k":100,"ix":11},"r":{"a":0,"k":0,"ix":10},"p":{"a":0,"k":[202,360,0],"ix":2},"a":{"a":0,"k":[202,360,0],"ix":1},"s":{"a":0,"k":[100,100,100],"ix":6}},"ao":0,"ip":48.5333333333333,"op":49,"st":48.5333333333333,"bm":0}],"markers":[]}