{
  "v":"5.6.6",
  "fr":10,
  "ip":0,
  "op":85,
  "w":290,
  "h":516,
  "nm":"img_0",
  "ddd":0,
  "assets":[
    {
      "id":"img_0",
      "w":290,
      "h":516,
      "u":"images\/",
      "p":"img_0.png",
      "e":0,
      "nm":"img_0.png"
    },
    {
      "id":"img_1",
      "w":290,
      "h":516,
      "u":"images\/",
      "p":"img_1.png",
      "e":0,
      "nm":"img_1.png"
    },
    {
      "id":"img_2",
      "w":290,
      "h":516,
      "u":"images\/",
      "p":"img_2.png",
      "e":0,
      "nm":"img_2.png"
    },
    {
      "id":"img_3",
      "w":290,
      "h":516,
      "u":"images\/",
      "p":"img_3.png",
      "e":0,
      "nm":"img_3.png"
    },
    {
      "id":"img_4",
      "w":290,
      "h":516,
      "u":"images\/",
      "p":"img_4.png",
      "e":0,
      "nm":"img_4.png"
    },
    {
      "id":"img_5",
      "w":290,
      "h":516,
      "u":"images\/",
      "p":"img_5.png",
      "e":0,
      "nm":"img_5.png"
    },
    {
      "id":"img_6",
      "w":290,
      "h":516,
      "u":"images\/",
      "p":"img_6.png",
      "e":0,
      "nm":"img_6.png"
    },
    {
      "id":"img_7",
      "w":290,
      "h":516,
      "u":"images\/",
      "p":"img_7.png",
      "e":0,
      "nm":"img_7.png"
    },
    {
      "id":"img_8",
      "w":290,
      "h":516,
      "u":"images\/",
      "p":"img_8.png",
      "e":0,
      "nm":"img_8.png"
    },
    {
      "id":"img_9",
      "w":290,
      "h":516,
      "u":"images\/",
      "p":"img_9.png",
      "e":0,
      "nm":"img_9.png"
    },
    {
      "id":"img_10",
      "w":290,
      "h":516,
      "u":"images\/",
      "p":"img_10.png",
      "e":0,
      "nm":"img_10.png"
    },
    {
      "id":"img_11",
      "w":290,
      "h":516,
      "u":"images\/",
      "p":"img_11.png",
      "e":0,
      "nm":"img_11.png"
    },
    {
      "id":"img_12",
      "w":290,
      "h":516,
      "u":"images\/",
      "p":"img_12.png",
      "e":0,
      "nm":"img_12.png"
    },
    {
      "id":"img_13",
      "w":290,
      "h":516,
      "u":"images\/",
      "p":"img_13.png",
      "e":0,
      "nm":"img_13.png"
    },
    {
      "id":"img_14",
      "w":290,
      "h":516,
      "u":"images\/",
      "p":"img_14.png",
      "e":0,
      "nm":"img_14.png"
    },
    {
      "id":"img_15",
      "w":290,
      "h":516,
      "u":"images\/",
      "p":"img_15.png",
      "e":0,
      "nm":"img_15.png"
    },
    {
      "id":"img_16",
      "w":290,
      "h":516,
      "u":"images\/",
      "p":"img_16.png",
      "e":0,
      "nm":"img_16.png"
    },
    {
      "id":"img_17",
      "w":290,
      "h":516,
      "u":"images\/",
      "p":"img_17.png",
      "e":0,
      "nm":"img_17.png"
    },
    {
      "id":"img_18",
      "w":290,
      "h":516,
      "u":"images\/",
      "p":"img_18.png",
      "e":0,
      "nm":"img_18.png"
    },
    {
      "id":"img_19",
      "w":290,
      "h":516,
      "u":"images\/",
      "p":"img_19.png",
      "e":0,
      "nm":"img_19.png"
    },
    {
      "id":"img_20",
      "w":290,
      "h":516,
      "u":"images\/",
      "p":"img_20.png",
      "e":0,
      "nm":"img_20.png"
    },
    {
      "id":"img_21",
      "w":290,
      "h":516,
      "u":"images\/",
      "p":"img_21.png",
      "e":0,
      "nm":"img_21.png"
    },
    {
      "id":"img_22",
      "w":290,
      "h":516,
      "u":"images\/",
      "p":"img_22.png",
      "e":0,
      "nm":"img_22.png"
    },
    {
      "id":"img_23",
      "w":290,
      "h":516,
      "u":"images\/",
      "p":"img_23.png",
      "e":0,
      "nm":"img_23.png"
    },
    {
      "id":"img_24",
      "w":290,
      "h":516,
      "u":"images\/",
      "p":"img_24.png",
      "e":0,
      "nm":"img_24.png"
    },
    {
      "id":"img_25",
      "w":290,
      "h":516,
      "u":"images\/",
      "p":"img_25.png",
      "e":0,
      "nm":"img_25.png"
    },
    {
      "id":"img_26",
      "w":290,
      "h":516,
      "u":"images\/",
      "p":"img_26.png",
      "e":0,
      "nm":"img_26.png"
    },
    {
      "id":"img_27",
      "w":290,
      "h":516,
      "u":"images\/",
      "p":"img_27.png",
      "e":0,
      "nm":"img_27.png"
    },
    {
      "id":"img_28",
      "w":290,
      "h":516,
      "u":"images\/",
      "p":"img_28.png",
      "e":0,
      "nm":"img_28.png"
    },
    {
      "id":"img_29",
      "w":290,
      "h":516,
      "u":"images\/",
      "p":"img_29.png",
      "e":0,
      "nm":"img_29.png"
    },
    {
      "id":"img_30",
      "w":290,
      "h":516,
      "u":"images\/",
      "p":"img_30.png",
      "e":0,
      "nm":"img_30.png"
    },
    {
      "id":"img_31",
      "w":290,
      "h":516,
      "u":"images\/",
      "p":"img_31.png",
      "e":0,
      "nm":"img_31.png"
    },
    {
      "id":"img_32",
      "w":290,
      "h":516,
      "u":"images\/",
      "p":"img_32.png",
      "e":0,
      "nm":"img_32.png"
    },
    {
      "id":"img_33",
      "w":290,
      "h":516,
      "u":"images\/",
      "p":"img_33.png",
      "e":0,
      "nm":"img_33.png"
    },
    {
      "id":"img_34",
      "w":290,
      "h":516,
      "u":"images\/",
      "p":"img_34.png",
      "e":0,
      "nm":"img_34.png"
    },
    {
      "id":"img_35",
      "w":290,
      "h":516,
      "u":"images\/",
      "p":"img_35.png",
      "e":0,
      "nm":"img_35.png"
    },
    {
      "id":"img_36",
      "w":290,
      "h":516,
      "u":"images\/",
      "p":"img_36.png",
      "e":0,
      "nm":"img_36.png"
    },
    {
      "id":"img_37",
      "w":290,
      "h":516,
      "u":"images\/",
      "p":"img_37.png",
      "e":0,
      "nm":"img_37.png"
    },
    {
      "id":"img_38",
      "w":290,
      "h":516,
      "u":"images\/",
      "p":"img_38.png",
      "e":0,
      "nm":"img_38.png"
    },
    {
      "id":"img_39",
      "w":290,
      "h":516,
      "u":"images\/",
      "p":"img_39.png",
      "e":0,
      "nm":"img_39.png"
    },
    {
      "id":"img_40",
      "w":290,
      "h":516,
      "u":"images\/",
      "p":"img_40.png",
      "e":0,
      "nm":"img_40.png"
    },
    {
      "id":"img_41",
      "w":290,
      "h":516,
      "u":"images\/",
      "p":"img_41.png",
      "e":0,
      "nm":"img_41.png"
    },
    {
      "id":"img_42",
      "w":290,
      "h":516,
      "u":"images\/",
      "p":"img_42.png",
      "e":0,
      "nm":"img_42.png"
    },
    {
      "id":"img_43",
      "w":290,
      "h":516,
      "u":"images\/",
      "p":"img_43.png",
      "e":0,
      "nm":"img_43.png"
    },
    {
      "id":"img_44",
      "w":290,
      "h":516,
      "u":"images\/",
      "p":"img_44.png",
      "e":0,
      "nm":"img_44.png"
    },
    {
      "id":"img_45",
      "w":290,
      "h":516,
      "u":"images\/",
      "p":"img_45.png",
      "e":0,
      "nm":"img_45.png"
    },
    {
      "id":"img_46",
      "w":290,
      "h":516,
      "u":"images\/",
      "p":"img_46.png",
      "e":0,
      "nm":"img_46.png"
    },
    {
      "id":"img_47",
      "w":290,
      "h":516,
      "u":"images\/",
      "p":"img_47.png",
      "e":0,
      "nm":"img_47.png"
    },
    {
      "id":"img_48",
      "w":290,
      "h":516,
      "u":"images\/",
      "p":"img_48.png",
      "e":0,
      "nm":"img_48.png"
    },
    {
      "id":"img_49",
      "w":290,
      "h":516,
      "u":"images\/",
      "p":"img_49.png",
      "e":0,
      "nm":"img_49.png"
    },
    {
      "id":"img_50",
      "w":290,
      "h":516,
      "u":"images\/",
      "p":"img_50.png",
      "e":0,
      "nm":"img_50.png"
    },
    {
      "id":"img_51",
      "w":290,
      "h":516,
      "u":"images\/",
      "p":"img_51.png",
      "e":0,
      "nm":"img_51.png"
    },
    {
      "id":"img_52",
      "w":290,
      "h":516,
      "u":"images\/",
      "p":"img_52.png",
      "e":0,
      "nm":"img_52.png"
    },
    {
      "id":"img_53",
      "w":290,
      "h":516,
      "u":"images\/",
      "p":"img_53.png",
      "e":0,
      "nm":"img_53.png"
    },
    {
      "id":"img_54",
      "w":290,
      "h":516,
      "u":"images\/",
      "p":"img_54.png",
      "e":0,
      "nm":"img_54.png"
    },
    {
      "id":"img_55",
      "w":290,
      "h":516,
      "u":"images\/",
      "p":"img_55.png",
      "e":0,
      "nm":"img_55.png"
    },
    {
      "id":"img_56",
      "w":290,
      "h":516,
      "u":"images\/",
      "p":"img_56.png",
      "e":0,
      "nm":"img_56.png"
    },
    {
      "id":"img_57",
      "w":290,
      "h":516,
      "u":"images\/",
      "p":"img_57.png",
      "e":0,
      "nm":"img_57.png"
    },
    {
      "id":"img_58",
      "w":290,
      "h":516,
      "u":"images\/",
      "p":"img_58.png",
      "e":0,
      "nm":"img_58.png"
    },
    {
      "id":"img_59",
      "w":290,
      "h":516,
      "u":"images\/",
      "p":"img_59.png",
      "e":0,
      "nm":"img_59.png"
    },
    {
      "id":"img_60",
      "w":290,
      "h":516,
      "u":"images\/",
      "p":"img_60.png",
      "e":0,
      "nm":"img_60.png"
    },
    {
      "id":"img_61",
      "w":290,
      "h":516,
      "u":"images\/",
      "p":"img_61.png",
      "e":0,
      "nm":"img_61.png"
    },
    {
      "id":"img_62",
      "w":290,
      "h":516,
      "u":"images\/",
      "p":"img_62.png",
      "e":0,
      "nm":"img_62.png"
    },
    {
      "id":"img_63",
      "w":290,
      "h":516,
      "u":"images\/",
      "p":"img_63.png",
      "e":0,
      "nm":"img_63.png"
    },
    {
      "id":"img_64",
      "w":290,
      "h":516,
      "u":"images\/",
      "p":"img_64.png",
      "e":0,
      "nm":"img_64.png"
    },
    {
      "id":"img_65",
      "w":290,
      "h":516,
      "u":"images\/",
      "p":"img_65.png",
      "e":0,
      "nm":"img_65.png"
    },
    {
      "id":"img_66",
      "w":290,
      "h":516,
      "u":"images\/",
      "p":"img_66.png",
      "e":0,
      "nm":"img_66.png"
    },
    {
      "id":"img_67",
      "w":290,
      "h":516,
      "u":"images\/",
      "p":"img_67.png",
      "e":0,
      "nm":"img_67.png"
    },
    {
      "id":"img_68",
      "w":290,
      "h":516,
      "u":"images\/",
      "p":"img_68.png",
      "e":0,
      "nm":"img_68.png"
    },
    {
      "id":"img_69",
      "w":290,
      "h":516,
      "u":"images\/",
      "p":"img_69.png",
      "e":0,
      "nm":"img_69.png"
    },
    {
      "id":"img_70",
      "w":290,
      "h":516,
      "u":"images\/",
      "p":"img_70.png",
      "e":0,
      "nm":"img_70.png"
    },
    {
      "id":"img_71",
      "w":290,
      "h":516,
      "u":"images\/",
      "p":"img_71.png",
      "e":0,
      "nm":"img_71.png"
    },
    {
      "id":"img_72",
      "w":290,
      "h":516,
      "u":"images\/",
      "p":"img_72.png",
      "e":0,
      "nm":"img_72.png"
    },
    {
      "id":"img_73",
      "w":290,
      "h":516,
      "u":"images\/",
      "p":"img_73.png",
      "e":0,
      "nm":"img_73.png"
    },
    {
      "id":"img_74",
      "w":290,
      "h":516,
      "u":"images\/",
      "p":"img_74.png",
      "e":0,
      "nm":"img_74.png"
    },
    {
      "id":"img_75",
      "w":290,
      "h":516,
      "u":"images\/",
      "p":"img_75.png",
      "e":0,
      "nm":"img_75.png"
    },
    {
      "id":"img_76",
      "w":290,
      "h":516,
      "u":"images\/",
      "p":"img_76.png",
      "e":0,
      "nm":"img_76.png"
    },
    {
      "id":"img_77",
      "w":290,
      "h":516,
      "u":"images\/",
      "p":"img_77.png",
      "e":0,
      "nm":"img_77.png"
    },
    {
      "id":"img_78",
      "w":290,
      "h":516,
      "u":"images\/",
      "p":"img_78.png",
      "e":0,
      "nm":"img_78.png"
    },
    {
      "id":"img_79",
      "w":290,
      "h":516,
      "u":"images\/",
      "p":"img_79.png",
      "e":0,
      "nm":"img_79.png"
    },
    {
      "id":"img_80",
      "w":290,
      "h":516,
      "u":"images\/",
      "p":"img_80.png",
      "e":0,
      "nm":"img_80.png"
    },
    {
      "id":"img_81",
      "w":290,
      "h":516,
      "u":"images\/",
      "p":"img_81.png",
      "e":0,
      "nm":"img_81.png"
    },
    {
      "id":"img_82",
      "w":290,
      "h":516,
      "u":"images\/",
      "p":"img_82.png",
      "e":0,
      "nm":"img_82.png"
    },
    {
      "id":"img_83",
      "w":290,
      "h":516,
      "u":"images\/",
      "p":"img_83.png",
      "e":0,
      "nm":"img_83.png"
    },
    {
      "id":"img_84",
      "w":290,
      "h":516,
      "u":"images\/",
      "p":"img_84.png",
      "e":0,
      "nm":"img_84.png"
    },
    {
      "id":"img_85",
      "w":290,
      "h":516,
      "u":"images\/",
      "p":"img_85.png",
      "e":0,
      "nm":"img_85.png"
    }
  ],
  "layers":[
    {
      "ddd":0,
      "ind":1,
      "ty":2,
      "cl":"png",
      "refId":"img_0",
      "sr":1,
      "ks":{
        "o":{
          "a":0,
          "k":100,
          "ix":11
        },
        "r":{
          "a":0,
          "k":0,
          "ix":10
        },
        "p":{
          "a":0,
          "k":[
            145,
            258,
            0
          ],
          "ix":2
        },
        "a":{
          "a":0,
          "k":[
            145,
            258,
            0
          ],
          "ix":1
        },
        "s":{
          "a":0,
          "k":[
            100,
            100,
            100
          ],
          "ix":6
        }
      },
      "ao":0,
      "ip":0,
      "op":1,
      "st":0,
      "bm":0
    },
    {
      "ddd":0,
      "ind":2,
      "ty":2,
      "cl":"png",
      "refId":"img_1",
      "sr":1,
      "ks":{
        "o":{
          "a":0,
          "k":100,
          "ix":11
        },
        "r":{
          "a":0,
          "k":0,
          "ix":10
        },
        "p":{
          "a":0,
          "k":[
            145,
            258,
            0
          ],
          "ix":2
        },
        "a":{
          "a":0,
          "k":[
            145,
            258,
            0
          ],
          "ix":1
        },
        "s":{
          "a":0,
          "k":[
            100,
            100,
            100
          ],
          "ix":6
        }
      },
      "ao":0,
      "ip":1,
      "op":2,
      "st":1,
      "bm":0
    },
    {
      "ddd":0,
      "ind":3,
      "ty":2,
      "cl":"png",
      "refId":"img_2",
      "sr":1,
      "ks":{
        "o":{
          "a":0,
          "k":100,
          "ix":11
        },
        "r":{
          "a":0,
          "k":0,
          "ix":10
        },
        "p":{
          "a":0,
          "k":[
            145,
            258,
            0
          ],
          "ix":2
        },
        "a":{
          "a":0,
          "k":[
            145,
            258,
            0
          ],
          "ix":1
        },
        "s":{
          "a":0,
          "k":[
            100,
            100,
            100
          ],
          "ix":6
        }
      },
      "ao":0,
      "ip":2,
      "op":3,
      "st":2,
      "bm":0
    },
    {
      "ddd":0,
      "ind":4,
      "ty":2,
      "cl":"png",
      "refId":"img_3",
      "sr":1,
      "ks":{
        "o":{
          "a":0,
          "k":100,
          "ix":11
        },
        "r":{
          "a":0,
          "k":0,
          "ix":10
        },
        "p":{
          "a":0,
          "k":[
            145,
            258,
            0
          ],
          "ix":2
        },
        "a":{
          "a":0,
          "k":[
            145,
            258,
            0
          ],
          "ix":1
        },
        "s":{
          "a":0,
          "k":[
            100,
            100,
            100
          ],
          "ix":6
        }
      },
      "ao":0,
      "ip":3,
      "op":4,
      "st":3,
      "bm":0
    },
    {
      "ddd":0,
      "ind":5,
      "ty":2,
      "cl":"png",
      "refId":"img_4",
      "sr":1,
      "ks":{
        "o":{
          "a":0,
          "k":100,
          "ix":11
        },
        "r":{
          "a":0,
          "k":0,
          "ix":10
        },
        "p":{
          "a":0,
          "k":[
            145,
            258,
            0
          ],
          "ix":2
        },
        "a":{
          "a":0,
          "k":[
            145,
            258,
            0
          ],
          "ix":1
        },
        "s":{
          "a":0,
          "k":[
            100,
            100,
            100
          ],
          "ix":6
        }
      },
      "ao":0,
      "ip":4,
      "op":5,
      "st":4,
      "bm":0
    },
    {
      "ddd":0,
      "ind":6,
      "ty":2,
      "cl":"png",
      "refId":"img_5",
      "sr":1,
      "ks":{
        "o":{
          "a":0,
          "k":100,
          "ix":11
        },
        "r":{
          "a":0,
          "k":0,
          "ix":10
        },
        "p":{
          "a":0,
          "k":[
            145,
            258,
            0
          ],
          "ix":2
        },
        "a":{
          "a":0,
          "k":[
            145,
            258,
            0
          ],
          "ix":1
        },
        "s":{
          "a":0,
          "k":[
            100,
            100,
            100
          ],
          "ix":6
        }
      },
      "ao":0,
      "ip":5,
      "op":6,
      "st":5,
      "bm":0
    },
    {
      "ddd":0,
      "ind":7,
      "ty":2,
      "cl":"png",
      "refId":"img_6",
      "sr":1,
      "ks":{
        "o":{
          "a":0,
          "k":100,
          "ix":11
        },
        "r":{
          "a":0,
          "k":0,
          "ix":10
        },
        "p":{
          "a":0,
          "k":[
            145,
            258,
            0
          ],
          "ix":2
        },
        "a":{
          "a":0,
          "k":[
            145,
            258,
            0
          ],
          "ix":1
        },
        "s":{
          "a":0,
          "k":[
            100,
            100,
            100
          ],
          "ix":6
        }
      },
      "ao":0,
      "ip":6,
      "op":7,
      "st":6,
      "bm":0
    },
    {
      "ddd":0,
      "ind":8,
      "ty":2,
      "cl":"png",
      "refId":"img_7",
      "sr":1,
      "ks":{
        "o":{
          "a":0,
          "k":100,
          "ix":11
        },
        "r":{
          "a":0,
          "k":0,
          "ix":10
        },
        "p":{
          "a":0,
          "k":[
            145,
            258,
            0
          ],
          "ix":2
        },
        "a":{
          "a":0,
          "k":[
            145,
            258,
            0
          ],
          "ix":1
        },
        "s":{
          "a":0,
          "k":[
            100,
            100,
            100
          ],
          "ix":6
        }
      },
      "ao":0,
      "ip":7,
      "op":8,
      "st":7,
      "bm":0
    },
    {
      "ddd":0,
      "ind":9,
      "ty":2,
      "cl":"png",
      "refId":"img_8",
      "sr":1,
      "ks":{
        "o":{
          "a":0,
          "k":100,
          "ix":11
        },
        "r":{
          "a":0,
          "k":0,
          "ix":10
        },
        "p":{
          "a":0,
          "k":[
            145,
            258,
            0
          ],
          "ix":2
        },
        "a":{
          "a":0,
          "k":[
            145,
            258,
            0
          ],
          "ix":1
        },
        "s":{
          "a":0,
          "k":[
            100,
            100,
            100
          ],
          "ix":6
        }
      },
      "ao":0,
      "ip":8,
      "op":9,
      "st":8,
      "bm":0
    },
    {
      "ddd":0,
      "ind":10,
      "ty":2,
      "cl":"png",
      "refId":"img_9",
      "sr":1,
      "ks":{
        "o":{
          "a":0,
          "k":100,
          "ix":11
        },
        "r":{
          "a":0,
          "k":0,
          "ix":10
        },
        "p":{
          "a":0,
          "k":[
            145,
            258,
            0
          ],
          "ix":2
        },
        "a":{
          "a":0,
          "k":[
            145,
            258,
            0
          ],
          "ix":1
        },
        "s":{
          "a":0,
          "k":[
            100,
            100,
            100
          ],
          "ix":6
        }
      },
      "ao":0,
      "ip":9,
      "op":10,
      "st":9,
      "bm":0
    },
    {
      "ddd":0,
      "ind":11,
      "ty":2,
      "cl":"png",
      "refId":"img_10",
      "sr":1,
      "ks":{
        "o":{
          "a":0,
          "k":100,
          "ix":11
        },
        "r":{
          "a":0,
          "k":0,
          "ix":10
        },
        "p":{
          "a":0,
          "k":[
            145,
            258,
            0
          ],
          "ix":2
        },
        "a":{
          "a":0,
          "k":[
            145,
            258,
            0
          ],
          "ix":1
        },
        "s":{
          "a":0,
          "k":[
            100,
            100,
            100
          ],
          "ix":6
        }
      },
      "ao":0,
      "ip":10,
      "op":11,
      "st":10,
      "bm":0
    },
    {
      "ddd":0,
      "ind":12,
      "ty":2,
      "cl":"png",
      "refId":"img_11",
      "sr":1,
      "ks":{
        "o":{
          "a":0,
          "k":100,
          "ix":11
        },
        "r":{
          "a":0,
          "k":0,
          "ix":10
        },
        "p":{
          "a":0,
          "k":[
            145,
            258,
            0
          ],
          "ix":2
        },
        "a":{
          "a":0,
          "k":[
            145,
            258,
            0
          ],
          "ix":1
        },
        "s":{
          "a":0,
          "k":[
            100,
            100,
            100
          ],
          "ix":6
        }
      },
      "ao":0,
      "ip":11,
      "op":12,
      "st":11,
      "bm":0
    },
    {
      "ddd":0,
      "ind":13,
      "ty":2,
      "cl":"png",
      "refId":"img_12",
      "sr":1,
      "ks":{
        "o":{
          "a":0,
          "k":100,
          "ix":11
        },
        "r":{
          "a":0,
          "k":0,
          "ix":10
        },
        "p":{
          "a":0,
          "k":[
            145,
            258,
            0
          ],
          "ix":2
        },
        "a":{
          "a":0,
          "k":[
            145,
            258,
            0
          ],
          "ix":1
        },
        "s":{
          "a":0,
          "k":[
            100,
            100,
            100
          ],
          "ix":6
        }
      },
      "ao":0,
      "ip":12,
      "op":13,
      "st":12,
      "bm":0
    },
    {
      "ddd":0,
      "ind":14,
      "ty":2,
      "cl":"png",
      "refId":"img_13",
      "sr":1,
      "ks":{
        "o":{
          "a":0,
          "k":100,
          "ix":11
        },
        "r":{
          "a":0,
          "k":0,
          "ix":10
        },
        "p":{
          "a":0,
          "k":[
            145,
            258,
            0
          ],
          "ix":2
        },
        "a":{
          "a":0,
          "k":[
            145,
            258,
            0
          ],
          "ix":1
        },
        "s":{
          "a":0,
          "k":[
            100,
            100,
            100
          ],
          "ix":6
        }
      },
      "ao":0,
      "ip":13,
      "op":14,
      "st":13,
      "bm":0
    },
    {
      "ddd":0,
      "ind":15,
      "ty":2,
      "cl":"png",
      "refId":"img_14",
      "sr":1,
      "ks":{
        "o":{
          "a":0,
          "k":100,
          "ix":11
        },
        "r":{
          "a":0,
          "k":0,
          "ix":10
        },
        "p":{
          "a":0,
          "k":[
            145,
            258,
            0
          ],
          "ix":2
        },
        "a":{
          "a":0,
          "k":[
            145,
            258,
            0
          ],
          "ix":1
        },
        "s":{
          "a":0,
          "k":[
            100,
            100,
            100
          ],
          "ix":6
        }
      },
      "ao":0,
      "ip":14,
      "op":15,
      "st":14,
      "bm":0
    },
    {
      "ddd":0,
      "ind":16,
      "ty":2,
      "cl":"png",
      "refId":"img_15",
      "sr":1,
      "ks":{
        "o":{
          "a":0,
          "k":100,
          "ix":11
        },
        "r":{
          "a":0,
          "k":0,
          "ix":10
        },
        "p":{
          "a":0,
          "k":[
            145,
            258,
            0
          ],
          "ix":2
        },
        "a":{
          "a":0,
          "k":[
            145,
            258,
            0
          ],
          "ix":1
        },
        "s":{
          "a":0,
          "k":[
            100,
            100,
            100
          ],
          "ix":6
        }
      },
      "ao":0,
      "ip":15,
      "op":16,
      "st":15,
      "bm":0
    },
    {
      "ddd":0,
      "ind":17,
      "ty":2,
      "cl":"png",
      "refId":"img_16",
      "sr":1,
      "ks":{
        "o":{
          "a":0,
          "k":100,
          "ix":11
        },
        "r":{
          "a":0,
          "k":0,
          "ix":10
        },
        "p":{
          "a":0,
          "k":[
            145,
            258,
            0
          ],
          "ix":2
        },
        "a":{
          "a":0,
          "k":[
            145,
            258,
            0
          ],
          "ix":1
        },
        "s":{
          "a":0,
          "k":[
            100,
            100,
            100
          ],
          "ix":6
        }
      },
      "ao":0,
      "ip":16,
      "op":17,
      "st":16,
      "bm":0
    },
    {
      "ddd":0,
      "ind":18,
      "ty":2,
      "cl":"png",
      "refId":"img_17",
      "sr":1,
      "ks":{
        "o":{
          "a":0,
          "k":100,
          "ix":11
        },
        "r":{
          "a":0,
          "k":0,
          "ix":10
        },
        "p":{
          "a":0,
          "k":[
            145,
            258,
            0
          ],
          "ix":2
        },
        "a":{
          "a":0,
          "k":[
            145,
            258,
            0
          ],
          "ix":1
        },
        "s":{
          "a":0,
          "k":[
            100,
            100,
            100
          ],
          "ix":6
        }
      },
      "ao":0,
      "ip":17,
      "op":18,
      "st":17,
      "bm":0
    },
    {
      "ddd":0,
      "ind":19,
      "ty":2,
      "cl":"png",
      "refId":"img_18",
      "sr":1,
      "ks":{
        "o":{
          "a":0,
          "k":100,
          "ix":11
        },
        "r":{
          "a":0,
          "k":0,
          "ix":10
        },
        "p":{
          "a":0,
          "k":[
            145,
            258,
            0
          ],
          "ix":2
        },
        "a":{
          "a":0,
          "k":[
            145,
            258,
            0
          ],
          "ix":1
        },
        "s":{
          "a":0,
          "k":[
            100,
            100,
            100
          ],
          "ix":6
        }
      },
      "ao":0,
      "ip":18,
      "op":19,
      "st":18,
      "bm":0
    },
    {
      "ddd":0,
      "ind":20,
      "ty":2,
      "cl":"png",
      "refId":"img_19",
      "sr":1,
      "ks":{
        "o":{
          "a":0,
          "k":100,
          "ix":11
        },
        "r":{
          "a":0,
          "k":0,
          "ix":10
        },
        "p":{
          "a":0,
          "k":[
            145,
            258,
            0
          ],
          "ix":2
        },
        "a":{
          "a":0,
          "k":[
            145,
            258,
            0
          ],
          "ix":1
        },
        "s":{
          "a":0,
          "k":[
            100,
            100,
            100
          ],
          "ix":6
        }
      },
      "ao":0,
      "ip":19,
      "op":20,
      "st":19,
      "bm":0
    },
    {
      "ddd":0,
      "ind":21,
      "ty":2,
      "cl":"png",
      "refId":"img_20",
      "sr":1,
      "ks":{
        "o":{
          "a":0,
          "k":100,
          "ix":11
        },
        "r":{
          "a":0,
          "k":0,
          "ix":10
        },
        "p":{
          "a":0,
          "k":[
            145,
            258,
            0
          ],
          "ix":2
        },
        "a":{
          "a":0,
          "k":[
            145,
            258,
            0
          ],
          "ix":1
        },
        "s":{
          "a":0,
          "k":[
            100,
            100,
            100
          ],
          "ix":6
        }
      },
      "ao":0,
      "ip":20,
      "op":21,
      "st":20,
      "bm":0
    },
    {
      "ddd":0,
      "ind":22,
      "ty":2,
      "cl":"png",
      "refId":"img_21",
      "sr":1,
      "ks":{
        "o":{
          "a":0,
          "k":100,
          "ix":11
        },
        "r":{
          "a":0,
          "k":0,
          "ix":10
        },
        "p":{
          "a":0,
          "k":[
            145,
            258,
            0
          ],
          "ix":2
        },
        "a":{
          "a":0,
          "k":[
            145,
            258,
            0
          ],
          "ix":1
        },
        "s":{
          "a":0,
          "k":[
            100,
            100,
            100
          ],
          "ix":6
        }
      },
      "ao":0,
      "ip":21,
      "op":22,
      "st":21,
      "bm":0
    },
    {
      "ddd":0,
      "ind":23,
      "ty":2,
      "cl":"png",
      "refId":"img_22",
      "sr":1,
      "ks":{
        "o":{
          "a":0,
          "k":100,
          "ix":11
        },
        "r":{
          "a":0,
          "k":0,
          "ix":10
        },
        "p":{
          "a":0,
          "k":[
            145,
            258,
            0
          ],
          "ix":2
        },
        "a":{
          "a":0,
          "k":[
            145,
            258,
            0
          ],
          "ix":1
        },
        "s":{
          "a":0,
          "k":[
            100,
            100,
            100
          ],
          "ix":6
        }
      },
      "ao":0,
      "ip":22,
      "op":23,
      "st":22,
      "bm":0
    },
    {
      "ddd":0,
      "ind":24,
      "ty":2,
      "cl":"png",
      "refId":"img_23",
      "sr":1,
      "ks":{
        "o":{
          "a":0,
          "k":100,
          "ix":11
        },
        "r":{
          "a":0,
          "k":0,
          "ix":10
        },
        "p":{
          "a":0,
          "k":[
            145,
            258,
            0
          ],
          "ix":2
        },
        "a":{
          "a":0,
          "k":[
            145,
            258,
            0
          ],
          "ix":1
        },
        "s":{
          "a":0,
          "k":[
            100,
            100,
            100
          ],
          "ix":6
        }
      },
      "ao":0,
      "ip":23,
      "op":24,
      "st":23,
      "bm":0
    },
    {
      "ddd":0,
      "ind":25,
      "ty":2,
      "cl":"png",
      "refId":"img_24",
      "sr":1,
      "ks":{
        "o":{
          "a":0,
          "k":100,
          "ix":11
        },
        "r":{
          "a":0,
          "k":0,
          "ix":10
        },
        "p":{
          "a":0,
          "k":[
            145,
            258,
            0
          ],
          "ix":2
        },
        "a":{
          "a":0,
          "k":[
            145,
            258,
            0
          ],
          "ix":1
        },
        "s":{
          "a":0,
          "k":[
            100,
            100,
            100
          ],
          "ix":6
        }
      },
      "ao":0,
      "ip":24,
      "op":25,
      "st":24,
      "bm":0
    },
    {
      "ddd":0,
      "ind":26,
      "ty":2,
      "cl":"png",
      "refId":"img_25",
      "sr":1,
      "ks":{
        "o":{
          "a":0,
          "k":100,
          "ix":11
        },
        "r":{
          "a":0,
          "k":0,
          "ix":10
        },
        "p":{
          "a":0,
          "k":[
            145,
            258,
            0
          ],
          "ix":2
        },
        "a":{
          "a":0,
          "k":[
            145,
            258,
            0
          ],
          "ix":1
        },
        "s":{
          "a":0,
          "k":[
            100,
            100,
            100
          ],
          "ix":6
        }
      },
      "ao":0,
      "ip":25,
      "op":26,
      "st":25,
      "bm":0
    },
    {
      "ddd":0,
      "ind":27,
      "ty":2,
      "cl":"png",
      "refId":"img_26",
      "sr":1,
      "ks":{
        "o":{
          "a":0,
          "k":100,
          "ix":11
        },
        "r":{
          "a":0,
          "k":0,
          "ix":10
        },
        "p":{
          "a":0,
          "k":[
            145,
            258,
            0
          ],
          "ix":2
        },
        "a":{
          "a":0,
          "k":[
            145,
            258,
            0
          ],
          "ix":1
        },
        "s":{
          "a":0,
          "k":[
            100,
            100,
            100
          ],
          "ix":6
        }
      },
      "ao":0,
      "ip":26,
      "op":27,
      "st":26,
      "bm":0
    },
    {
      "ddd":0,
      "ind":28,
      "ty":2,
      "cl":"png",
      "refId":"img_27",
      "sr":1,
      "ks":{
        "o":{
          "a":0,
          "k":100,
          "ix":11
        },
        "r":{
          "a":0,
          "k":0,
          "ix":10
        },
        "p":{
          "a":0,
          "k":[
            145,
            258,
            0
          ],
          "ix":2
        },
        "a":{
          "a":0,
          "k":[
            145,
            258,
            0
          ],
          "ix":1
        },
        "s":{
          "a":0,
          "k":[
            100,
            100,
            100
          ],
          "ix":6
        }
      },
      "ao":0,
      "ip":27,
      "op":28,
      "st":27,
      "bm":0
    },
    {
      "ddd":0,
      "ind":29,
      "ty":2,
      "cl":"png",
      "refId":"img_28",
      "sr":1,
      "ks":{
        "o":{
          "a":0,
          "k":100,
          "ix":11
        },
        "r":{
          "a":0,
          "k":0,
          "ix":10
        },
        "p":{
          "a":0,
          "k":[
            145,
            258,
            0
          ],
          "ix":2
        },
        "a":{
          "a":0,
          "k":[
            145,
            258,
            0
          ],
          "ix":1
        },
        "s":{
          "a":0,
          "k":[
            100,
            100,
            100
          ],
          "ix":6
        }
      },
      "ao":0,
      "ip":28,
      "op":29,
      "st":28,
      "bm":0
    },
    {
      "ddd":0,
      "ind":30,
      "ty":2,
      "cl":"png",
      "refId":"img_29",
      "sr":1,
      "ks":{
        "o":{
          "a":0,
          "k":100,
          "ix":11
        },
        "r":{
          "a":0,
          "k":0,
          "ix":10
        },
        "p":{
          "a":0,
          "k":[
            145,
            258,
            0
          ],
          "ix":2
        },
        "a":{
          "a":0,
          "k":[
            145,
            258,
            0
          ],
          "ix":1
        },
        "s":{
          "a":0,
          "k":[
            100,
            100,
            100
          ],
          "ix":6
        }
      },
      "ao":0,
      "ip":29,
      "op":30,
      "st":29,
      "bm":0
    },
    {
      "ddd":0,
      "ind":31,
      "ty":2,
      "cl":"png",
      "refId":"img_30",
      "sr":1,
      "ks":{
        "o":{
          "a":0,
          "k":100,
          "ix":11
        },
        "r":{
          "a":0,
          "k":0,
          "ix":10
        },
        "p":{
          "a":0,
          "k":[
            145,
            258,
            0
          ],
          "ix":2
        },
        "a":{
          "a":0,
          "k":[
            145,
            258,
            0
          ],
          "ix":1
        },
        "s":{
          "a":0,
          "k":[
            100,
            100,
            100
          ],
          "ix":6
        }
      },
      "ao":0,
      "ip":30,
      "op":31,
      "st":30,
      "bm":0
    },
    {
      "ddd":0,
      "ind":32,
      "ty":2,
      "cl":"png",
      "refId":"img_31",
      "sr":1,
      "ks":{
        "o":{
          "a":0,
          "k":100,
          "ix":11
        },
        "r":{
          "a":0,
          "k":0,
          "ix":10
        },
        "p":{
          "a":0,
          "k":[
            145,
            258,
            0
          ],
          "ix":2
        },
        "a":{
          "a":0,
          "k":[
            145,
            258,
            0
          ],
          "ix":1
        },
        "s":{
          "a":0,
          "k":[
            100,
            100,
            100
          ],
          "ix":6
        }
      },
      "ao":0,
      "ip":31,
      "op":32,
      "st":31,
      "bm":0
    },
    {
      "ddd":0,
      "ind":33,
      "ty":2,
      "cl":"png",
      "refId":"img_32",
      "sr":1,
      "ks":{
        "o":{
          "a":0,
          "k":100,
          "ix":11
        },
        "r":{
          "a":0,
          "k":0,
          "ix":10
        },
        "p":{
          "a":0,
          "k":[
            145,
            258,
            0
          ],
          "ix":2
        },
        "a":{
          "a":0,
          "k":[
            145,
            258,
            0
          ],
          "ix":1
        },
        "s":{
          "a":0,
          "k":[
            100,
            100,
            100
          ],
          "ix":6
        }
      },
      "ao":0,
      "ip":32,
      "op":33,
      "st":32,
      "bm":0
    },
    {
      "ddd":0,
      "ind":34,
      "ty":2,
      "cl":"png",
      "refId":"img_33",
      "sr":1,
      "ks":{
        "o":{
          "a":0,
          "k":100,
          "ix":11
        },
        "r":{
          "a":0,
          "k":0,
          "ix":10
        },
        "p":{
          "a":0,
          "k":[
            145,
            258,
            0
          ],
          "ix":2
        },
        "a":{
          "a":0,
          "k":[
            145,
            258,
            0
          ],
          "ix":1
        },
        "s":{
          "a":0,
          "k":[
            100,
            100,
            100
          ],
          "ix":6
        }
      },
      "ao":0,
      "ip":33,
      "op":34,
      "st":33,
      "bm":0
    },
    {
      "ddd":0,
      "ind":35,
      "ty":2,
      "cl":"png",
      "refId":"img_34",
      "sr":1,
      "ks":{
        "o":{
          "a":0,
          "k":100,
          "ix":11
        },
        "r":{
          "a":0,
          "k":0,
          "ix":10
        },
        "p":{
          "a":0,
          "k":[
            145,
            258,
            0
          ],
          "ix":2
        },
        "a":{
          "a":0,
          "k":[
            145,
            258,
            0
          ],
          "ix":1
        },
        "s":{
          "a":0,
          "k":[
            100,
            100,
            100
          ],
          "ix":6
        }
      },
      "ao":0,
      "ip":34,
      "op":35,
      "st":34,
      "bm":0
    },
    {
      "ddd":0,
      "ind":36,
      "ty":2,
      "cl":"png",
      "refId":"img_35",
      "sr":1,
      "ks":{
        "o":{
          "a":0,
          "k":100,
          "ix":11
        },
        "r":{
          "a":0,
          "k":0,
          "ix":10
        },
        "p":{
          "a":0,
          "k":[
            145,
            258,
            0
          ],
          "ix":2
        },
        "a":{
          "a":0,
          "k":[
            145,
            258,
            0
          ],
          "ix":1
        },
        "s":{
          "a":0,
          "k":[
            100,
            100,
            100
          ],
          "ix":6
        }
      },
      "ao":0,
      "ip":35,
      "op":36,
      "st":35,
      "bm":0
    },
    {
      "ddd":0,
      "ind":37,
      "ty":2,
      "cl":"png",
      "refId":"img_36",
      "sr":1,
      "ks":{
        "o":{
          "a":0,
          "k":100,
          "ix":11
        },
        "r":{
          "a":0,
          "k":0,
          "ix":10
        },
        "p":{
          "a":0,
          "k":[
            145,
            258,
            0
          ],
          "ix":2
        },
        "a":{
          "a":0,
          "k":[
            145,
            258,
            0
          ],
          "ix":1
        },
        "s":{
          "a":0,
          "k":[
            100,
            100,
            100
          ],
          "ix":6
        }
      },
      "ao":0,
      "ip":36,
      "op":37,
      "st":36,
      "bm":0
    },
    {
      "ddd":0,
      "ind":38,
      "ty":2,
      "cl":"png",
      "refId":"img_37",
      "sr":1,
      "ks":{
        "o":{
          "a":0,
          "k":100,
          "ix":11
        },
        "r":{
          "a":0,
          "k":0,
          "ix":10
        },
        "p":{
          "a":0,
          "k":[
            145,
            258,
            0
          ],
          "ix":2
        },
        "a":{
          "a":0,
          "k":[
            145,
            258,
            0
          ],
          "ix":1
        },
        "s":{
          "a":0,
          "k":[
            100,
            100,
            100
          ],
          "ix":6
        }
      },
      "ao":0,
      "ip":37,
      "op":38,
      "st":37,
      "bm":0
    },
    {
      "ddd":0,
      "ind":39,
      "ty":2,
      "cl":"png",
      "refId":"img_38",
      "sr":1,
      "ks":{
        "o":{
          "a":0,
          "k":100,
          "ix":11
        },
        "r":{
          "a":0,
          "k":0,
          "ix":10
        },
        "p":{
          "a":0,
          "k":[
            145,
            258,
            0
          ],
          "ix":2
        },
        "a":{
          "a":0,
          "k":[
            145,
            258,
            0
          ],
          "ix":1
        },
        "s":{
          "a":0,
          "k":[
            100,
            100,
            100
          ],
          "ix":6
        }
      },
      "ao":0,
      "ip":38,
      "op":39,
      "st":38,
      "bm":0
    },
    {
      "ddd":0,
      "ind":40,
      "ty":2,
      "cl":"png",
      "refId":"img_39",
      "sr":1,
      "ks":{
        "o":{
          "a":0,
          "k":100,
          "ix":11
        },
        "r":{
          "a":0,
          "k":0,
          "ix":10
        },
        "p":{
          "a":0,
          "k":[
            145,
            258,
            0
          ],
          "ix":2
        },
        "a":{
          "a":0,
          "k":[
            145,
            258,
            0
          ],
          "ix":1
        },
        "s":{
          "a":0,
          "k":[
            100,
            100,
            100
          ],
          "ix":6
        }
      },
      "ao":0,
      "ip":39,
      "op":40,
      "st":39,
      "bm":0
    },
    {
      "ddd":0,
      "ind":41,
      "ty":2,
      "cl":"png",
      "refId":"img_40",
      "sr":1,
      "ks":{
        "o":{
          "a":0,
          "k":100,
          "ix":11
        },
        "r":{
          "a":0,
          "k":0,
          "ix":10
        },
        "p":{
          "a":0,
          "k":[
            145,
            258,
            0
          ],
          "ix":2
        },
        "a":{
          "a":0,
          "k":[
            145,
            258,
            0
          ],
          "ix":1
        },
        "s":{
          "a":0,
          "k":[
            100,
            100,
            100
          ],
          "ix":6
        }
      },
      "ao":0,
      "ip":40,
      "op":41,
      "st":40,
      "bm":0
    },
    {
      "ddd":0,
      "ind":42,
      "ty":2,
      "cl":"png",
      "refId":"img_41",
      "sr":1,
      "ks":{
        "o":{
          "a":0,
          "k":100,
          "ix":11
        },
        "r":{
          "a":0,
          "k":0,
          "ix":10
        },
        "p":{
          "a":0,
          "k":[
            145,
            258,
            0
          ],
          "ix":2
        },
        "a":{
          "a":0,
          "k":[
            145,
            258,
            0
          ],
          "ix":1
        },
        "s":{
          "a":0,
          "k":[
            100,
            100,
            100
          ],
          "ix":6
        }
      },
      "ao":0,
      "ip":41,
      "op":42,
      "st":41,
      "bm":0
    },
    {
      "ddd":0,
      "ind":43,
      "ty":2,
      "cl":"png",
      "refId":"img_42",
      "sr":1,
      "ks":{
        "o":{
          "a":0,
          "k":100,
          "ix":11
        },
        "r":{
          "a":0,
          "k":0,
          "ix":10
        },
        "p":{
          "a":0,
          "k":[
            145,
            258,
            0
          ],
          "ix":2
        },
        "a":{
          "a":0,
          "k":[
            145,
            258,
            0
          ],
          "ix":1
        },
        "s":{
          "a":0,
          "k":[
            100,
            100,
            100
          ],
          "ix":6
        }
      },
      "ao":0,
      "ip":42,
      "op":43,
      "st":42,
      "bm":0
    },
    {
      "ddd":0,
      "ind":44,
      "ty":2,
      "cl":"png",
      "refId":"img_43",
      "sr":1,
      "ks":{
        "o":{
          "a":0,
          "k":100,
          "ix":11
        },
        "r":{
          "a":0,
          "k":0,
          "ix":10
        },
        "p":{
          "a":0,
          "k":[
            145,
            258,
            0
          ],
          "ix":2
        },
        "a":{
          "a":0,
          "k":[
            145,
            258,
            0
          ],
          "ix":1
        },
        "s":{
          "a":0,
          "k":[
            100,
            100,
            100
          ],
          "ix":6
        }
      },
      "ao":0,
      "ip":43,
      "op":44,
      "st":43,
      "bm":0
    },
    {
      "ddd":0,
      "ind":45,
      "ty":2,
      "cl":"png",
      "refId":"img_44",
      "sr":1,
      "ks":{
        "o":{
          "a":0,
          "k":100,
          "ix":11
        },
        "r":{
          "a":0,
          "k":0,
          "ix":10
        },
        "p":{
          "a":0,
          "k":[
            145,
            258,
            0
          ],
          "ix":2
        },
        "a":{
          "a":0,
          "k":[
            145,
            258,
            0
          ],
          "ix":1
        },
        "s":{
          "a":0,
          "k":[
            100,
            100,
            100
          ],
          "ix":6
        }
      },
      "ao":0,
      "ip":44,
      "op":45,
      "st":44,
      "bm":0
    },
    {
      "ddd":0,
      "ind":46,
      "ty":2,
      "cl":"png",
      "refId":"img_45",
      "sr":1,
      "ks":{
        "o":{
          "a":0,
          "k":100,
          "ix":11
        },
        "r":{
          "a":0,
          "k":0,
          "ix":10
        },
        "p":{
          "a":0,
          "k":[
            145,
            258,
            0
          ],
          "ix":2
        },
        "a":{
          "a":0,
          "k":[
            145,
            258,
            0
          ],
          "ix":1
        },
        "s":{
          "a":0,
          "k":[
            100,
            100,
            100
          ],
          "ix":6
        }
      },
      "ao":0,
      "ip":45,
      "op":46,
      "st":45,
      "bm":0
    },
    {
      "ddd":0,
      "ind":47,
      "ty":2,
      "cl":"png",
      "refId":"img_46",
      "sr":1,
      "ks":{
        "o":{
          "a":0,
          "k":100,
          "ix":11
        },
        "r":{
          "a":0,
          "k":0,
          "ix":10
        },
        "p":{
          "a":0,
          "k":[
            145,
            258,
            0
          ],
          "ix":2
        },
        "a":{
          "a":0,
          "k":[
            145,
            258,
            0
          ],
          "ix":1
        },
        "s":{
          "a":0,
          "k":[
            100,
            100,
            100
          ],
          "ix":6
        }
      },
      "ao":0,
      "ip":46,
      "op":47,
      "st":46,
      "bm":0
    },
    {
      "ddd":0,
      "ind":48,
      "ty":2,
      "cl":"png",
      "refId":"img_47",
      "sr":1,
      "ks":{
        "o":{
          "a":0,
          "k":100,
          "ix":11
        },
        "r":{
          "a":0,
          "k":0,
          "ix":10
        },
        "p":{
          "a":0,
          "k":[
            145,
            258,
            0
          ],
          "ix":2
        },
        "a":{
          "a":0,
          "k":[
            145,
            258,
            0
          ],
          "ix":1
        },
        "s":{
          "a":0,
          "k":[
            100,
            100,
            100
          ],
          "ix":6
        }
      },
      "ao":0,
      "ip":47,
      "op":48,
      "st":47,
      "bm":0
    },
    {
      "ddd":0,
      "ind":49,
      "ty":2,
      "cl":"png",
      "refId":"img_48",
      "sr":1,
      "ks":{
        "o":{
          "a":0,
          "k":100,
          "ix":11
        },
        "r":{
          "a":0,
          "k":0,
          "ix":10
        },
        "p":{
          "a":0,
          "k":[
            145,
            258,
            0
          ],
          "ix":2
        },
        "a":{
          "a":0,
          "k":[
            145,
            258,
            0
          ],
          "ix":1
        },
        "s":{
          "a":0,
          "k":[
            100,
            100,
            100
          ],
          "ix":6
        }
      },
      "ao":0,
      "ip":48,
      "op":49,
      "st":48,
      "bm":0
    },
    {
      "ddd":0,
      "ind":50,
      "ty":2,
      "cl":"png",
      "refId":"img_49",
      "sr":1,
      "ks":{
        "o":{
          "a":0,
          "k":100,
          "ix":11
        },
        "r":{
          "a":0,
          "k":0,
          "ix":10
        },
        "p":{
          "a":0,
          "k":[
            145,
            258,
            0
          ],
          "ix":2
        },
        "a":{
          "a":0,
          "k":[
            145,
            258,
            0
          ],
          "ix":1
        },
        "s":{
          "a":0,
          "k":[
            100,
            100,
            100
          ],
          "ix":6
        }
      },
      "ao":0,
      "ip":49,
      "op":50,
      "st":49,
      "bm":0
    },
    {
      "ddd":0,
      "ind":51,
      "ty":2,
      "cl":"png",
      "refId":"img_50",
      "sr":1,
      "ks":{
        "o":{
          "a":0,
          "k":100,
          "ix":11
        },
        "r":{
          "a":0,
          "k":0,
          "ix":10
        },
        "p":{
          "a":0,
          "k":[
            145,
            258,
            0
          ],
          "ix":2
        },
        "a":{
          "a":0,
          "k":[
            145,
            258,
            0
          ],
          "ix":1
        },
        "s":{
          "a":0,
          "k":[
            100,
            100,
            100
          ],
          "ix":6
        }
      },
      "ao":0,
      "ip":50,
      "op":51,
      "st":50,
      "bm":0
    },
    {
      "ddd":0,
      "ind":52,
      "ty":2,
      "cl":"png",
      "refId":"img_51",
      "sr":1,
      "ks":{
        "o":{
          "a":0,
          "k":100,
          "ix":11
        },
        "r":{
          "a":0,
          "k":0,
          "ix":10
        },
        "p":{
          "a":0,
          "k":[
            145,
            258,
            0
          ],
          "ix":2
        },
        "a":{
          "a":0,
          "k":[
            145,
            258,
            0
          ],
          "ix":1
        },
        "s":{
          "a":0,
          "k":[
            100,
            100,
            100
          ],
          "ix":6
        }
      },
      "ao":0,
      "ip":51,
      "op":52,
      "st":51,
      "bm":0
    },
    {
      "ddd":0,
      "ind":53,
      "ty":2,
      "cl":"png",
      "refId":"img_52",
      "sr":1,
      "ks":{
        "o":{
          "a":0,
          "k":100,
          "ix":11
        },
        "r":{
          "a":0,
          "k":0,
          "ix":10
        },
        "p":{
          "a":0,
          "k":[
            145,
            258,
            0
          ],
          "ix":2
        },
        "a":{
          "a":0,
          "k":[
            145,
            258,
            0
          ],
          "ix":1
        },
        "s":{
          "a":0,
          "k":[
            100,
            100,
            100
          ],
          "ix":6
        }
      },
      "ao":0,
      "ip":52,
      "op":53,
      "st":52,
      "bm":0
    },
    {
      "ddd":0,
      "ind":54,
      "ty":2,
      "cl":"png",
      "refId":"img_53",
      "sr":1,
      "ks":{
        "o":{
          "a":0,
          "k":100,
          "ix":11
        },
        "r":{
          "a":0,
          "k":0,
          "ix":10
        },
        "p":{
          "a":0,
          "k":[
            145,
            258,
            0
          ],
          "ix":2
        },
        "a":{
          "a":0,
          "k":[
            145,
            258,
            0
          ],
          "ix":1
        },
        "s":{
          "a":0,
          "k":[
            100,
            100,
            100
          ],
          "ix":6
        }
      },
      "ao":0,
      "ip":53,
      "op":54,
      "st":53,
      "bm":0
    },
    {
      "ddd":0,
      "ind":55,
      "ty":2,
      "cl":"png",
      "refId":"img_54",
      "sr":1,
      "ks":{
        "o":{
          "a":0,
          "k":100,
          "ix":11
        },
        "r":{
          "a":0,
          "k":0,
          "ix":10
        },
        "p":{
          "a":0,
          "k":[
            145,
            258,
            0
          ],
          "ix":2
        },
        "a":{
          "a":0,
          "k":[
            145,
            258,
            0
          ],
          "ix":1
        },
        "s":{
          "a":0,
          "k":[
            100,
            100,
            100
          ],
          "ix":6
        }
      },
      "ao":0,
      "ip":54,
      "op":55,
      "st":54,
      "bm":0
    },
    {
      "ddd":0,
      "ind":56,
      "ty":2,
      "cl":"png",
      "refId":"img_55",
      "sr":1,
      "ks":{
        "o":{
          "a":0,
          "k":100,
          "ix":11
        },
        "r":{
          "a":0,
          "k":0,
          "ix":10
        },
        "p":{
          "a":0,
          "k":[
            145,
            258,
            0
          ],
          "ix":2
        },
        "a":{
          "a":0,
          "k":[
            145,
            258,
            0
          ],
          "ix":1
        },
        "s":{
          "a":0,
          "k":[
            100,
            100,
            100
          ],
          "ix":6
        }
      },
      "ao":0,
      "ip":55,
      "op":56,
      "st":55,
      "bm":0
    },
    {
      "ddd":0,
      "ind":57,
      "ty":2,
      "cl":"png",
      "refId":"img_56",
      "sr":1,
      "ks":{
        "o":{
          "a":0,
          "k":100,
          "ix":11
        },
        "r":{
          "a":0,
          "k":0,
          "ix":10
        },
        "p":{
          "a":0,
          "k":[
            145,
            258,
            0
          ],
          "ix":2
        },
        "a":{
          "a":0,
          "k":[
            145,
            258,
            0
          ],
          "ix":1
        },
        "s":{
          "a":0,
          "k":[
            100,
            100,
            100
          ],
          "ix":6
        }
      },
      "ao":0,
      "ip":56,
      "op":57,
      "st":56,
      "bm":0
    },
    {
      "ddd":0,
      "ind":58,
      "ty":2,
      "cl":"png",
      "refId":"img_57",
      "sr":1,
      "ks":{
        "o":{
          "a":0,
          "k":100,
          "ix":11
        },
        "r":{
          "a":0,
          "k":0,
          "ix":10
        },
        "p":{
          "a":0,
          "k":[
            145,
            258,
            0
          ],
          "ix":2
        },
        "a":{
          "a":0,
          "k":[
            145,
            258,
            0
          ],
          "ix":1
        },
        "s":{
          "a":0,
          "k":[
            100,
            100,
            100
          ],
          "ix":6
        }
      },
      "ao":0,
      "ip":57,
      "op":58,
      "st":57,
      "bm":0
    },
    {
      "ddd":0,
      "ind":59,
      "ty":2,
      "cl":"png",
      "refId":"img_58",
      "sr":1,
      "ks":{
        "o":{
          "a":0,
          "k":100,
          "ix":11
        },
        "r":{
          "a":0,
          "k":0,
          "ix":10
        },
        "p":{
          "a":0,
          "k":[
            145,
            258,
            0
          ],
          "ix":2
        },
        "a":{
          "a":0,
          "k":[
            145,
            258,
            0
          ],
          "ix":1
        },
        "s":{
          "a":0,
          "k":[
            100,
            100,
            100
          ],
          "ix":6
        }
      },
      "ao":0,
      "ip":58,
      "op":59,
      "st":58,
      "bm":0
    },
    {
      "ddd":0,
      "ind":60,
      "ty":2,
      "cl":"png",
      "refId":"img_59",
      "sr":1,
      "ks":{
        "o":{
          "a":0,
          "k":100,
          "ix":11
        },
        "r":{
          "a":0,
          "k":0,
          "ix":10
        },
        "p":{
          "a":0,
          "k":[
            145,
            258,
            0
          ],
          "ix":2
        },
        "a":{
          "a":0,
          "k":[
            145,
            258,
            0
          ],
          "ix":1
        },
        "s":{
          "a":0,
          "k":[
            100,
            100,
            100
          ],
          "ix":6
        }
      },
      "ao":0,
      "ip":59,
      "op":60,
      "st":59,
      "bm":0
    },
    {
      "ddd":0,
      "ind":61,
      "ty":2,
      "cl":"png",
      "refId":"img_60",
      "sr":1,
      "ks":{
        "o":{
          "a":0,
          "k":100,
          "ix":11
        },
        "r":{
          "a":0,
          "k":0,
          "ix":10
        },
        "p":{
          "a":0,
          "k":[
            145,
            258,
            0
          ],
          "ix":2
        },
        "a":{
          "a":0,
          "k":[
            145,
            258,
            0
          ],
          "ix":1
        },
        "s":{
          "a":0,
          "k":[
            100,
            100,
            100
          ],
          "ix":6
        }
      },
      "ao":0,
      "ip":60,
      "op":61,
      "st":60,
      "bm":0
    },
    {
      "ddd":0,
      "ind":62,
      "ty":2,
      "cl":"png",
      "refId":"img_61",
      "sr":1,
      "ks":{
        "o":{
          "a":0,
          "k":100,
          "ix":11
        },
        "r":{
          "a":0,
          "k":0,
          "ix":10
        },
        "p":{
          "a":0,
          "k":[
            145,
            258,
            0
          ],
          "ix":2
        },
        "a":{
          "a":0,
          "k":[
            145,
            258,
            0
          ],
          "ix":1
        },
        "s":{
          "a":0,
          "k":[
            100,
            100,
            100
          ],
          "ix":6
        }
      },
      "ao":0,
      "ip":61,
      "op":62,
      "st":61,
      "bm":0
    },
    {
      "ddd":0,
      "ind":63,
      "ty":2,
      "cl":"png",
      "refId":"img_62",
      "sr":1,
      "ks":{
        "o":{
          "a":0,
          "k":100,
          "ix":11
        },
        "r":{
          "a":0,
          "k":0,
          "ix":10
        },
        "p":{
          "a":0,
          "k":[
            145,
            258,
            0
          ],
          "ix":2
        },
        "a":{
          "a":0,
          "k":[
            145,
            258,
            0
          ],
          "ix":1
        },
        "s":{
          "a":0,
          "k":[
            100,
            100,
            100
          ],
          "ix":6
        }
      },
      "ao":0,
      "ip":62,
      "op":63,
      "st":62,
      "bm":0
    },
    {
      "ddd":0,
      "ind":64,
      "ty":2,
      "cl":"png",
      "refId":"img_63",
      "sr":1,
      "ks":{
        "o":{
          "a":0,
          "k":100,
          "ix":11
        },
        "r":{
          "a":0,
          "k":0,
          "ix":10
        },
        "p":{
          "a":0,
          "k":[
            145,
            258,
            0
          ],
          "ix":2
        },
        "a":{
          "a":0,
          "k":[
            145,
            258,
            0
          ],
          "ix":1
        },
        "s":{
          "a":0,
          "k":[
            100,
            100,
            100
          ],
          "ix":6
        }
      },
      "ao":0,
      "ip":63,
      "op":64,
      "st":63,
      "bm":0
    },
    {
      "ddd":0,
      "ind":65,
      "ty":2,
      "cl":"png",
      "refId":"img_64",
      "sr":1,
      "ks":{
        "o":{
          "a":0,
          "k":100,
          "ix":11
        },
        "r":{
          "a":0,
          "k":0,
          "ix":10
        },
        "p":{
          "a":0,
          "k":[
            145,
            258,
            0
          ],
          "ix":2
        },
        "a":{
          "a":0,
          "k":[
            145,
            258,
            0
          ],
          "ix":1
        },
        "s":{
          "a":0,
          "k":[
            100,
            100,
            100
          ],
          "ix":6
        }
      },
      "ao":0,
      "ip":64,
      "op":65,
      "st":64,
      "bm":0
    },
    {
      "ddd":0,
      "ind":66,
      "ty":2,
      "cl":"png",
      "refId":"img_65",
      "sr":1,
      "ks":{
        "o":{
          "a":0,
          "k":100,
          "ix":11
        },
        "r":{
          "a":0,
          "k":0,
          "ix":10
        },
        "p":{
          "a":0,
          "k":[
            145,
            258,
            0
          ],
          "ix":2
        },
        "a":{
          "a":0,
          "k":[
            145,
            258,
            0
          ],
          "ix":1
        },
        "s":{
          "a":0,
          "k":[
            100,
            100,
            100
          ],
          "ix":6
        }
      },
      "ao":0,
      "ip":65,
      "op":66,
      "st":65,
      "bm":0
    },
    {
      "ddd":0,
      "ind":67,
      "ty":2,
      "cl":"png",
      "refId":"img_66",
      "sr":1,
      "ks":{
        "o":{
          "a":0,
          "k":100,
          "ix":11
        },
        "r":{
          "a":0,
          "k":0,
          "ix":10
        },
        "p":{
          "a":0,
          "k":[
            145,
            258,
            0
          ],
          "ix":2
        },
        "a":{
          "a":0,
          "k":[
            145,
            258,
            0
          ],
          "ix":1
        },
        "s":{
          "a":0,
          "k":[
            100,
            100,
            100
          ],
          "ix":6
        }
      },
      "ao":0,
      "ip":66,
      "op":67,
      "st":66,
      "bm":0
    },
    {
      "ddd":0,
      "ind":68,
      "ty":2,
      "cl":"png",
      "refId":"img_67",
      "sr":1,
      "ks":{
        "o":{
          "a":0,
          "k":100,
          "ix":11
        },
        "r":{
          "a":0,
          "k":0,
          "ix":10
        },
        "p":{
          "a":0,
          "k":[
            145,
            258,
            0
          ],
          "ix":2
        },
        "a":{
          "a":0,
          "k":[
            145,
            258,
            0
          ],
          "ix":1
        },
        "s":{
          "a":0,
          "k":[
            100,
            100,
            100
          ],
          "ix":6
        }
      },
      "ao":0,
      "ip":67,
      "op":68,
      "st":67,
      "bm":0
    },
    {
      "ddd":0,
      "ind":69,
      "ty":2,
      "cl":"png",
      "refId":"img_68",
      "sr":1,
      "ks":{
        "o":{
          "a":0,
          "k":100,
          "ix":11
        },
        "r":{
          "a":0,
          "k":0,
          "ix":10
        },
        "p":{
          "a":0,
          "k":[
            145,
            258,
            0
          ],
          "ix":2
        },
        "a":{
          "a":0,
          "k":[
            145,
            258,
            0
          ],
          "ix":1
        },
        "s":{
          "a":0,
          "k":[
            100,
            100,
            100
          ],
          "ix":6
        }
      },
      "ao":0,
      "ip":68,
      "op":69,
      "st":68,
      "bm":0
    },
    {
      "ddd":0,
      "ind":70,
      "ty":2,
      "cl":"png",
      "refId":"img_69",
      "sr":1,
      "ks":{
        "o":{
          "a":0,
          "k":100,
          "ix":11
        },
        "r":{
          "a":0,
          "k":0,
          "ix":10
        },
        "p":{
          "a":0,
          "k":[
            145,
            258,
            0
          ],
          "ix":2
        },
        "a":{
          "a":0,
          "k":[
            145,
            258,
            0
          ],
          "ix":1
        },
        "s":{
          "a":0,
          "k":[
            100,
            100,
            100
          ],
          "ix":6
        }
      },
      "ao":0,
      "ip":69,
      "op":70,
      "st":69,
      "bm":0
    },
    {
      "ddd":0,
      "ind":71,
      "ty":2,
      "cl":"png",
      "refId":"img_70",
      "sr":1,
      "ks":{
        "o":{
          "a":0,
          "k":100,
          "ix":11
        },
        "r":{
          "a":0,
          "k":0,
          "ix":10
        },
        "p":{
          "a":0,
          "k":[
            145,
            258,
            0
          ],
          "ix":2
        },
        "a":{
          "a":0,
          "k":[
            145,
            258,
            0
          ],
          "ix":1
        },
        "s":{
          "a":0,
          "k":[
            100,
            100,
            100
          ],
          "ix":6
        }
      },
      "ao":0,
      "ip":70,
      "op":71,
      "st":70,
      "bm":0
    },
    {
      "ddd":0,
      "ind":72,
      "ty":2,
      "cl":"png",
      "refId":"img_71",
      "sr":1,
      "ks":{
        "o":{
          "a":0,
          "k":100,
          "ix":11
        },
        "r":{
          "a":0,
          "k":0,
          "ix":10
        },
        "p":{
          "a":0,
          "k":[
            145,
            258,
            0
          ],
          "ix":2
        },
        "a":{
          "a":0,
          "k":[
            145,
            258,
            0
          ],
          "ix":1
        },
        "s":{
          "a":0,
          "k":[
            100,
            100,
            100
          ],
          "ix":6
        }
      },
      "ao":0,
      "ip":71,
      "op":72,
      "st":71,
      "bm":0
    },
    {
      "ddd":0,
      "ind":73,
      "ty":2,
      "cl":"png",
      "refId":"img_72",
      "sr":1,
      "ks":{
        "o":{
          "a":0,
          "k":100,
          "ix":11
        },
        "r":{
          "a":0,
          "k":0,
          "ix":10
        },
        "p":{
          "a":0,
          "k":[
            145,
            258,
            0
          ],
          "ix":2
        },
        "a":{
          "a":0,
          "k":[
            145,
            258,
            0
          ],
          "ix":1
        },
        "s":{
          "a":0,
          "k":[
            100,
            100,
            100
          ],
          "ix":6
        }
      },
      "ao":0,
      "ip":72,
      "op":73,
      "st":72,
      "bm":0
    },
    {
      "ddd":0,
      "ind":74,
      "ty":2,
      "cl":"png",
      "refId":"img_73",
      "sr":1,
      "ks":{
        "o":{
          "a":0,
          "k":100,
          "ix":11
        },
        "r":{
          "a":0,
          "k":0,
          "ix":10
        },
        "p":{
          "a":0,
          "k":[
            145,
            258,
            0
          ],
          "ix":2
        },
        "a":{
          "a":0,
          "k":[
            145,
            258,
            0
          ],
          "ix":1
        },
        "s":{
          "a":0,
          "k":[
            100,
            100,
            100
          ],
          "ix":6
        }
      },
      "ao":0,
      "ip":73,
      "op":74,
      "st":73,
      "bm":0
    },
    {
      "ddd":0,
      "ind":75,
      "ty":2,
      "cl":"png",
      "refId":"img_74",
      "sr":1,
      "ks":{
        "o":{
          "a":0,
          "k":100,
          "ix":11
        },
        "r":{
          "a":0,
          "k":0,
          "ix":10
        },
        "p":{
          "a":0,
          "k":[
            145,
            258,
            0
          ],
          "ix":2
        },
        "a":{
          "a":0,
          "k":[
            145,
            258,
            0
          ],
          "ix":1
        },
        "s":{
          "a":0,
          "k":[
            100,
            100,
            100
          ],
          "ix":6
        }
      },
      "ao":0,
      "ip":74,
      "op":75,
      "st":74,
      "bm":0
    },
    {
      "ddd":0,
      "ind":76,
      "ty":2,
      "cl":"png",
      "refId":"img_75",
      "sr":1,
      "ks":{
        "o":{
          "a":0,
          "k":100,
          "ix":11
        },
        "r":{
          "a":0,
          "k":0,
          "ix":10
        },
        "p":{
          "a":0,
          "k":[
            145,
            258,
            0
          ],
          "ix":2
        },
        "a":{
          "a":0,
          "k":[
            145,
            258,
            0
          ],
          "ix":1
        },
        "s":{
          "a":0,
          "k":[
            100,
            100,
            100
          ],
          "ix":6
        }
      },
      "ao":0,
      "ip":75,
      "op":76,
      "st":75,
      "bm":0
    },
    {
      "ddd":0,
      "ind":77,
      "ty":2,
      "cl":"png",
      "refId":"img_76",
      "sr":1,
      "ks":{
        "o":{
          "a":0,
          "k":100,
          "ix":11
        },
        "r":{
          "a":0,
          "k":0,
          "ix":10
        },
        "p":{
          "a":0,
          "k":[
            145,
            258,
            0
          ],
          "ix":2
        },
        "a":{
          "a":0,
          "k":[
            145,
            258,
            0
          ],
          "ix":1
        },
        "s":{
          "a":0,
          "k":[
            100,
            100,
            100
          ],
          "ix":6
        }
      },
      "ao":0,
      "ip":76,
      "op":77,
      "st":76,
      "bm":0
    },
    {
      "ddd":0,
      "ind":78,
      "ty":2,
      "cl":"png",
      "refId":"img_77",
      "sr":1,
      "ks":{
        "o":{
          "a":0,
          "k":100,
          "ix":11
        },
        "r":{
          "a":0,
          "k":0,
          "ix":10
        },
        "p":{
          "a":0,
          "k":[
            145,
            258,
            0
          ],
          "ix":2
        },
        "a":{
          "a":0,
          "k":[
            145,
            258,
            0
          ],
          "ix":1
        },
        "s":{
          "a":0,
          "k":[
            100,
            100,
            100
          ],
          "ix":6
        }
      },
      "ao":0,
      "ip":77,
      "op":78,
      "st":77,
      "bm":0
    },
    {
      "ddd":0,
      "ind":79,
      "ty":2,
      "cl":"png",
      "refId":"img_78",
      "sr":1,
      "ks":{
        "o":{
          "a":0,
          "k":100,
          "ix":11
        },
        "r":{
          "a":0,
          "k":0,
          "ix":10
        },
        "p":{
          "a":0,
          "k":[
            145,
            258,
            0
          ],
          "ix":2
        },
        "a":{
          "a":0,
          "k":[
            145,
            258,
            0
          ],
          "ix":1
        },
        "s":{
          "a":0,
          "k":[
            100,
            100,
            100
          ],
          "ix":6
        }
      },
      "ao":0,
      "ip":78,
      "op":79,
      "st":78,
      "bm":0
    },
    {
      "ddd":0,
      "ind":80,
      "ty":2,
      "cl":"png",
      "refId":"img_79",
      "sr":1,
      "ks":{
        "o":{
          "a":0,
          "k":100,
          "ix":11
        },
        "r":{
          "a":0,
          "k":0,
          "ix":10
        },
        "p":{
          "a":0,
          "k":[
            145,
            258,
            0
          ],
          "ix":2
        },
        "a":{
          "a":0,
          "k":[
            145,
            258,
            0
          ],
          "ix":1
        },
        "s":{
          "a":0,
          "k":[
            100,
            100,
            100
          ],
          "ix":6
        }
      },
      "ao":0,
      "ip":79,
      "op":80,
      "st":79,
      "bm":0
    },
    {
      "ddd":0,
      "ind":81,
      "ty":2,
      "cl":"png",
      "refId":"img_80",
      "sr":1,
      "ks":{
        "o":{
          "a":0,
          "k":100,
          "ix":11
        },
        "r":{
          "a":0,
          "k":0,
          "ix":10
        },
        "p":{
          "a":0,
          "k":[
            145,
            258,
            0
          ],
          "ix":2
        },
        "a":{
          "a":0,
          "k":[
            145,
            258,
            0
          ],
          "ix":1
        },
        "s":{
          "a":0,
          "k":[
            100,
            100,
            100
          ],
          "ix":6
        }
      },
      "ao":0,
      "ip":80,
      "op":81,
      "st":80,
      "bm":0
    },
    {
      "ddd":0,
      "ind":82,
      "ty":2,
      "cl":"png",
      "refId":"img_81",
      "sr":1,
      "ks":{
        "o":{
          "a":0,
          "k":100,
          "ix":11
        },
        "r":{
          "a":0,
          "k":0,
          "ix":10
        },
        "p":{
          "a":0,
          "k":[
            145,
            258,
            0
          ],
          "ix":2
        },
        "a":{
          "a":0,
          "k":[
            145,
            258,
            0
          ],
          "ix":1
        },
        "s":{
          "a":0,
          "k":[
            100,
            100,
            100
          ],
          "ix":6
        }
      },
      "ao":0,
      "ip":81,
      "op":82,
      "st":81,
      "bm":0
    },
    {
      "ddd":0,
      "ind":83,
      "ty":2,
      "cl":"png",
      "refId":"img_82",
      "sr":1,
      "ks":{
        "o":{
          "a":0,
          "k":100,
          "ix":11
        },
        "r":{
          "a":0,
          "k":0,
          "ix":10
        },
        "p":{
          "a":0,
          "k":[
            145,
            258,
            0
          ],
          "ix":2
        },
        "a":{
          "a":0,
          "k":[
            145,
            258,
            0
          ],
          "ix":1
        },
        "s":{
          "a":0,
          "k":[
            100,
            100,
            100
          ],
          "ix":6
        }
      },
      "ao":0,
      "ip":82,
      "op":83,
      "st":82,
      "bm":0
    },
    {
      "ddd":0,
      "ind":84,
      "ty":2,
      "cl":"png",
      "refId":"img_83",
      "sr":1,
      "ks":{
        "o":{
          "a":0,
          "k":100,
          "ix":11
        },
        "r":{
          "a":0,
          "k":0,
          "ix":10
        },
        "p":{
          "a":0,
          "k":[
            145,
            258,
            0
          ],
          "ix":2
        },
        "a":{
          "a":0,
          "k":[
            145,
            258,
            0
          ],
          "ix":1
        },
        "s":{
          "a":0,
          "k":[
            100,
            100,
            100
          ],
          "ix":6
        }
      },
      "ao":0,
      "ip":83,
      "op":84,
      "st":83,
      "bm":0
    },
    {
      "ddd":0,
      "ind":85,
      "ty":2,
      "cl":"png",
      "refId":"img_84",
      "sr":1,
      "ks":{
        "o":{
          "a":0,
          "k":100,
          "ix":11
        },
        "r":{
          "a":0,
          "k":0,
          "ix":10
        },
        "p":{
          "a":0,
          "k":[
            145,
            258,
            0
          ],
          "ix":2
        },
        "a":{
          "a":0,
          "k":[
            145,
            258,
            0
          ],
          "ix":1
        },
        "s":{
          "a":0,
          "k":[
            100,
            100,
            100
          ],
          "ix":6
        }
      },
      "ao":0,
      "ip":84,
      "op":85,
      "st":84,
      "bm":0
    },
    {
      "ddd":0,
      "ind":86,
      "ty":2,
      "cl":"png",
      "refId":"img_85",
      "sr":1,
      "ks":{
        "o":{
          "a":0,
          "k":100,
          "ix":11
        },
        "r":{
          "a":0,
          "k":0,
          "ix":10
        },
        "p":{
          "a":0,
          "k":[
            145,
            258,
            0
          ],
          "ix":2
        },
        "a":{
          "a":0,
          "k":[
            145,
            258,
            0
          ],
          "ix":1
        },
        "s":{
          "a":0,
          "k":[
            100,
            100,
            100
          ],
          "ix":6
        }
      },
      "ao":0,
      "ip":85,
      "op":86,
      "st":85,
      "bm":0
    }
  ],
  "markers":[
    
  ]
}